{
	"format_version": "1.8.0",
	"render_controllers": {
		"controller.render.ak101": {
			"geometry": "geometry.ak101",
			"materials": [
				{
					"*": "material.glow"
				},
				{
					"muzzleflashfront": "material.glow"
				},
				{
					"muzzlestar": "material.glow"
				}
			],
			"textures": [
				"texture.ak101"
			],
			"part_visibility": [
				{
					"*": true
				},
				{
					"muzzleflashfront": false
				},
				{
					"muzzlestar": false
				},
				{
					"HeavyStock": "q.property('krep:ak101stock') == 'heavystock'"
				},
				{
					"Stock2": "q.property('krep:ak101stock') == 'nothing'"
				},
				{
					"XRS74YG": "q.property('krep:ak101scope') != 2"
				},
				{
					"holo2": "q.property('krep:ak101scope') == 3"
				},
				{
					"side3": "q.property('krep:ak101scope') == 3"
				},
				{
					"side4": "q.property('krep:ak101scope') == 3"
				},
				{
					"retikel2": "q.property('krep:ak101scope') == 3"
				},
				{
					"acog": "q.property('krep:ak101scope') == 1"
				},
				{
					"nfscope": "q.property('krep:ak101scope') == 0"
				},
				{
					"LongBarrel": "q.property('krep:ak101barrel') == 'nothing'"
				},
				{
					"FrontSight3": "q.property('krep:ak101barrel') == 'nothing'"
				},
				{
					"GasBlock3": "q.property('krep:ak101barrel') == 'nothing'"
				},
				{
					"bone10": "q.property('krep:ak101barrel') == 'nothing'"
				},
				{
					"bone11": "q.property('krep:ak101barrel') == 'nothing'"
				},
				{
					"HeavyBarrel": "q.property('krep:ak101barrel') == 'hb'"
				},
				{
					"FrontSight2": "q.property('krep:ak101barrel') == 'hb'"
				},
				{
					"GasBlock2": "q.property('krep:ak101barrel') == 'hb'"
				},
				{
					"bone5": "q.property('krep:ak101barrel') == 'hb'"
				},
				{
					"bone6": "q.property('krep:ak101barrel') == 'hb'"
				},
				{
					"ShortBarrel": "q.property('krep:ak101barrel') == 'sb'"
				},
				{
					"bone17": "q.property('krep:ak101barrel') == 'sb'"
				},
				{
					"bone13": "q.property('krep:ak101barrel') == 'sb'"
				},
				{
					"bone15": "q.property('krep:ak101barrel') == 'sb'"
				},
				{
					"bone16": "q.property('krep:ak101barrel') == 'sb'"
				},
				{
					"bone14": "q.property('krep:ak101barrel') == 'sb'"
				},
				{
					"Handguard2": "q.property('krep:ak101scope') == 2"
				},
				{
					"bone7": "q.property('krep:ak101scope') == 2"
				},
				{
					"Bipod": "q.property('krep:ak101grip') == 'bipod'"
				},
				{
					"BipodRight": "q.property('krep:ak101grip') == 'bipod'"
				},
				{
					"BipodLeft": "q.property('krep:ak101grip') == 'bipod'"
				}
			],
			"is_hurt_color": {
				"r": 0,
				"g": 0,
				"b": 0,
				"a": 0
			},
			"on_fire_color": {
				"r": 0,
				"g": 0,
				"b": 0,
				"a": 0
			}
		}
	}
}