{
	"format_version": "1.8.0",
	"render_controllers": {
		"controller.render.pm3": {
			"geometry": "geometry.pm3",
			"materials": [
				{
					"*": "material.glow"
				},
				{
					"muzzleflashfront": "material.glow"
				},
				{
					"muzzlestar": "material.glow"
				}
			],
			"part_visibility": [
				{
					"bone66": "q.property('krep:pm3scope') == 2"
				},
				{
					"bone18": "q.property('krep:pm3scope') == 2"
				},
				{
					"bone14": "q.property('krep:pm3scope') == 2"
				},
				{
					"holo2": "q.property('krep:pm3scope') == 1"
				},
				{
					"side3": "q.property('krep:pm3scope') == 1"
				},
				{
					"side4": "q.property('krep:pm3scope') == 1"
				},
				{
					"retikel2": "q.property('krep:pm3scope') == 1"
				},
				{
					"acog": "q.property('krep:pm3scope') == 0"
				}
			],
			"textures": [
				"texture.pm3"
			],
			"is_hurt_color": {
				"r": 0,
				"g": 0,
				"b": 0,
				"a": 0
			},
			"on_fire_color": {
				"r": 0,
				"g": 0,
				"b": 0,
				"a": 0
			}
		}
	}
}