{
	"format_version": "1.8.0",
	"render_controllers": {
		"controller.render.ss2v1": {
			"geometry": "geometry.ss2v1",
			"materials": [
				{
					"*": "material.guns"
				},
				{
					"muzzleflashfront": "material.glow"
				},
				{
					"muzzlestar": "material.glow"
				}
			],
			"textures": [
				"texture.ss2v1"
			],
			"part_visibility": [
				{
					"*": true
				},
				{
					"muzzleflashfront": false
				},
				{
					"muzzlestar": false
				},
				{
					"srsuppress": "q.property('krep:ss2muzzle') == 'srsuppress'"
				},
				{
					"bone14": "q.property('krep:ss2scope') == 2"
				},
				{
					"bone": "q.property('krep:ss2scope') == 2"
				},
				{
					"bone4": "q.property('krep:ss2stock') == 'nothing'"
				},
				{
					"bone6": "q.property('krep:ss2grip') == 'nothing' && q.property('krep:ss2scope') != 4"
				},
				{
					"bone19": "q.property('krep:ss2grip') == 'nothing' && q.property('krep:ss2scope') != 4"
				},
				{
					"grip": "q.property('krep:ss2grip') == 'tacgrip'"
				},
				{
					"bipod": "q.property('krep:ss2grip') == 'bipod'"
				},
				{
					"spg2": "q.property('krep:ss2grip') == 'spg2'"
				},
				{
					"glslide": "q.property('krep:ss2grip') == 'spg2'"
				},
				{
					"40mm": "q.property('krep:ss2grip') == 'spg2'"
				},
				{
					"proyektil": "q.property('krep:ss2grip') == 'spg2'"
				},
				{
					"mlokdefault": "q.property('krep:ss2barrel') != 'karbin' && (q.property('krep:ss2grip') != 'nothing' || q.property('krep:ss2scope') == 4)"
				},
				{
					"mlokkarbin": "q.property('krep:ss2barrel') == 'karbin' && (q.property('krep:ss2grip') != 'nothing' || q.property('krep:ss2scope') == 4)"
				},
				{
					"hb": "q.property('krep:ss2barrel') == 'hb'"
				},
				{
					"bone21": "q.property('krep:ss2barrel') == 'karbin' && q.property('krep:ss2scope') == 2"
				},
				{
					"bone8": "q.property('krep:ss2barrel') == 'karbin' && q.property('krep:ss2grip') == 'nothing'"
				},
				{
					"bone9": "q.property('krep:ss2barrel') == 'karbin' && q.property('krep:ss2grip') == 'nothing'"
				},
				{
					"holo2": "q.property('krep:ss2scope') == 3"
				},
				{
					"side3": "q.property('krep:ss2scope') == 3"
				},
				{
					"side4": "q.property('krep:ss2scope') == 3"
				},
				{
					"retikel2": "q.property('krep:ss2scope') == 3"
				},
				{
					"telestock": "q.property('krep:ss2stock') == 'telestock'"
				},
				{
					"acog": "q.property('krep:ss2scope') == 1"
				},
				{
					"nfscope": "q.property('krep:ss2scope') == 0"
				},
				{
					"pisir": "q.property('krep:ss2scope') == 4"
				},
				{
					"bone29": "q.property('krep:ss2scope') == 4"
				},
				{
					"pijera": "q.property('krep:ss2barrel') != 'karbin' && q.property('krep:ss2scope') == 4"
				},
				{
					"pijera2": "q.property('krep:ss2barrel') == 'karbin' && q.property('krep:ss2scope') == 4"
				}
			],
			"is_hurt_color": {
				"r": 0,
				"g": 0,
				"b": 0,
				"a": 0
			},
			"on_fire_color": {
				"r": 0,
				"g": 0,
				"b": 0,
				"a": 0
			}
		}
	}
}