{
	"format_version": "1.10.0",
	"animation_controllers": {
		"controller.animation.gunsetup": {
			"initial_state": "setup",
			"states": {
				"setup": {
					"animations": [
						"ss2v1",
						"ss2scope",
						"ss1v1",
						"ss1scope",
						"pm3",
						"pm3reloading",
						"minimi",
						"minimireloading",
						"minimiscope",
						"ak101scope",
						"ak101reloading",
						"ak101",
						"d5",
						"d5scope",
						"spr2",
						"spr2scope",
						"ballista",
						"deagle",
						"ballistascope",
						"ss2v1reloading",
						"ss1v1reloading",
						"d5reloading",
						"127mm",
						"128mm",
						"129mm"
					]
				}
			}
		}
	}
}