{
	"format_version": "1.10.0",
	"animation_controllers": {
		"controller.animation.ballista.fp": {
			"initial_state": "hold",
			"states": {
				"hold": {
					"blend_transition": 0.1,
					"blend_via_shortest_path": true,
					"animations": [
						{
							"ballista_fp_hold": "variable.ballista"
						}
					],
					"transitions": [
						{
							"sprint": "variable.ballista&&query.is_sprinting&&!q.is_using_item"
						},
						{
							"reload": "variable.ballistaemp&&query.mark_variant==1"
						},
						{
							"shoot.nsight": "variable.ballistab&&query.is_using_item"
						},
						{
							"hold": "!variable.ballista"
						}
					]
				},
				"sprint": {
					"blend_transition": 0.1,
					"blend_via_shortest_path": true,
					"animations": [
						{
							"ballista_fp_sprint": "variable.ballista"
						}
					],
					"transitions": [
						{
							"hold": "variable.ballista&&!query.is_sprinting"
						},
						{
							"hold": "variable.ballista&&q.is_using_item"
						},
						{
							"reload": "variable.ballistaemp&&query.mark_variant==1"
						},
						{
							"hold": "!variable.ballista"
						},
						{
							"shoot.nsight": "variable.ballistab&&query.is_using_item"
						}
					]
				},
				"reload": {
					"blend_transition": 0.1,
					"blend_via_shortest_path": true,
					"animations": [
						{
							"ballista_fp_reload": "variable.ballista"
						}
					],
					"transitions": [
						{
							"kokang": "variable.ballista&&query.all_animations_finished"
						},
						{
							"hold": "!variable.ballista"
						}
					]
				},
				"shoot.nsight": {
					"animations": [
						{
							"ballista_fp_shoot_nsight": "variable.ballista"
						}
					],
					"transitions": [
						{
							"hold": "variable.ballistaemp"
						},
						{
							"kokang": "variable.ballistab&&query.all_animations_finished"
						},
						{
							"hold": "!variable.ballista"
						}
					]
				},
				"kokang": {
					"animations": [
						{
							"ballista_fp_kokang": "variable.ballista"
						}
					],
					"transitions": [
						{
							"hold": "variable.ballista&&query.all_animations_finished&&!query.is_using_item"
						},
						{
							"hold": "!variable.ballista"
						}
					]
				}
			}
		},
		"controller.animation.ballista.tp": {
			"initial_state": "hold",
			"states": {
				"hold": {
					"animations": [
						{
							"ballista_tp_hold": "variable.ballista"
						}
					],
					"transitions": [
						{
							"scope": "variable.ballistab&&query.is_sneaking"
						}
					]
				},
				"scope": {
					"animations": [
						{
							"ballista_tp_scope": "variable.ballista"
						}
					],
					"transitions": [
						{
							"hold": "variable.ballistaemp"
						},
						{
							"hold": "variable.ballistab&&!query.is_sneaking"
						},
						{
							"hold": "!variable.ballista"
						}
					]
				}
			}
		},
		"controller.animation.gunwalking.ballista": {
			"initial_state": "setup",
			"states": {
				"setup": {
					"blend_transition": 0.1,
					"blend_via_shortest_path": true,
					"animations": [
						{
							"gunwalk_delay": "variable.ballista"
						}
					],
					"transitions": [
						{
							"walking": "variable.ballista&&query.is_moving&&!q.is_sneaking&&q.any_animation_finished"
						}
					]
				},
				"walking": {
					"blend_transition": 0.5,
					"blend_via_shortest_path": true,
					"animations": [
						{
							"gunwalk": "variable.ballista"
						}
					],
					"transitions": [
						{
							"setup": "!query.is_moving"
						},
						{
							"setup": "!variable.ballista"
						},
						{
							"setup": "q.is_sneaking"
						}
					]
				}
			}
		}
	}
}