{
	"kill": {
		"category": "hostile",
		"sounds": [
			"sounds/kill"
		]
	},
	"scarl": {
		"category": "hostile",
		"sounds": [
			"sounds/guns/scarl"
		]
	},
	"ballista.shoot": {
		"category": "hostile",
		"sounds": [
			"sounds/guns/ballista/ballista"
		]
	},
	"ballista.reload": {
		"category": "hostile",
		"sounds": [
			"sounds/guns/ballista/ballistareload"
		]
	},
	"ballista_boltback": {
		"category": "hostile",
		"sounds": [
			"sounds/guns/ballista/ballista_boltback"
		]
	},
	"ballista_boltforward": {
		"category": "hostile",
		"sounds": [
			"sounds/guns/ballista/ballista_boltforward"
      ]
	},
	"ballista.inspect": {
		"category": "hostile",
		"sounds": [
			"sounds/guns/ballista/inspect"
      ]
	},
	"ballista.draw": {
		"category": "hostile",
		"sounds": [
			"sounds/guns/ballista/draw"
		]
	},
	"hatihati": {
		"category": "hostile",
		"sounds": [
			"sounds/fx/hatihati"
		]
	},
	"tetapbersama": {
		"category": "hostile",
		"sounds": [
			"sounds/fx/tetapbersama"
		]
	},
	"sabar": {
		"category": "hostile",
		"sounds": [
			"sounds/fx/sabar"
		]
	},
	"akubutuhsenapan": {
		"category": "hostile",
		"sounds": [
			"sounds/fx/akubutuhsenapan"
		]
	},
	"maju": {
		"category": "hostile",
		"sounds": [
			"sounds/fx/maju"
		]
	},
	"musuhterlihat": {
		"category": "hostile",
		"sounds": [
			"sounds/fx/musuhterlihat"
		]
	},
	"pantek": {
		"category": "hostile",
		"sounds": [
			"sounds/fx/pantek"
		]
	},
	"ss2v1.shoot": {
		"category": "hostile",
		"sounds": [
			"sounds/guns/ss2v1/shoot"
		]
	},
	"ss2v1.spg2": {
		"category": "hostile",
		"sounds": [
			"sounds/guns/ss2v1/spg2"
		]
	},
	"ss2v1.glslide": {
		"category": "hostile",
		"sounds": [
			"sounds/guns/ss2v1/glslide"
		]
	},
	"ss2v1.glslide1": {
		"category": "hostile",
		"sounds": [
			"sounds/guns/ss2v1/glslide1"
		]
	},
	"ss2v1.glinsert": {
		"category": "hostile",
		"sounds": [
			"sounds/guns/ss2v1/insert"
		]
	},
	"ss2v1.suppress": {
		"category": "hostile",
		"sounds": [
			"sounds/guns/ss2v1/suppressor"
		]
	},
	"minimi.shoot": {
		"category": "hostile",
		"sounds": [
			"sounds/guns/minimi/shoot"
		]
	},
	"aug.shoot": {
		"category": "hostile",
		"sounds": [
			"sounds/guns/aug/shoot"
		]
	},
	"ifar22.shoot": {
		"category": "hostile",
		"sounds": [
			"sounds/guns/ifar22/shoot"
		]
	},
	"ss1v1.shoot": {
		"category": "hostile",
		"sounds": [
			"sounds/guns/ss1v1/shoot"
		]
	},
	"ss2blackout.shoot": {
		"category": "hostile",
		"sounds": [
			"sounds/guns/ss2v1/blackout"
		]
	},
	"d7ch.shoot": {
		"category": "hostile",
		"sounds": [
			"sounds/guns/d7ch/shoot"
		]
	},
	"ss2v1.magless": {
		"category": "hostile",
		"sounds": [
			"sounds/guns/ss2v1/magless"
		]
	},
	"ss2v1.inspect": {
		"category": "hostile",
		"sounds": [
			"sounds/guns/ss2v1/inspect"
		]
	},
	"ss2v1.draw": {
		"category": "hostile",
		"sounds": [
			"sounds/guns/ss2v1/draw"
		]
	},
	"ss2v1.kokang": {
		"category": "hostile",
		"sounds": [
			"sounds/guns/ss2v1/kokang"
		]
	},
	"ak101.magless": {
		"category": "hostile",
		"sounds": [
			"sounds/guns/ak101/magless"
		]
	},
	"ak101.inspect": {
		"category": "hostile",
		"sounds": [
			"sounds/guns/ak101/inspect"
		]
	},
	"ak101.draw": {
		"category": "hostile",
		"sounds": [
			"sounds/guns/ak101/draw"
		]
	},
	"ak101.shoot": {
		"category": "hostile",
		"sounds": [
			"sounds/guns/ak101/shoot"
		]
	},
	"ak101.kokang": {
		"category": "hostile",
		"sounds": [
			"sounds/guns/ak101/kokang"
		]
	},
	"deagle.magless": {
		"category": "hostile",
		"sounds": [
			"sounds/guns/deagle/magless"
		]
	},
	"deagle.inspect": {
		"category": "hostile",
		"sounds": [
			"sounds/guns/deagle/inspect"
		]
	},
	"deagle.draw": {
		"category": "hostile",
		"sounds": [
			"sounds/guns/deagle/draw"
		]
	},
	"deagle.shoot": {
		"category": "hostile",
		"sounds": [
			"sounds/guns/deagle/shoot"
		]
	},
	"ss2v1.stock": {
		"category": "hostile",
		"sounds": [
			"sounds/guns/ss2v1/stock"
		]
	},
	"ss2v5.shoot": {
		"category": "hostile",
		"sounds": [
			"sounds/guns/ss2v5/shoot"
		]
	},
	"ss2v5.magless": {
		"category": "hostile",
		"sounds": [
			"sounds/guns/ss2v5/magless"
		]
	},
	"ss2v5.magin": {
		"category": "hostile",
		"sounds": [
			"sounds/guns/ss2v5/magin"
		]
	},
	"spr2.shoot": {
		"category": "hostile",
		"sounds": [
			"sounds/guns/spr2/shoot"
		]
	},
	"spr2.kokangfirst": {
		"category": "hostile",
		"sounds": [
			"sounds/guns/spr2/kokangfirst"
		]
	},
	"spr2.kokangmid": {
		"category": "hostile",
		"sounds": [
			"sounds/guns/spr2/kokangmid"
		]
	},
	"spr2.kokangfinish": {
		"category": "hostile",
		"sounds": [
			"sounds/guns/spr2/kokangfinish"
		]
	},
	"spr2.magless": {
		"category": "hostile",
		"sounds": [
			"sounds/guns/spr2/magless"
		]
	},
	"spr2.magin": {
		"category": "hostile",
		"sounds": [
			"sounds/guns/spr2/magin"
		]
	},
	"spr2.inspect": {
		"category": "hostile",
		"sounds": [
			"sounds/guns/spr2/inspect"
		]
	},
	"d7ch.magless": {
		"category": "hostile",
		"sounds": [
			"sounds/guns/d7ch/magless"
		]
	},
	"d7ch.magin": {
		"category": "hostile",
		"sounds": [
			"sounds/guns/d7ch/magin"
		]
	},
	"d7ch.kokang2": {
		"category": "hostile",
		"sounds": [
			"sounds/guns/d7ch/kokang2"
		]
	},
	"d7ch.kokang1": {
		"category": "hostile",
		"sounds": [
			"sounds/guns/d7ch/kokang1"
		]
	},
	"spr2.draw": {
		"category": "hostile",
		"sounds": [
			"sounds/guns/spr2/draw"
		]
	},
	"spr2.magslap": {
		"category": "hostile",
		"sounds": [
			"sounds/guns/spr2/magslap"
		]
	},
	"d5.shoot": {
		"category": "hostile",
		"sounds": [
			"sounds/guns/d5/shoot"
		]
	},
	"d5.blackout": {
		"category": "hostile",
		"sounds": [
			"sounds/guns/d5/blackout"
		]
	},
	"d5.suppress": {
		"category": "hostile",
		"sounds": [
			"sounds/guns/d5/suppress"
		]
	},
	"d5.suppressblackout": {
		"category": "hostile",
		"sounds": [
			"sounds/guns/d5/suppressblackout"
		]
	},
	"d7.shoot": {
		"category": "hostile",
		"sounds": [
			"sounds/guns/d5/d7"
		]
	},
	"pm3.shoot": {
		"category": "hostile",
		"sounds": [
			"sounds/guns/pm3/shoot"
		]
	},
	"d5.magless": {
		"category": "hostile",
		"sounds": [
			"sounds/guns/d5/magless"
		]
	},
	"d5.inspect": {
		"category": "hostile",
		"sounds": [
			"sounds/guns/d5/inspect"
		]
	},
	"pm3.magless": {
		"category": "hostile",
		"sounds": [
			"sounds/guns/pm3/magless"
		]
	},
	"pm3.draw": {
		"category": "hostile",
		"sounds": [
			"sounds/guns/pm3/draw"
     ]
	},
	"pm3.inspect": {
		"category": "hostile",
		"sounds": [
			"sounds/guns/pm3/inspect"
     ]
	},
	"pm3.reload": {
		"category": "hostile",
		"sounds": [
			"sounds/guns/pm3/reload"
		]
	},
	"ss1v1.draw": {
		"category": "hostile",
		"sounds": [
			"sounds/guns/ss1v1/draw"
		]
	},
	"ss1v1.magless": {
		"category": "hostile",
		"sounds": [
			"sounds/guns/ss1v1/magless"
		]
	},
	"ss1v1.inspect": {
		"category": "hostile",
		"sounds": [
			"sounds/guns/ss1v1/inspect"
		]
	},
	"aug.magin": {
		"category": "hostile",
		"sounds": [
			"sounds/guns/aug/magin"
		]
	},
	"aug.kokang1": {
		"category": "hostile",
		"sounds": [
			"sounds/guns/aug/kokang1"
		]
	},
	"aug.kokang2": {
		"category": "hostile",
		"sounds": [
			"sounds/guns/aug/kokang2"
		]
	},
	"d5.draw": {
		"category": "hostile",
		"sounds": [
			"sounds/guns/d5/draw"
		]
	},
	"minimi.kokang": {
		"category": "hostile",
		"sounds": [
			"sounds/guns/minimi/kokang"
		]
	},
	"minimi.draw": {
		"category": "hostile",
		"sounds": [
			"sounds/guns/minimi/draw"
		]
	},
	"minimi.shoot": {
		"category": "hostile",
		"sounds": [
			"sounds/guns/minimi/shoot"
		]
	},
	"minimi.magless": {
		"category": "hostile",
		"sounds": [
			"sounds/guns/minimi/magless"
		]
	},
	"minimi.inspect": {
		"category": "hostile",
		"sounds": [
			"sounds/guns/minimi/inspect"
		]
	},
	"minimi.bullet": {
		"category": "hostile",
		"sounds": [
			"sounds/guns/minimi/bullet"
		]
	},
	"g2elite.shoot": {
		"category": "hostile",
		"sounds": [
			"sounds/guns/g2elite/shoot"
		]
	},
	"g2elite.magless": {
		"category": "hostile",
		"sounds": [
			"sounds/guns/g2elite/magless"
		]
	},
	"g2elite.magin": {
		"category": "hostile",
		"sounds": [
			"sounds/guns/g2elite/magin"
		]
	},
	"g2elite.slide": {
		"category": "hostile",
		"sounds": [
			"sounds/guns/g2elite/slide"
		]
	}
}