{
	"format_version": "1.10.0",
	"animation_controllers": {
		"controller.animation.deagle": {
			"initial_state": "setup",
			"states": {
				"setup": {
					"transitions": [
						{
							"deagle.8": "query.get_equipped_item_name=='deagle'&&query.is_using_item"
						},
						{
							"reload": "query.get_equipped_item_name=='deagle_emp'&&query.mark_variant==3&&q.is_using_item"
						}
					]
				},
				"deagle.8": {
					"animations": [
						"deagleshoot"
					],
					"transitions": [
						{
							"delay.7": "query.all_animations_finished&&!query.is_using_item||query.get_equipped_item_name!='deagle'"
						}
					],
					"on_entry": [
						"@s krep:deagle_fire",
						"/title @s actionbar \n------\n§l 7/8 ",
						"/playsound deagle.shoot @a[r=250]"
					]
				},
				"delay.7": {
					"transitions": [
						{
							"deagle.6": "query.get_equipped_item_name=='deagle'&&query.is_using_item"
						}
					]
				},
				"deagle.7": {
					"animations": [
						"deagleshoot"
					],
					"transitions": [
						{
							"delay.6": "query.all_animations_finished&&!query.is_using_item||query.get_equipped_item_name!='deagle'"
						}
					],
					"on_entry": [
						"@s krep:deagle_fire",
						"/title @s actionbar \n------\n§l 6/8 ",
						"/playsound deagle.shoot @a[r=250]"
					]
				},
				"delay.6": {
					"transitions": [
						{
							"deagle.6": "query.get_equipped_item_name=='deagle'&&query.is_using_item"
						}
					]
				},
				"deagle.6": {
					"animations": [
						"deagleshoot"
					],
					"transitions": [
						{
							"delay.5": "query.all_animations_finished&&!query.is_using_item||query.get_equipped_item_name!='deagle'"
						}
					],
					"on_entry": [
						"@s krep:deagle_fire",
						"/title @s actionbar \n------\n§l 5/8 ",
						"/playsound deagle.shoot @a[r=250]"
					]
				},
				"delay.5": {
					"transitions": [
						{
							"deagle.5": "query.get_equipped_item_name=='deagle'&&query.is_using_item"
						}
					]
				},
				"deagle.5": {
					"animations": [
						"deagleshoot"
					],
					"transitions": [
						{
							"delay.4": "query.all_animations_finished&&!query.is_using_item||query.get_equipped_item_name!='deagle'"
						}
					],
					"on_entry": [
						"@s krep:deagle_fire",
						"/title @s actionbar \n------\n§l 4/8 ",
						"/playsound deagle.shoot @a[r=250]"
					]
				},
				"delay.4": {
					"transitions": [
						{
							"deagle.4": "query.get_equipped_item_name=='deagle'&&query.is_using_item"
						}
					]
				},
				"deagle.4": {
					"animations": [
						"deagleshoot"
					],
					"transitions": [
						{
							"delay.3": "query.all_animations_finished&&!query.is_using_item||query.get_equipped_item_name!='deagle'"
						}
					],
					"on_entry": [
						"@s krep:deagle_fire",
						"/title @s actionbar \n------\n§l 3/8 ",
						"/playsound deagle.shoot @a[r=250]"
					]
				},
				"delay.3": {
					"transitions": [
						{
							"deagle.3": "query.get_equipped_item_name=='deagle'&&query.is_using_item"
						}
					]
				},
				"deagle.3": {
					"animations": [
						"deagleshoot"
					],
					"transitions": [
						{
							"delay.2": "query.all_animations_finished&&!query.is_using_item||query.get_equipped_item_name!='deagle'"
						}
					],
					"on_entry": [
						"@s krep:deagle_fire",
						"/title @s actionbar \n------\n§l 2/8 ",
						"/playsound deagle.shoot @a[r=250]"
					]
				},
				"delay.2": {
					"transitions": [
						{
							"deagle.2": "query.get_equipped_item_name=='deagle'&&query.is_using_item"
						}
					]
				},
				"deagle.2": {
					"animations": [
						"deagleshoot"
					],
					"transitions": [
						{
							"delay.1": "query.all_animations_finished&&!query.is_using_item||query.get_equipped_item_name!='deagle'"
						}
					],
					"on_entry": [
						"@s krep:deagle_fire",
						"/title @s actionbar \n------\n§l 1/8 ",
						"/playsound deagle.shoot @a[r=250]"
					]
				},
				"delay.1": {
					"transitions": [
						{
							"deagle.1": "query.get_equipped_item_name=='deagle'&&query.is_using_item"
						}
					]
				},
				"deagle.1": {
					"animations": [
						"deagleshoot"
					],
					"transitions": [
						{
							"deagle.0": "query.all_animations_finished&&!q.is_using_item"
						}
					],
					"on_entry": [
						"@s krep:deagle_fire",
						"/title @s actionbar \n------\n§l0/8",
						"/replaceitem entity @s slot.weapon.mainhand 0 krep:deagle_emp 1 0",
						"/playsound deagle.shoot @a[r=250]"
					]
				},
				"deagle.0": {
					"transitions": [
						{
							"setup": "query.get_equipped_item_name=='deagle'"
						},
						{
							"reload": "query.get_equipped_item_name=='deagle_emp'&&query.mark_variant==3&&q.is_using_item"
						}
					]
				},
				"reload": {
					"animations": [
						{
							"deaglereload": "query.get_equipped_item_name('main_hand')=='deagle_emp' || query.get_equipped_item_name('main_hand')=='deagle'"
						}
					],
					"on_entry": [
						"@s krep:reload"
					],
					"on_exit": [
						"@s krep:noreload"
					],
					"transitions": [
						{
							"deagle.0": "query.get_equipped_item_name!='deagle_emp'||query.all_animations_finished"
						}
					]
				}
			}
		}
	}
}