{
  "format_version": "1.20.30",
  "minecraft:item": {
    "description": {
      "identifier": "krep:minimi_emp",
      "menu_category": {
        "category": "equipment"
      }
    },
    "components": {
      "minecraft:stacked_by_data": true,
      "minecraft:hand_equipped": true,
      "minecraft:max_stack_size": 1,
      "minecraft:use_duration": 999999,
      "minecraft:can_destroy_in_creative": false,
      "minecraft:food": {
        "can_always_eat": true
      },
      "minecraft:cooldown": {
        "category": "chorusfruit",
        "duration": 0
      },
      "minecraft:icon": {
        "texture": "minimi"
      },
      "minecraft:display_name": {
        "value": "M249 Machine-gun\n§ICut anything down in your way§f\n§e§l5.56×45 Bullet§r\n§f§7Type: §sMachine-gun\n§f§7Fire Mode: §sfull-Auto\n§f§7Bullets: §s100\n\n§o§1TAC Zero Default Pack"
      },
      "minecraft:creative_category": {
        "parent": "equipment"
      },
      "minecraft:chargeable": {
        "movement_modifier": 1.0
      }
    }
  }
}