{
	"format_version": "1.13",
	"minecraft:entity": {
		"description": {
			"identifier": "bullet:ak101nsight",
			"is_spawnable": false,
			"is_summonable": true,
			"is_experimental": false,
			"runtime_identifier": "minecraft:snowball"
		},
		"component_groups": {
			"bullet:normal": {
				"minecraft:projectile": {
					"on_hit": {
						"impact_damage": {
							"damage": 86,
							"knockback": false
						},
						"remove_on_hit": {}
					},
					"uncertaintyBase": 7.2,
					"power": 20,
					"offset": [
						0,
						0,
						0
					],
					"liquid_inertia": 0.0001,
					"inertia": 1,
					"should_bounce": true,
					"gravity": 0.15,
					"anchor": 1
				}
			},
			"bullet:hb": {
				"minecraft:projectile": {
					"on_hit": {
						"impact_damage": {
							"damage": 88,
							"knockback": false
						},
						"remove_on_hit": {}
					},
					"uncertaintyBase": 8.6,
					"power": 40,
					"offset": [
						0,
						0,
						0
					],
					"liquid_inertia": 0.0001,
					"inertia": 1,
					"should_bounce": true,
					"gravity": 0.025,
					"anchor": 1
				}
			},
			"bullet:sb": {
				"minecraft:projectile": {
					"on_hit": {
						"impact_damage": {
							"damage": 88,
							"knockback": false
						},
						"remove_on_hit": {}
					},
					"uncertaintyBase": 2.1,
					"power": 17,
					"offset": [
						0,
						0,
						0
					],
					"liquid_inertia": 0.0001,
					"inertia": 1,
					"should_bounce": true,
					"gravity": 0.175,
					"anchor": 1
				}
			}
		},
		"components": {
			"minecraft:collision_box": {
				"width": 0.125,
				"height": 0.125
			},
			"minecraft:type_family": {
				"family": [
					"bullet"
				]
			},
			"minecraft:explode": {
				"fuseLength": 4,
				"fuse_lit": true,
				"power": 0,
				"fire_affected_by_griefing": true,
				"destroy_affected_by_griefing": true
			},
			"minecraft:break_blocks": {
				"breakable_blocks": [
					"glass",
					"glass_pane",
					"stained_glass",
					"stained_glass_pane",
					"wheat"
				]
			},
			"minecraft:physics": {}
		},
		"events": {
			"bullet:normal": {
				"add": {
					"component_groups": [
						"bullet:normal"
					]
				}
			},
			"bullet:hb": {
				"add": {
					"component_groups": [
						"bullet:hb"
					]
				}
			},
			"bullet:sb": {
				"add": {
					"component_groups": [
						"bullet:sb"
					]
				}
			}
		}
	}
}