{
	"format_version": "1.13",
	"minecraft:entity": {
		"description": {
			"identifier": "bullet:d5300nsight",
			"is_spawnable": false,
			"is_summonable": true,
			"is_experimental": false,
			"runtime_identifier": "minecraft:snowball"
		},
		"components": {
			"minecraft:collision_box": {
				"width": 0.125,
				"height": 0.125
			},
			"minecraft:type_family": {
				"family": [
					"bullet"
				]
			},
			"minecraft:explode": {
				"fuseLength": 4,
				"fuse_lit": true,
				"power": 0,
				"fire_affected_by_griefing": true,
				"destroy_affected_by_griefing": true
			},
			"minecraft:projectile": {
				"on_hit": {
					"impact_damage": {
						"damage": 82,
						"knockback": false
					},
					"remove_on_hit": {}
				},
				"uncertaintyBase": 7.2,
				"power": 34.1,
				"offset": [
					0,
					0,
					0
				],
				"liquid_inertia": 0.0001,
				"inertia": 1,
				"should_bounce": true,
				"gravity": 0.16,
				"anchor": 1
			},
			"minecraft:physics": {}
		}
	}
}