{
	"format_version": "1.8.0",
	"animations": {
		"animation.deagle.tp.hold": {
			"loop": "hold_on_last_frame",
			"bones": {
				"Joints": {
					"position": [-1, 24, -15],
					"scale": 0.09
				},
				"tag_ads": {
					"rotation": [-9.997, 0, 0],
					"position": [-65.752, -46.001, -8.875]
				},
				"j_clavicle_le": {
					"rotation": [0, 0, 0],
					"position": [0.04, -0.031, 0.067]
				},
				"j_shoulder_le": {
					"rotation": [-0.005, 0.001, -0.001],
					"position": [0.089, -0.006, 0.045]
				},
				"j_elbow_le": {
					"rotation": [0, -0.008, 0.001],
					"position": [0.115, -0.024, 0.01]
				},
				"j_wrist_le": {
					"rotation": [-0.003, 0.004, 0.003],
					"position": [0.048, 0.023, 0.002]
				},
				"leftArm": {
					"rotation": [-90, 25, 0],
					"position": [-1, -1, 0]
				},
				"j_clavicle_ri": {
					"rotation": [0.001, 0.001, -0.003],
					"position": [0.041, 0.043, 0.005]
				},
				"j_shoulder_ri": {
					"rotation": [0.001, 0.003, 0.007],
					"position": [0.099, 0.018, 0.042]
				},
				"j_shouldertwist_ri": {
					"rotation": [0, 0, 0]
				},
				"j_elbow_ri": {
					"rotation": [0.004, 0.003, 0],
					"position": [0.145, 0.012, 0.014]
				},
				"j_wrist_ri": {
					"rotation": [-0.001, -0.003, -0.002],
					"position": [0.043, -0.019, 0.056]
				},
				"tag_pistol_offset": {
					"rotation": [-9.999, 0, 0.003],
					"position": [-65.752, -43.876, -21.376],
					"scale": 0.7
				},
				"j_slide": {
					"position": ["v.g2eliteemp ? -21 : 0", 0, 0]
				},
				"rightArm": {
					"rotation": [-87.43938, -12.48791, -0.55404],
					"position": [1, -1, 0]
				},
				"lefthand": {
					"position": [0, 1042, 0]
				},
				"mag_and_bullet": {
					"position": [0, 587, 0]
				},
				"righthand_pos": {
					"position": [0, 1779, 0]
				},
				"Deagle": {
					"rotation": [-180, -360, -180],
					"position": [3, 0, 25],
					"scale": [0.4, 0.5, 0.5]
				},
				"bone2": {
					"position": [-2, 1, 0]
				}
			}
		},
		"animation.deagle.tp.hold.sight": {
			"loop": "hold_on_last_frame",
			"bones": {
				"Joints": {
					"position": [-1, 24, -15],
					"scale": 0.09
				},
				"tag_ads": {
					"rotation": [-9.997, 0, 0],
					"position": [-65.752, -46.001, -8.875]
				},
				"j_clavicle_le": {
					"rotation": [0, 0, 0],
					"position": [0.04, -0.031, 0.067]
				},
				"j_shoulder_le": {
					"rotation": [-0.005, 0.001, -0.001],
					"position": [0.089, -0.006, 0.045]
				},
				"j_elbow_le": {
					"rotation": [0, -0.008, 0.001],
					"position": [0.115, -0.024, 0.01]
				},
				"j_wrist_le": {
					"rotation": [-0.003, 0.004, 0.003],
					"position": [0.048, 0.023, 0.002]
				},
				"leftArm": {
					"rotation": [-90, 25, 0],
					"position": [-1, -1, 0]
				},
				"j_clavicle_ri": {
					"rotation": [0.001, 0.001, -0.003],
					"position": [0.041, 0.043, 0.005]
				},
				"j_shoulder_ri": {
					"rotation": [0.001, 0.003, 0.007],
					"position": [0.099, 0.018, 0.042]
				},
				"j_shouldertwist_ri": {
					"rotation": [0, 0, 0]
				},
				"j_elbow_ri": {
					"rotation": [0.004, 0.003, 0],
					"position": [0.145, 0.012, 0.014]
				},
				"j_wrist_ri": {
					"rotation": [-0.001, -0.003, -0.002],
					"position": [0.043, -0.019, 0.056]
				},
				"tag_pistol_offset": {
					"rotation": [-9.999, 0, 0.003],
					"position": [-65.752, -43.876, -21.376],
					"scale": 0.7
				},
				"j_slide": {
					"position": ["v.g2eliteemp ? -21 : 0", 0, 0]
				},
				"rightArm": {
					"rotation": [-87.43938, -12.48791, -0.55404],
					"position": [1, -1, 0]
				},
				"lefthand": {
					"position": [0, 1042, 0]
				},
				"mag_and_bullet": {
					"position": [0, 587, 0]
				},
				"righthand_pos": {
					"position": [0, 1779, 0]
				},
				"Deagle": {
					"rotation": [-180, -360, -180],
					"position": [3, 0, 25],
					"scale": [0.4, 0.5, 0.5]
				},
				"bone2": {
					"position": [-2, 1, 0]
				}
			}
		},
		"animation.deagle.fp.hold": {
			"loop": true,
			"animation_length": 16.9583,
			"bones": {
				"AK47": {
					"rotation": [89.96508, 1.9997, -1.00061],
					"position": [-5, 4.5, 10.75],
					"scale": [1.3, 1.3, 0.86]
				},
				"justtest": {
					"scale": 0
				},
				"scopeanim": {
					"scale": 0
				},
				"root2": {
					"rotation": {
						"0.0": [0, 0, 0],
						"0.0417": [0, 0, -0.04],
						"0.0833": [0, 0, -0.17],
						"0.125": [0, 0, -0.23],
						"0.1667": [0, 0, -0.26],
						"0.2083": [0.01, 0, -0.26],
						"0.25": [0.03, 0, -0.2],
						"0.2917": [0.04, 0, -0.16],
						"0.3333": [0.05, 0, -0.14],
						"0.375": [0.06, 0, -0.12],
						"0.4167": [0.06, 0, -0.14],
						"0.4583": [0.06, 0, -0.16],
						"0.5": [0.06, 0, -0.19],
						"0.5417": [0.06, 0, -0.21],
						"0.5833": [0.06, 0, -0.26],
						"0.625": [0.06, 0, -0.27],
						"0.6667": [0.06, 0, -0.27],
						"0.7083": [0.06, 0, -0.27],
						"0.75": [0.05, 0, -0.22],
						"0.7917": [0.05, 0, -0.19],
						"0.8333": [0.05, 0, -0.15],
						"0.875": [0.04, 0, -0.1],
						"0.9167": [0.04, 0, -0.01],
						"0.9583": [0.03, 0, 0.03],
						"1.0": [0.03, 0, 0.08],
						"1.0417": [0.03, 0, 0.11],
						"1.0833": [0.02, 0, 0.16],
						"1.125": [0.02, 0, 0.17],
						"1.1667": [0.01, 0, 0.16],
						"1.2083": [0.01, 0, 0.15],
						"1.25": [0, 0, 0.1],
						"1.2917": [0, 0, 0.08],
						"1.3333": [0, 0, 0.07],
						"1.375": [0, 0, 0.07],
						"1.4167": [0, 0, 0.09],
						"1.4583": [0, 0, 0.11],
						"1.5": [0, 0, 0.14],
						"1.5417": [0, 0, 0.16],
						"1.5833": [0.01, 0, 0.22],
						"1.625": [0.01, 0, 0.25],
						"1.6667": [0.01, 0, 0.27],
						"1.7083": [0.01, 0, 0.3],
						"1.75": [0.02, 0, 0.34],
						"1.7917": [0.02, 0, 0.35],
						"1.8333": [0.02, 0, 0.36],
						"1.875": [0.03, 0, 0.36],
						"1.9167": [0.04, 0, 0.36],
						"1.9583": [0.05, 0, 0.35],
						"2.0": [0.06, 0, 0.35],
						"2.0417": [0.06, 0, 0.34],
						"2.0833": [0.08, 0, 0.33],
						"2.125": [0.08, 0, 0.33],
						"2.1667": [0.09, 0, 0.34],
						"2.2083": [0.09, 0, 0.36],
						"2.25": [0.09, 0, 0.44],
						"2.2917": [0.09, 0, 0.48],
						"2.3333": [0.09, 0, 0.51],
						"2.375": [0.1, 0, 0.53],
						"2.4167": [0.11, 0, 0.53],
						"2.4583": [0.11, 0, 0.52],
						"2.5": [0.12, 0, 0.52],
						"2.5417": [0.12, 0, 0.51],
						"2.5833": [0.14, 0, 0.48],
						"2.625": [0.14, 0, 0.47],
						"2.6667": [0.15, 0, 0.45],
						"2.7083": [0.16, 0, 0.44],
						"2.75": [0.16, 0, 0.41],
						"2.7917": [0.17, 0, 0.37],
						"2.8333": [0.16, 0, 0.32],
						"2.875": [0.16, 0, 0.27],
						"2.9167": [0.16, 0, 0.19],
						"2.9583": [0.16, 0, 0.16],
						"3.0": [0.18, 0, 0.16],
						"3.0417": [0.2, 0, 0.17],
						"3.0833": [0.24, 0, 0.21],
						"3.125": [0.26, 0, 0.23],
						"3.1667": [0.28, 0, 0.24],
						"3.2083": [0.3, 0, 0.22],
						"3.25": [0.31, 0, 0.17],
						"3.2917": [0.32, 0, 0.14],
						"3.3333": [0.34, 0.04, 0.07],
						"3.375": [0.36, 0.07, 0],
						"3.4167": [0.5, -0.16, 0.31],
						"3.4583": [0.63, -0.4, 0.65],
						"3.5": [0.76, -0.66, 1.02],
						"3.5417": [0.83, -0.87, 1.3],
						"3.5833": [0.51, -0.9, 1.21],
						"3.625": [0.05, -0.69, 0.76],
						"3.6667": [-0.41, -0.44, 0.28],
						"3.7083": [-0.68, -0.25, -0.06],
						"3.75": [-0.6, -0.1, -0.19],
						"3.7917": [-0.45, -0.06, -0.17],
						"3.8333": [-0.28, -0.03, -0.14],
						"3.875": [-0.17, 0, -0.12],
						"3.9167": [-0.07, 0.02, -0.12],
						"3.9583": [-0.04, 0.02, -0.11],
						"4.0": [-0.01, 0.01, -0.1],
						"4.0417": [0.01, 0, -0.09],
						"4.0833": [0.03, 0, -0.07],
						"4.125": [0.03, 0, -0.05],
						"4.1667": [0.03, 0, -0.03],
						"4.2083": [0.02, 0, -0.01],
						"4.25": [0, 0, 0.01],
						"4.2917": [0, 0, 0],
						"4.3333": [0, 0, -0.04],
						"4.375": [0, 0, -0.1],
						"4.4167": [0, 0, -0.23],
						"4.4583": [0, 0, -0.26],
						"4.5": [0.01, 0, -0.26],
						"4.5417": [0.02, 0, -0.23],
						"4.5833": [0.04, 0, -0.16],
						"4.625": [0.05, 0, -0.14],
						"4.6667": [0.06, 0, -0.12],
						"4.7083": [0.06, 0, -0.13],
						"4.75": [0.06, 0, -0.16],
						"4.7917": [0.06, 0, -0.19],
						"4.8333": [0.06, 0, -0.21],
						"4.875": [0.06, 0, -0.24],
						"4.9167": [0.06, 0, -0.27],
						"4.9583": [0.06, 0, -0.27],
						"5.0": [0.06, 0, -0.27],
						"5.0417": [0.06, 0, -0.25],
						"5.0833": [0.05, 0, -0.19],
						"5.125": [0.05, 0, -0.15],
						"5.1667": [0.04, 0, -0.1],
						"5.2083": [0.04, 0, -0.06],
						"5.25": [0.03, 0, 0.03],
						"5.2917": [0.03, 0, 0.08],
						"5.3333": [0.03, 0, 0.11],
						"5.375": [0.02, 0, 0.14],
						"5.4167": [0.02, 0, 0.17],
						"5.4583": [0.01, 0, 0.16],
						"5.5": [0.01, 0, 0.15],
						"5.5417": [0.01, 0, 0.12],
						"5.5833": [0, 0, 0.08],
						"5.625": [0, 0, 0.07],
						"5.6667": [0, 0, 0.07],
						"5.7083": [0, 0, 0.08],
						"5.75": [0, 0, 0.11],
						"5.7917": [0, 0, 0.14],
						"5.8333": [0, 0, 0.16],
						"5.875": [0, 0, 0.19],
						"5.9167": [0.01, 0, 0.25],
						"5.9583": [0.01, 0, 0.27],
						"6.0": [0.01, 0, 0.3],
						"6.0417": [0.01, 0, 0.32],
						"6.0833": [0.02, 0, 0.35],
						"6.125": [0.02, 0, 0.36],
						"6.1667": [0.03, 0, 0.36],
						"6.2083": [0.04, 0, 0.36],
						"6.25": [0.05, 0, 0.35],
						"6.2917": [0.06, 0, 0.35],
						"6.3333": [0.06, 0, 0.34],
						"6.375": [0.07, 0, 0.34],
						"6.4167": [0.08, 0, 0.33],
						"6.4583": [0.09, 0, 0.34],
						"6.5": [0.09, 0, 0.36],
						"6.5417": [0.09, 0, 0.4],
						"6.5833": [0.09, 0, 0.48],
						"6.625": [0.09, 0, 0.51],
						"6.6667": [0.1, 0, 0.53],
						"6.7083": [0.1, 0, 0.53],
						"6.75": [0.12, 0, 0.53],
						"6.7917": [0.12, 0, 0.52],
						"6.8333": [0.13, 0, 0.51],
						"6.875": [0.14, 0, 0.51],
						"6.9167": [0.16, 0, 0.48],
						"6.9583": [0.16, 0, 0.46],
						"7.0": [0.17, 0, 0.45],
						"7.0417": [0.17, 0, 0.43],
						"7.0833": [0.15, 0, 0.35],
						"7.125": [0.12, 0, 0.28],
						"7.1667": [0.09, 0, 0.19],
						"7.2083": [0.05, 0, 0.12],
						"7.25": [0, 0, 0],
						"8.0": [0, 0, 0],
						"8.0417": [-1.32, -0.16, -1.16],
						"8.0833": [-4.63, -0.3, -1.13],
						"8.125": [-6.55, -0.51, -1.24],
						"8.1667": [-8, -1.02, -1.88],
						"8.2083": [-8.8, -2.12, -3.36],
						"8.25": [-9.48, -5.09, -7.57],
						"8.2917": [-9.72, -5.9, -9.27],
						"8.3333": [-10.09, -5.64, -10.87],
						"8.375": [-10.35, -4.58, -11.99],
						"8.4167": [-9.42, -3.09, -8.4],
						"8.4583": [-8.37, -3.26, -8.36],
						"8.5": [-8.7, -3.18, -10.38],
						"8.5417": [-9.3, -3.08, -13.64],
						"8.5833": [-10.47, -2.12, -10.95],
						"8.625": [-10.75, -0.61, 1.98],
						"8.6667": [-10.91, 1.53, 21.21],
						"8.7083": [-11.09, 3.35, 40.29],
						"8.75": [-12.12, 2.99, 57.85],
						"8.7917": [-13.14, 1.07, 58.59],
						"8.8333": [-13.86, -1.69, 54.67],
						"8.875": [-13.69, -5.14, 45.71],
						"8.9167": [-9.43, -16.02, 2.92],
						"8.9583": [-6.73, -21.85, -22.17],
						"9.0": [-4.91, -25.99, -39.93],
						"9.0417": [-4.07, -27.89, -48.01],
						"9.0833": [-4.08, -28.11, -49.53],
						"9.125": [-5.07, -27.74, -47.37],
						"9.1667": [-10.89, -26.03, -35.12],
						"9.2083": [-15.71, -24.42, -23.74],
						"9.25": [-7.95, -26.99, -38.19],
						"9.2917": [-8.25, -26.35, -35.5],
						"9.3333": [-9.53, -25.11, -29.93],
						"9.375": [-11.25, -23.87, -24.17],
						"9.4167": [-14.07, -23.45, -21.18],
						"9.4583": [-15.3, -24.04, -23.18],
						"9.5": [-16.59, -24.83, -25.85],
						"9.5417": [-17.98, -25.6, -28.17],
						"9.5833": [-24.18, -26.94, -25.43],
						"9.625": [-28.33, -26.96, -19.96],
						"9.6667": [-29.78, -26.38, -17.57],
						"9.7083": [-31, -25.46, -15],
						"9.75": [-30.28, -23.69, -13.74],
						"9.7917": [-28.09, -23.25, -15.92],
						"9.8333": [-24.68, -22.79, -19.58],
						"9.875": [-20.72, -22.38, -23.98],
						"9.9167": [-13.73, -22.04, -32.05],
						"9.9583": [-12.04, -22.27, -34.23],
						"10.0": [-12.56, -22.88, -34.16],
						"10.0417": [-15.06, -23.77, -32.06],
						"10.0833": [-20.68, -26.57, -27.55],
						"10.125": [-21.13, -28.58, -28.03],
						"10.1667": [-18.85, -31.4, -31.8],
						"10.2083": [-14.72, -35.01, -37.89],
						"10.25": [-5.24, -42.2, -51.12],
						"10.2917": [-2.07, -44.59, -55.29],
						"10.3333": [-0.1, -45.93, -57.3],
						"10.375": [0.7, -46.12, -57.29],
						"10.4167": [-0.01, -45.51, -54.12],
						"10.4583": [-3.95, -45, -47.05],
						"10.5": [-8.85, -44.35, -40.05],
						"10.5417": [-10.74, -44.24, -38.9],
						"10.5833": [-13.93, -44.2, -39.14],
						"10.625": [-14.49, -44.2, -39.48],
						"10.6667": [-14.23, -44.18, -39.65],
						"10.7083": [-13.54, -44.17, -39.92],
						"10.75": [-11.46, -44.16, -40.62],
						"10.7917": [-10.4, -44.15, -40.94],
						"10.8333": [-9.54, -44.14, -41.17],
						"10.875": [-9.04, -44.13, -41.27],
						"10.9167": [-8.94, -44.12, -41.13],
						"10.9583": [-9.02, -44.11, -40.96],
						"11.0": [-9.16, -44.1, -40.76],
						"11.0417": [-9.36, -44.1, -40.53],
						"11.0833": [-9.83, -44.08, -40.07],
						"11.125": [-10.07, -44.07, -39.87],
						"11.1667": [-10.3, -44.06, -39.71],
						"11.2083": [-10.49, -44.05, -39.61],
						"11.25": [-10.7, -44.02, -39.66],
						"11.2917": [-10.75, -43.97, -40.17],
						"11.3333": [-10.73, -43.89, -41.04],
						"11.375": [-10.59, -43.82, -42.11],
						"11.4167": [-9.82, -43.75, -44.19],
						"11.4583": [-8.62, -43.83, -45.46],
						"11.5": [-6.94, -43.98, -46.84],
						"11.5417": [-5.45, -44.13, -47.94],
						"11.5833": [-5.67, -44.09, -47.41],
						"11.625": [-7.53, -43.87, -45.41],
						"11.6667": [-9.28, -43.71, -43.85],
						"11.7083": [-9.82, -43.75, -44.19],
						"11.75": [-4.73, -45.77, -54.42],
						"11.7917": [-9.83, -45.1, -42.7],
						"11.8333": [-11.08, -45.03, -40.24],
						"11.875": [-11.95, -44.68, -38.82],
						"11.9167": [-22.2, -35.25, -15.93],
						"11.9583": [-31.58, -26.16, 5.53],
						"12.0": [-39.49, -16.11, 25.1],
						"12.0417": [-43.47, -7.15, 37.26],
						"12.0833": [-48.96, 12.4, 58.38],
						"12.125": [-50.71, 18.36, 65.25],
						"12.1667": [-51.33, 19.66, 67.77],
						"12.2083": [-51.37, 19.23, 68.78],
						"12.25": [-50.85, 15.58, 67.94],
						"12.2917": [-50.83, 13.56, 66.92],
						"12.3333": [-51.34, 12.22, 66.05],
						"12.375": [-53.39, 11.09, 64.18],
						"12.4167": [-59.19, 9.32, 58.66],
						"12.4583": [-61.01, 8.73, 57.32],
						"12.5": [-61.31, 8.4, 58.03],
						"12.5417": [-60.7, 8.29, 60.03],
						"12.5833": [-59.06, 8.44, 63.78],
						"12.625": [-58.83, 8.59, 64.1],
						"12.6667": [-58.63, 8.84, 64.14],
						"12.7083": [-58.45, 9.14, 63.99],
						"12.75": [-58.19, 9.6, 63.51],
						"12.7917": [-58.1, 9.63, 63.37],
						"12.8333": [-58.08, 9.6, 63.27],
						"12.875": [-58.14, 9.56, 63.1],
						"12.9167": [-58.33, 9.37, 62.73],
						"12.9583": [-58.4, 9.16, 62.61],
						"13.0": [-58.41, 8.84, 62.6],
						"13.0417": [-58.33, 8.38, 62.74],
						"13.0833": [-56.05, 3.14, 67.17],
						"13.125": [-53.79, -1.92, 70.56],
						"13.1667": [-54.87, -6.02, 68.14],
						"13.2083": [-52.4, -7.42, 64.64],
						"13.25": [-40.77, -2.9, 64.71],
						"13.2917": [-33.08, 0.4, 65.03],
						"13.3333": [-25.64, 3.16, 64.79],
						"13.375": [-19.61, 4.45, 63.4],
						"13.4167": [-9.12, 0.24, 53.34],
						"13.4583": [-5.44, -3.02, 47.42],
						"13.5": [-2.94, -4.87, 43.25],
						"13.5417": [-2.86, -3.18, 41.52],
						"13.5833": [-3.96, 0.11, 40.17],
						"13.625": [-2.9, 0.02, 38.27],
						"13.6667": [-2.18, -0.06, 37.11],
						"13.7083": [-2.13, 0.01, 37.15],
						"13.75": [-2.51, 0.17, 38.32],
						"13.7917": [-2.71, 0.23, 38.88],
						"13.8333": [-2.77, 0.25, 39.06],
						"13.875": [-2.7, 0.26, 38.97],
						"13.9167": [-2.43, 0.3, 38.61],
						"13.9583": [-2.26, 0.3, 38.31],
						"14.0": [-2.07, 0.28, 37.92],
						"14.0417": [-1.9, 0.22, 37.43],
						"14.0833": [-1.63, -0.08, 36.11],
						"14.125": [-1.44, -0.82, 33.51],
						"14.1667": [-1.34, -1.87, 30.16],
						"14.2083": [-1.28, -3.21, 26.41],
						"14.25": [-1.29, -6.09, 19.09],
						"14.2917": [-1.32, -7.63, 15.49],
						"14.3333": [-1.34, -8.87, 13],
						"14.375": [-1.35, -9.57, 12.15],
						"14.4167": [-1.37, -10.52, 12.39],
						"14.4583": [-1.36, -10.85, 12.83],
						"14.5": [-1.35, -11.11, 13.05],
						"14.5417": [-1.33, -11.27, 13.06],
						"14.5833": [-1.26, -11.38, 13.05],
						"14.625": [-1.22, -11.37, 13.05],
						"14.6667": [-1.2, -11.36, 13.04],
						"14.7083": [-1.19, -11.38, 13.04],
						"14.75": [-1.36, -11.69, 13.05],
						"14.7917": [-1.51, -11.9, 13.06],
						"14.8333": [-1.63, -12.08, 13.07],
						"14.875": [-1.67, -12.13, 13.07],
						"14.9167": [-1.36, -11.61, 13.07],
						"14.9583": [0.17, -9.62, 13.02],
						"15.0": [2.27, -6.74, 12.95],
						"15.0417": [3.62, -3.87, 12.88],
						"15.0833": [2.58, 1.93, 12.75],
						"15.125": [1.88, 3.88, 12.7],
						"15.1667": [1.77, 4.27, 12.68],
						"15.2083": [1.76, 4.17, 12.67],
						"15.25": [1.86, 3.38, 12.67],
						"15.2917": [1.88, 3.13, 12.69],
						"15.3333": [1.87, 3.07, 12.76],
						"15.375": [1.86, 3.05, 12.86],
						"15.4167": [1.8, 3.01, 13.03],
						"15.4583": [1.74, 2.91, 13.05],
						"15.5": [1.73, 2.8, 13.12],
						"15.5417": [1.77, 2.69, 13.22],
						"15.5833": [1.12, 1.69, 12.39],
						"15.625": [-0.36, -0.04, 10.53],
						"15.6667": [-2.38, -2.36, 7.88],
						"15.7083": [-4.43, -4.86, 4.68],
						"15.75": [-8.17, -9.39, -3.47],
						"15.7917": [-10.29, -13.02, -8.03],
						"15.8333": [-12.26, -17.6, -11.94],
						"15.875": [-14.47, -23.4, -16.28],
						"15.9167": [-18.19, -32.69, -22.54],
						"15.9583": [-19, -33.88, -23.04],
						"16.0": [-19.53, -33.97, -22.56],
						"16.0417": [-19.85, -33.39, -21.5],
						"16.0833": [-20.27, -32.03, -19.33],
						"16.125": [-20.48, -29.6, -15.56],
						"16.1667": [-13.23, -32, -26.75],
						"16.2083": [-14.12, -32.01, -26.8],
						"16.25": [-18.56, -31.45, -24.12],
						"16.2917": [-20.06, -31.24, -23.03],
						"16.3333": [-19.3, -31.24, -21.96],
						"16.375": [-22.23, -28.15, -16.37],
						"16.4167": [-15.68, -19.69, -13.42],
						"16.4583": [-10.99, -14.06, -11.74],
						"16.5": [-6.27, -8.5, -10.05],
						"16.5417": [-2.17, -3.73, -8.44],
						"16.5833": [2.27, 1.2, -5.03],
						"16.625": [2.15, 0.62, -3.2],
						"16.6667": [1.3, -0.78, -1.64],
						"16.7083": [0.73, -1.54, -0.5],
						"16.75": [0.37, -0.83, 0.16],
						"16.7917": [0.15, -0.34, 0.05],
						"16.8333": [0, 0, 0],
						"16.875": [-0.05, 0.11, 0.04],
						"16.9167": [-0.02, 0.04, 0.01],
						"16.9583": [0, 0, 0]
					},
					"position": {
						"0.0": [0, 0, 0],
						"0.0417": [0, 0, 0],
						"0.0833": [-0.01, 0.01, 0],
						"0.125": [-0.01, 0.01, 0],
						"0.1667": [-0.01, 0.01, 0],
						"0.2083": [-0.01, 0.01, 0],
						"0.25": [-0.02, 0.01, 0],
						"0.2917": [-0.01, 0, 0],
						"0.3333": [-0.01, -0.01, 0],
						"0.375": [0, -0.02, 0],
						"0.4167": [0, -0.03, 0],
						"0.4583": [0, -0.04, 0],
						"0.5": [-0.01, -0.04, 0],
						"0.5417": [-0.01, -0.04, 0],
						"0.5833": [-0.02, -0.05, 0],
						"0.625": [-0.02, -0.05, 0],
						"0.6667": [-0.02, -0.06, 0],
						"0.7083": [-0.03, -0.06, 0],
						"0.75": [-0.03, -0.06, 0],
						"0.7917": [-0.03, -0.06, 0],
						"0.8333": [-0.03, -0.06, 0],
						"0.875": [-0.03, -0.06, 0],
						"0.9167": [-0.02, -0.05, 0],
						"0.9583": [-0.02, -0.04, 0],
						"1.0": [-0.02, -0.04, 0],
						"1.0417": [-0.01, -0.04, 0],
						"1.0833": [0, -0.04, 0],
						"1.125": [0, -0.05, 0],
						"1.1667": [0, -0.05, 0],
						"1.2083": [0, -0.05, 0],
						"1.25": [-0.01, -0.05, 0],
						"1.2917": [-0.01, -0.05, 0],
						"1.3333": [-0.02, -0.04, 0],
						"1.375": [-0.02, -0.04, 0],
						"1.4167": [-0.03, -0.04, 0],
						"1.4583": [-0.04, -0.04, 0],
						"1.5": [-0.04, -0.04, 0],
						"1.5417": [-0.04, -0.04, 0],
						"1.5833": [-0.05, -0.04, 0],
						"1.625": [-0.05, -0.05, 0],
						"1.6667": [-0.05, -0.05, 0],
						"1.7083": [-0.05, -0.05, 0],
						"1.75": [-0.05, -0.06, 0],
						"1.7917": [-0.05, -0.07, 0],
						"1.8333": [-0.05, -0.07, 0],
						"1.875": [-0.05, -0.07, 0],
						"1.9167": [-0.05, -0.07, 0],
						"1.9583": [-0.05, -0.06, 0],
						"2.0": [-0.05, -0.05, 0],
						"2.0417": [-0.05, -0.05, 0],
						"2.0833": [-0.05, -0.05, 0],
						"2.125": [-0.05, -0.05, 0],
						"2.1667": [-0.05, -0.05, 0],
						"2.2083": [-0.05, -0.05, 0],
						"2.25": [-0.05, -0.05, 0],
						"2.2917": [-0.05, -0.05, 0],
						"2.3333": [-0.05, -0.05, 0],
						"2.375": [-0.05, -0.05, 0],
						"2.4167": [-0.05, -0.04, 0],
						"2.4583": [-0.05, -0.04, 0],
						"2.5": [-0.05, -0.04, 0],
						"2.5417": [-0.05, -0.04, 0],
						"2.5833": [-0.05, -0.04, 0],
						"2.625": [-0.05, -0.05, 0],
						"2.6667": [-0.04, -0.05, 0],
						"2.7083": [-0.04, -0.06, 0],
						"2.75": [-0.03, -0.07, 0],
						"2.7917": [-0.03, -0.08, 0],
						"2.8333": [-0.03, -0.09, 0],
						"2.875": [-0.02, -0.1, 0],
						"2.9167": [-0.02, -0.12, 0],
						"2.9583": [-0.02, -0.12, 0],
						"3.0": [-0.01, -0.12, 0],
						"3.0417": [-0.01, -0.12, 0],
						"3.0833": [0, -0.1, 0],
						"3.125": [0, -0.09, 0],
						"3.1667": [0, -0.09, 0],
						"3.2083": [0, -0.08, 0],
						"3.25": [-0.01, -0.07, 0],
						"3.2917": [-0.01, -0.06, 0],
						"3.3333": [-0.02, -0.06, 0],
						"3.375": [-0.03, -0.05, 0],
						"3.4167": [-0.03, -0.07, 0],
						"3.4583": [-0.04, -0.09, 0],
						"3.5": [-0.04, -0.12, 0],
						"3.5417": [-0.04, -0.14, 0],
						"3.5833": [-0.04, -0.15, 0],
						"3.625": [-0.05, -0.14, 0],
						"3.6667": [-0.05, -0.13, 0],
						"3.7083": [-0.05, -0.13, 0],
						"3.75": [-0.05, -0.14, 0],
						"3.7917": [-0.05, -0.16, 0],
						"3.8333": [-0.05, -0.17, 0],
						"3.875": [-0.05, -0.17, 0],
						"3.9167": [-0.04, -0.15, 0],
						"3.9583": [-0.03, -0.14, 0],
						"4.0": [-0.02, -0.12, 0],
						"4.0417": [-0.01, -0.11, 0],
						"4.0833": [0, -0.08, 0],
						"4.125": [0, -0.07, 0],
						"4.1667": [0, -0.06, 0],
						"4.2083": [0, -0.05, 0],
						"4.25": [0, -0.03, 0],
						"4.2917": [0, -0.02, 0],
						"4.3333": [0, -0.02, 0],
						"4.375": [0, -0.02, 0],
						"4.4167": [-0.01, -0.01, 0],
						"4.4583": [-0.01, -0.01, 0],
						"4.5": [-0.01, -0.01, 0],
						"4.5417": [-0.02, -0.01, 0],
						"4.5833": [-0.01, -0.02, 0],
						"4.625": [-0.01, -0.03, 0],
						"4.6667": [0, -0.05, 0],
						"4.7083": [0, -0.06, 0],
						"4.75": [0, -0.06, 0],
						"4.7917": [-0.01, -0.06, 0],
						"4.8333": [-0.01, -0.06, 0],
						"4.875": [-0.01, -0.06, 0],
						"4.9167": [-0.02, -0.06, 0],
						"4.9583": [-0.02, -0.06, 0],
						"5.0": [-0.03, -0.07, 0],
						"5.0417": [-0.03, -0.06, 0],
						"5.0833": [-0.03, -0.06, 0],
						"5.125": [-0.03, -0.06, 0],
						"5.1667": [-0.03, -0.06, 0],
						"5.2083": [-0.03, -0.05, 0],
						"5.25": [-0.02, -0.04, 0],
						"5.2917": [-0.02, -0.04, 0],
						"5.3333": [-0.01, -0.04, 0],
						"5.375": [-0.01, -0.04, 0],
						"5.4167": [0, -0.05, 0],
						"5.4583": [0, -0.05, 0],
						"5.5": [0, -0.05, 0],
						"5.5417": [0, -0.05, 0],
						"5.5833": [-0.01, -0.05, 0],
						"5.625": [-0.02, -0.04, 0],
						"5.6667": [-0.02, -0.04, 0],
						"5.7083": [-0.03, -0.04, 0],
						"5.75": [-0.04, -0.04, 0],
						"5.7917": [-0.04, -0.04, 0],
						"5.8333": [-0.04, -0.04, 0],
						"5.875": [-0.05, -0.04, 0],
						"5.9167": [-0.05, -0.05, 0],
						"5.9583": [-0.05, -0.05, 0],
						"6.0": [-0.05, -0.05, 0],
						"6.0417": [-0.05, -0.06, 0],
						"6.0833": [-0.05, -0.07, 0],
						"6.125": [-0.05, -0.07, 0],
						"6.1667": [-0.05, -0.07, 0],
						"6.2083": [-0.05, -0.07, 0],
						"6.25": [-0.05, -0.06, 0],
						"6.2917": [-0.05, -0.06, 0],
						"6.3333": [-0.05, -0.06, 0],
						"6.375": [-0.05, -0.05, 0],
						"6.4167": [-0.05, -0.04, 0],
						"6.4583": [-0.05, -0.04, 0],
						"6.5": [-0.05, -0.03, 0],
						"6.5417": [-0.05, -0.03, 0],
						"6.5833": [-0.05, -0.02, 0],
						"6.625": [-0.05, -0.02, 0],
						"6.6667": [-0.05, -0.02, 0],
						"6.7083": [-0.05, -0.02, 0],
						"6.75": [-0.05, -0.01, 0],
						"6.7917": [-0.05, -0.01, 0],
						"6.8333": [-0.05, -0.01, 0],
						"6.875": [-0.05, -0.02, 0],
						"6.9167": [-0.05, -0.03, 0],
						"6.9583": [-0.04, -0.03, 0],
						"7.0": [-0.04, -0.04, 0],
						"7.0417": [-0.04, -0.05, 0],
						"7.0833": [-0.03, -0.06, 0],
						"7.125": [-0.03, -0.05, 0],
						"7.1667": [-0.02, -0.04, 0],
						"7.2083": [-0.01, -0.02, 0],
						"7.25": [0, 0, 0],
						"8.0": [0, 0, 0],
						"8.0417": [0.05, -0.02, 0.1],
						"8.0833": [0.18, -0.13, 0.32],
						"8.125": [0.27, -0.2, 0.45],
						"8.1667": [0.33, -0.23, 0.56],
						"8.2083": [0.37, -0.24, 0.64],
						"8.25": [0.43, -0.19, 0.77],
						"8.2917": [0.44, -0.18, 0.8],
						"8.3333": [0.46, -0.2, 0.79],
						"8.375": [0.47, -0.23, 0.76],
						"8.4167": [0.48, -0.28, 0.69],
						"8.4583": [0.49, -0.25, 0.68],
						"8.5": [0.52, -0.2, 0.68],
						"8.5417": [0.56, -0.13, 0.67],
						"8.5833": [0.58, -0.05, 0.68],
						"8.625": [0.54, -0.09, 0.68],
						"8.6667": [0.45, -0.21, 0.69],
						"8.7083": [0.2, -0.57, 0.7],
						"8.75": [-0.56, -1.7, 0.74],
						"8.7917": [-0.95, -2.23, 0.78],
						"8.8333": [-1.23, -2.59, 0.84],
						"8.875": [-1.55, -2.89, 1.18],
						"8.9167": [-1.72, -2.51, 1.41],
						"8.9583": [-1.39, -1.46, 0.12],
						"9.0": [-0.87, 0.02, -1.72],
						"9.0417": [-0.48, 1.39, -2.9],
						"9.0833": [-0.47, 3.73, -2.02],
						"9.125": [-0.48, 4.34, -1.33],
						"9.1667": [-0.42, 4.3, -1.07],
						"9.2083": [-0.31, 4.02, -0.82],
						"9.25": [-0.11, 3.09, -0.43],
						"9.2917": [-0.09, 2.66, -0.33],
						"9.3333": [-0.23, 1.91, -0.42],
						"9.375": [-0.47, 1.11, -0.66],
						"9.4167": [-0.71, 0.62, -0.72],
						"9.4583": [-0.72, 0.92, -0.54],
						"9.5": [-0.73, 0.99, -0.31],
						"9.5417": [-0.79, 0.53, -0.04],
						"9.5833": [-0.91, -0.62, 0.53],
						"9.625": [-0.95, -0.71, 0.65],
						"9.6667": [-0.98, -0.66, 0.74],
						"9.7083": [-1, -0.51, 0.79],
						"9.75": [-1.06, -0.09, 0.83],
						"9.7917": [-1.08, 0.21, 0.81],
						"9.8333": [-1.11, 0.54, 0.78],
						"9.875": [-1.13, 0.85, 0.76],
						"9.9167": [-1.14, 1.21, 0.79],
						"9.9583": [-1.14, 1.29, 0.86],
						"10.0": [-1.12, 1.33, 0.93],
						"10.0417": [-1.1, 1.38, 0.98],
						"10.0833": [-1.02, 1.59, 0.91],
						"10.125": [-0.95, 1.75, 0.77],
						"10.1667": [-0.88, 1.92, 0.62],
						"10.2083": [-0.83, 2.08, 0.5],
						"10.25": [-0.84, 2.53, 0.27],
						"10.2917": [-0.85, 2.67, 0.19],
						"10.3333": [-0.86, 2.69, 0.17],
						"10.375": [-0.86, 2.66, 0.17],
						"10.4167": [-0.83, 2.53, 0.2],
						"10.4583": [-0.7, 2.37, 0.2],
						"10.5": [-0.54, 2.19, 0.2],
						"10.5417": [-0.48, 2.15, 0.2],
						"10.5833": [-0.87, 2.81, 0.2],
						"10.625": [-1.08, 3.12, 0.2],
						"10.6667": [-1.16, 3.21, 0.2],
						"10.7083": [-1.22, 3.24, 0.2],
						"10.75": [-1.28, 3.2, 0.2],
						"10.7917": [-1.29, 3.18, 0.2],
						"10.8333": [-1.29, 3.14, 0.2],
						"10.875": [-1.29, 3.09, 0.2],
						"10.9167": [-1.29, 2.99, 0.2],
						"10.9583": [-1.28, 2.95, 0.2],
						"11.0": [-1.28, 2.92, 0.2],
						"11.0417": [-1.28, 2.91, 0.19],
						"11.0833": [-1.28, 2.91, 0.19],
						"11.125": [-1.28, 2.91, 0.19],
						"11.1667": [-1.28, 2.91, 0.19],
						"11.2083": [-1.28, 2.92, 0.19],
						"11.25": [-1.28, 2.93, 0.19],
						"11.2917": [-1.28, 2.93, 0.19],
						"11.3333": [-1.28, 2.94, 0.19],
						"11.375": [-1.28, 2.95, 0.19],
						"11.4167": [-1.28, 2.95, 0.19],
						"11.4583": [-1.28, 2.95, 0.2],
						"11.5": [-1.28, 2.9, 0.2],
						"11.5417": [-1.29, 2.84, 0.2],
						"11.5833": [-1.27, 2.72, 0.19],
						"11.625": [-1.27, 2.68, 0.19],
						"11.6667": [-1.24, 2.63, 0.19],
						"11.7083": [-1.18, 2.55, 0.2],
						"11.75": [-0.5, 1.65, 0.2],
						"11.7917": [-0.58, 1.67, 0.21],
						"11.8333": [-0.69, 1.72, 0.25],
						"11.875": [-0.75, 1.68, 0.32],
						"11.9167": [-0.69, 1.25, 0.54],
						"11.9583": [-0.62, 1.02, 0.67],
						"12.0": [-0.52, 0.95, 0.8],
						"12.0417": [-0.39, 1.11, 0.93],
						"12.0833": [-0.05, 1.77, 1.2],
						"12.125": [0.1, 2.01, 1.28],
						"12.1667": [0.15, 2.07, 1.31],
						"12.2083": [0.19, 2.1, 1.33],
						"12.25": [0.25, 2.1, 1.33],
						"12.2917": [0.28, 2.09, 1.32],
						"12.3333": [0.33, 2.08, 1.3],
						"12.375": [0.39, 2.1, 1.29],
						"12.4167": [0.79, 2.22, 1.14],
						"12.4583": [1.01, 2.29, 1.06],
						"12.5": [1.17, 2.33, 1],
						"12.5417": [1.23, 2.34, 0.98],
						"12.5833": [1.27, 2.31, 0.98],
						"12.625": [1.27, 2.29, 0.99],
						"12.6667": [1.26, 2.26, 1],
						"12.7083": [1.25, 2.23, 0.99],
						"12.75": [1.19, 2.14, 0.99],
						"12.7917": [1.16, 2.1, 0.99],
						"12.8333": [1.13, 2.06, 0.99],
						"12.875": [1.12, 2.03, 1],
						"12.9167": [1.12, 2.02, 1],
						"12.9583": [1.13, 2.03, 1],
						"13.0": [1.15, 2.04, 1.01],
						"13.0417": [1.17, 2.02, 1],
						"13.0833": [1.34, 1.62, 0.92],
						"13.125": [1.42, 1.31, 0.86],
						"13.1667": [1.27, 1.41, 0.89],
						"13.2083": [1.05, 1.63, 0.95],
						"13.25": [0.93, 1.71, 0.87],
						"13.2917": [1.04, 1.57, 0.73],
						"13.3333": [1.13, 1.24, 0.66],
						"13.375": [1.16, 0.57, 0.71],
						"13.4167": [1.19, -0.95, 0.93],
						"13.4583": [1.2, -1.48, 1.03],
						"13.5": [1.19, -1.6, 1.11],
						"13.5417": [1.18, -1.49, 1.12],
						"13.5833": [1.14, -1.03, 1.12],
						"13.625": [1.12, -0.79, 1.11],
						"13.6667": [1.09, -0.63, 1.11],
						"13.7083": [1.07, -0.56, 1.11],
						"13.75": [1.01, -0.54, 1.11],
						"13.7917": [0.98, -0.56, 1.11],
						"13.8333": [0.97, -0.57, 1.11],
						"13.875": [0.96, -0.58, 1.11],
						"13.9167": [0.95, -0.61, 1.11],
						"13.9583": [0.96, -0.63, 1.11],
						"14.0": [0.97, -0.64, 1.11],
						"14.0417": [0.98, -0.64, 1.11],
						"14.0833": [1.06, -0.57, 1.11],
						"14.125": [1.12, -0.48, 1.11],
						"14.1667": [1.23, -0.37, 1.11],
						"14.2083": [1.4, -0.21, 1.11],
						"14.25": [2.06, 0.33, 1.11],
						"14.2917": [2.43, 0.61, 1.11],
						"14.3333": [2.71, 0.8, 1.11],
						"14.375": [2.84, 0.84, 1.11],
						"14.4167": [2.97, 0.76, 1.11],
						"14.4583": [3, 0.7, 1.11],
						"14.5": [3.03, 0.66, 1.11],
						"14.5417": [3.06, 0.66, 1.11],
						"14.5833": [3.1, 0.68, 1.11],
						"14.625": [3.11, 0.7, 1.11],
						"14.6667": [3.12, 0.71, 1.11],
						"14.7083": [3.12, 0.71, 1.11],
						"14.75": [3.15, 0.7, 1.11],
						"14.7917": [3.17, 0.69, 1.11],
						"14.8333": [3.17, 0.68, 1.11],
						"14.875": [3.14, 0.67, 1.11],
						"14.9167": [2.83, 0.64, 1.11],
						"14.9583": [2.51, 0.6, 1.11],
						"15.0": [2.15, 0.59, 1.11],
						"15.0417": [1.82, 0.62, 1.11],
						"15.0833": [0.9, 0.99, 1.11],
						"15.125": [0.58, 1.14, 1.11],
						"15.1667": [0.5, 1.16, 1.11],
						"15.2083": [0.5, 1.14, 1.11],
						"15.25": [0.59, 1.08, 1.11],
						"15.2917": [0.61, 1.06, 1.11],
						"15.3333": [0.6, 1.05, 1.11],
						"15.375": [0.59, 1.05, 1.11],
						"15.4167": [0.57, 1.06, 1.11],
						"15.4583": [0.56, 1.06, 1.11],
						"15.5": [0.56, 1.06, 1.11],
						"15.5417": [0.57, 1.07, 1.11],
						"15.5833": [0.59, 1.09, 1.11],
						"15.625": [0.57, 1.06, 1.11],
						"15.6667": [0.54, 1.01, 1.11],
						"15.7083": [0.4, 0.82, 1.11],
						"15.75": [0.01, 0.29, 1.12],
						"15.7917": [-0.1, 0.15, 1.11],
						"15.8333": [-0.09, 0.17, 1.1],
						"15.875": [0.01, 0.31, 1.08],
						"15.9167": [0.2, 0.55, 1.03],
						"15.9583": [0.21, 0.55, 1.02],
						"16.0": [0.2, 0.52, 1],
						"16.0417": [0.18, 0.47, 0.98],
						"16.0833": [0.15, 0.37, 0.96],
						"16.125": [0.18, 0.2, 0.96],
						"16.1667": [0.23, 0.09, 0.96],
						"16.2083": [0.26, 0.11, 0.98],
						"16.25": [0.34, 0.23, 1.03],
						"16.2917": [0.36, 0.28, 1.02],
						"16.3333": [0.36, 0.28, 0.96],
						"16.375": [0.32, 0.22, 0.81],
						"16.4167": [0.16, -0.01, 0.36],
						"16.4583": [0.07, -0.13, 0.14],
						"16.5": [0.01, -0.22, -0.03],
						"16.5417": [-0.07, -0.34, -0.25],
						"16.5833": [-0.1, -0.32, -0.3],
						"16.625": [-0.08, -0.27, -0.26],
						"16.6667": [-0.07, -0.22, -0.2],
						"16.7083": [-0.05, -0.15, -0.14],
						"16.75": [-0.01, -0.04, -0.03],
						"16.7917": [0, 0, 0],
						"16.8333": [0.01, 0.02, 0.02],
						"16.875": [0.01, 0.03, 0.02],
						"16.9167": [0, 0.01, 0.01],
						"16.9583": [0, 0, 0]
					}
				},
				"lefthand": {
					"rotation": {
						"0.0": [109.80512, -8.72735, -179.16691],
						"8.0": [109.81, -8.73, -179.17],
						"8.0417": [109.81, -8.73, -179.17],
						"8.0833": [109.81, -8.73, -179.17],
						"8.125": [109.81, -8.73, -179.17],
						"8.1667": [109.81, -8.73, -179.17],
						"8.2083": [119.58, -8.38, -187.76],
						"8.25": [139.12, -7.67, -204.93],
						"8.2917": [148.89, -7.31, -213.52],
						"8.3333": [148.89, -7.31, -213.52],
						"8.375": [148.89, -7.31, -213.52],
						"8.4167": [146.54, 12.17, -223.12],
						"8.4583": [146.54, 12.17, -223.12],
						"8.5": [146.54, 12.17, -223.12],
						"8.5417": [146.54, 12.17, -223.12],
						"8.5833": [142.06, 4.1, -228.57],
						"8.625": [139.82, 0.07, -231.3],
						"8.6667": [137.58, -3.96, -234.02],
						"8.7083": [135.34, -8, -236.75],
						"8.75": [133.1, -12.03, -239.47],
						"8.7917": [133.1, -12.03, -239.47],
						"8.8333": [133.1, -12.03, -239.47],
						"8.875": [133.1, -12.03, -239.47],
						"8.9167": [133.1, -12.03, -239.47],
						"8.9583": [133.1, -12.03, -239.47],
						"9.0": [133.1, -12.03, -239.47],
						"9.0417": [133.1, -12.03, -239.47],
						"9.0833": [133.1, -12.03, -239.47],
						"9.125": [133.1, -12.03, -239.47],
						"9.1667": [133.1, -12.03, -239.47],
						"9.2083": [133.1, -12.03, -239.47],
						"9.25": [133.1, -12.03, -239.47],
						"9.2917": [133.1, -12.03, -239.47],
						"9.3333": [133.1, -12.03, -239.47],
						"9.375": [133.1, -12.03, -239.47],
						"9.4167": [133.1, -12.03, -239.47],
						"9.4583": [133.1, -12.03, -239.47],
						"9.5": [133.1, -12.03, -239.47],
						"9.5417": [133.1, -12.03, -239.47],
						"9.5833": [133.1, -12.03, -239.47],
						"9.625": [133.1, -12.03, -239.47],
						"9.6667": [133.1, -12.03, -239.47],
						"9.7083": [133.1, -12.03, -239.47],
						"9.75": [133.1, -12.03, -239.47],
						"9.7917": [133.1, -12.03, -239.47],
						"9.8333": [133.1, -12.03, -239.47],
						"9.875": [133.1, -12.03, -239.47],
						"9.9167": [133.1, -12.03, -239.47],
						"9.9583": [133.1, -12.03, -239.47],
						"10.0": [133.1, -12.03, -239.47],
						"10.0417": [133.1, -12.03, -239.47],
						"10.0833": [133.1, -12.03, -239.47],
						"10.125": [133.1, -12.03, -239.47],
						"10.1667": [133.1, -12.03, -239.47],
						"10.2083": [126.57, -18.54, -219.02],
						"10.25": [113.52, -31.55, -178.12],
						"10.2917": [106.99, -38.06, -157.67],
						"10.3333": [100.47, -44.56, -137.22],
						"10.375": [93.94, -51.07, -116.76],
						"10.4167": [87.41, -57.57, -96.31],
						"10.4583": [87.41, -57.57, -96.31],
						"10.5": [87.41, -57.57, -96.31],
						"10.5417": [87.41, -57.57, -96.31],
						"10.5833": [87.41, -57.57, -96.31],
						"10.625": [87.41, -57.57, -96.31],
						"10.6667": [87.41, -57.57, -96.31],
						"10.7083": [87.41, -57.57, -96.31],
						"10.75": [87.41, -57.57, -96.31],
						"10.7917": [87.41, -57.57, -96.31],
						"10.8333": [87.41, -57.57, -96.31],
						"10.875": [87.41, -57.57, -96.31],
						"10.9167": [87.41, -57.57, -96.31],
						"10.9583": [87.41, -57.57, -96.31],
						"11.0": [87.41, -57.57, -96.31],
						"11.0417": [87.41, -57.57, -96.31],
						"11.0833": [87.41, -57.57, -96.31],
						"11.125": [87.41, -57.57, -96.31],
						"11.1667": [87.41, -57.57, -96.31],
						"11.2083": [87.41, -57.57, -96.31],
						"11.25": [87.41, -57.57, -96.31],
						"11.2917": [87.41, -57.57, -96.31],
						"11.3333": [87.41, -57.57, -96.31],
						"11.375": [87.41, -57.57, -96.31],
						"11.4167": [87.41, -57.57, -96.31],
						"11.4583": [87.41, -57.57, -96.31],
						"11.5": [87.41, -57.57, -96.31],
						"11.5417": [87.41, -57.57, -96.31],
						"11.5833": [87.41, -57.57, -96.31],
						"11.625": [87.41, -57.57, -96.31],
						"11.6667": [87.41, -57.57, -96.31],
						"11.7083": [87.41, -57.57, -96.31],
						"11.75": [87.41, -57.57, -96.31],
						"11.7917": [87.41, -57.57, -96.31],
						"11.8333": [87.41, -57.57, -96.31],
						"11.875": [87.41, -57.57, -96.31],
						"11.9167": [97.93, -49.66, -121.11],
						"11.9583": [108.44, -41.75, -145.91],
						"12.0": [118.96, -33.84, -170.7],
						"12.0417": [129.48, -25.93, -195.5],
						"12.0833": [150.51, -10.12, -245.1],
						"12.125": [161.03, -2.21, -269.89],
						"12.1667": [161.03, -2.21, -269.89],
						"12.2083": [161.03, -2.21, -269.89],
						"12.25": [161.03, -2.21, -269.89],
						"12.2917": [161.03, -2.21, -269.89],
						"12.3333": [161.03, -2.21, -269.89],
						"12.375": [161.03, -2.21, -269.89],
						"12.4167": [161.03, -2.21, -269.89],
						"12.4583": [161.03, -2.21, -269.89],
						"12.5": [161.03, -2.21, -269.89],
						"12.5417": [161.03, -2.21, -269.89],
						"12.5833": [161.03, -2.21, -269.89],
						"12.625": [161.03, -2.21, -269.89],
						"12.6667": [161.03, -2.21, -269.89],
						"12.7083": [161.03, -2.21, -269.89],
						"12.75": [161.03, -2.21, -269.89],
						"12.7917": [161.03, -2.21, -269.89],
						"12.8333": [161.03, -2.21, -269.89],
						"12.875": [161.03, -2.21, -269.89],
						"12.9167": [161.03, -2.21, -269.89],
						"12.9583": [161.03, -2.21, -269.89],
						"13.0": [161.03, -2.21, -269.89],
						"13.0417": [161.03, -2.21, -269.89],
						"13.0833": [181.35, -40.2, -270.72],
						"13.125": [175.56, -38.23, -262.26],
						"13.1667": [169.76, -36.27, -253.8],
						"13.2083": [163.97, -34.3, -245.34],
						"13.25": [152.38, -30.36, -228.41],
						"13.2917": [146.59, -28.4, -219.95],
						"13.3333": [140.79, -26.43, -211.49],
						"13.375": [135, -24.46, -203.02],
						"13.4167": [123.41, -20.53, -186.1],
						"13.4583": [117.62, -18.56, -177.64],
						"13.5": [111.83, -16.59, -169.17],
						"13.5417": [106.03, -14.63, -160.71],
						"13.5833": [108.55, -10.69, -173.02],
						"13.625": [109.81, -8.73, -179.17],
						"13.6667": [109.81, -8.73, -179.17],
						"13.7083": [109.81, -8.73, -179.17],
						"13.75": [109.81, -8.73, -179.17],
						"13.7917": [109.81, -8.73, -179.17],
						"13.8333": [109.81, -8.73, -179.17],
						"13.875": [109.81, -8.73, -179.17],
						"13.9167": [109.81, -8.73, -179.17],
						"13.9583": [109.81, -8.73, -179.17],
						"14.0": [109.81, -8.73, -179.17],
						"14.0417": [109.81, -8.73, -179.17],
						"14.0833": [109.81, -8.73, -179.17],
						"14.125": [109.81, -8.73, -179.17],
						"14.1667": [109.42, -9.97, -179.68],
						"14.2083": [109.04, -11.2, -180.19],
						"14.25": [108.27, -13.68, -181.22],
						"14.2917": [107.88, -14.92, -181.73],
						"14.3333": [107.5, -16.16, -182.24],
						"14.375": [107.5, -16.16, -182.24],
						"14.4167": [107.5, -16.16, -182.24],
						"14.4583": [107.5, -16.16, -182.24],
						"14.5": [107.5, -16.16, -182.24],
						"14.5417": [107.5, -16.16, -182.24],
						"14.5833": [107.5, -16.16, -182.24],
						"14.625": [107.5, -16.16, -182.24],
						"14.6667": [107.5, -16.16, -182.24],
						"14.7083": [107.5, -16.16, -182.24],
						"14.75": [107.5, -16.16, -182.24],
						"14.7917": [107.5, -16.16, -182.24],
						"14.8333": [107.5, -16.16, -182.24],
						"14.875": [107.5, -16.16, -182.24],
						"14.9167": [107.5, -16.16, -182.24],
						"14.9583": [107.5, -16.16, -182.24],
						"15.0": [107.5, -16.16, -182.24],
						"15.0417": [107.5, -16.16, -182.24],
						"15.0833": [107.5, -16.16, -182.24],
						"15.125": [107.5, -16.16, -182.24],
						"15.1667": [107.5, -16.16, -182.24],
						"15.2083": [107.5, -16.16, -182.24],
						"15.25": [107.5, -16.16, -182.24],
						"15.2917": [107.5, -16.16, -182.24],
						"15.3333": [107.5, -16.16, -182.24],
						"15.375": [107.5, -16.16, -182.24],
						"15.4167": [107.5, -16.16, -182.24],
						"15.4583": [107.5, -16.16, -182.24],
						"15.5": [107.5, -16.16, -182.24],
						"15.5417": [107.5, -16.16, -182.24],
						"15.5833": [107.5, -16.16, -182.24],
						"15.625": [107.5, -16.16, -182.24],
						"15.6667": [107.5, -16.16, -182.24],
						"15.7083": [107.5, -16.16, -182.24],
						"15.75": [107.5, -16.16, -182.24],
						"15.7917": [107.57, -15.38, -179.51],
						"15.8333": [107.65, -14.61, -176.78],
						"15.875": [107.72, -13.84, -174.04],
						"15.9167": [107.87, -12.29, -168.58],
						"15.9583": [107.87, -12.29, -168.58],
						"16.0": [107.87, -12.29, -168.58],
						"16.0417": [107.87, -12.29, -168.58],
						"16.0833": [107.87, -12.29, -168.58],
						"16.125": [107.87, -12.29, -168.58],
						"16.1667": [107.87, -12.29, -168.58],
						"16.2083": [107.87, -12.29, -168.58],
						"16.25": [107.87, -12.29, -168.58],
						"16.2917": [108.08, -11.23, -169.64],
						"16.3333": [108.3, -10.18, -170.71],
						"16.375": [108.52, -9.12, -171.78],
						"16.4167": [108.95, -7.01, -173.91],
						"16.4583": [109.16, -5.96, -174.97],
						"16.5": [109.48, -7.34, -177.07],
						"16.5417": [109.80512, -8.72735, -179.16691]
					},
					"position": {
						"0.0": [9.75, -25.2125, 8.15625],
						"8.0": [7.75, -17.21, 5.16],
						"8.0417": [7.75, -17.21, 5.16],
						"8.0833": [7.75, -17.21, 5.16],
						"8.125": [7.75, -17.21, 5.16],
						"8.1667": [7.75, -17.21, 5.16],
						"8.2083": [7.8, -16.63, 5.56],
						"8.25": [7.9, -15.47, 6.38],
						"8.2917": [7.95, -14.89, 6.78],
						"8.3333": [7.95, -14.89, 6.78],
						"8.375": [7.95, -14.89, 6.78],
						"8.4167": [7.85, -15.34, 6.88],
						"8.4583": [7.85, -15.34, 6.88],
						"8.5": [7.85, -15.34, 6.88],
						"8.5417": [7.85, -15.34, 6.88],
						"8.5833": [9.18, -17.55, 6.85],
						"8.625": [9.85, -18.65, 6.84],
						"8.6667": [10.52, -19.75, 6.82],
						"8.7083": [11.18, -20.85, 6.81],
						"8.75": [11.85, -21.96, 6.8],
						"8.7917": [11.85, -21.96, 6.8],
						"8.8333": [11.85, -21.96, 6.8],
						"8.875": [11.85, -21.96, 6.8],
						"8.9167": [9.71, -25.29, 8.12],
						"8.9583": [7.57, -28.62, 9.44],
						"9.0": [5.43, -31.95, 10.76],
						"9.0417": [3.29, -35.28, 12.09],
						"9.0833": [3.56, -34.96, 11.94],
						"9.125": [3.7, -34.8, 11.87],
						"9.1667": [3.83, -34.64, 11.79],
						"9.2083": [3.97, -34.48, 11.72],
						"9.25": [4.25, -34.16, 11.57],
						"9.2917": [4.38, -34, 11.5],
						"9.3333": [4.52, -33.84, 11.42],
						"9.375": [4.66, -33.68, 11.35],
						"9.4167": [4.93, -33.36, 11.2],
						"9.4583": [5.07, -33.2, 11.13],
						"9.5": [5.2, -33.04, 11.06],
						"9.5417": [5.34, -32.88, 10.98],
						"9.5833": [5.61, -32.56, 10.84],
						"9.625": [5.75, -32.4, 10.76],
						"9.6667": [5.89, -32.24, 10.69],
						"9.7083": [6.02, -32.07, 10.62],
						"9.75": [6.3, -31.75, 10.47],
						"9.7917": [6.43, -31.59, 10.4],
						"9.8333": [6.57, -31.43, 10.32],
						"9.875": [6.71, -31.27, 10.25],
						"9.9167": [6.98, -30.95, 10.1],
						"9.9583": [7.12, -30.79, 10.03],
						"10.0": [7.26, -30.63, 9.96],
						"10.0417": [7.39, -30.47, 9.88],
						"10.0833": [7.67, -30.15, 9.74],
						"10.125": [7.8, -29.99, 9.66],
						"10.1667": [7.94, -29.83, 9.59],
						"10.2083": [7.79, -28.49, 9.24],
						"10.25": [7.49, -25.82, 8.54],
						"10.2917": [7.35, -24.48, 8.18],
						"10.3333": [7.2, -23.14, 7.83],
						"10.375": [7.05, -21.8, 7.48],
						"10.4167": [6.9, -20.46, 7.13],
						"10.4583": [6.9, -20.46, 7.13],
						"10.5": [6.9, -20.46, 7.13],
						"10.5417": [6.9, -20.46, 7.13],
						"10.5833": [6.9, -20.46, 7.13],
						"10.625": [6.9, -20.46, 7.13],
						"10.6667": [6.9, -20.46, 7.13],
						"10.7083": [6.9, -20.46, 7.13],
						"10.75": [6.9, -20.46, 7.13],
						"10.7917": [6.9, -20.46, 7.13],
						"10.8333": [6.9, -20.46, 7.13],
						"10.875": [6.9, -20.46, 7.13],
						"10.9167": [6.9, -20.46, 7.13],
						"10.9583": [6.9, -20.46, 7.13],
						"11.0": [6.9, -20.46, 7.13],
						"11.0417": [6.9, -20.46, 7.13],
						"11.0833": [6.9, -20.46, 7.13],
						"11.125": [6.9, -20.46, 7.13],
						"11.1667": [6.9, -20.46, 7.13],
						"11.2083": [6.9, -20.46, 7.13],
						"11.25": [6.9, -20.46, 7.13],
						"11.2917": [6.9, -20.46, 7.13],
						"11.3333": [6.9, -20.46, 7.13],
						"11.375": [6.9, -20.46, 7.13],
						"11.4167": [6.9, -20.46, 7.13],
						"11.4583": [6.9, -20.46, 7.13],
						"11.5": [6.9, -20.46, 7.13],
						"11.5417": [6.9, -20.46, 7.13],
						"11.5833": [6.9, -20.46, 7.13],
						"11.625": [6.9, -20.46, 7.13],
						"11.6667": [6.9, -20.46, 7.13],
						"11.7083": [6.9, -20.46, 7.13],
						"11.75": [6.9, -20.46, 7.13],
						"11.7917": [6.9, -20.46, 7.13],
						"11.8333": [6.9, -20.46, 7.13],
						"11.875": [6.9, -20.46, 7.13],
						"11.9167": [7.44, -19.38, 7.38],
						"11.9583": [7.98, -18.3, 7.62],
						"12.0": [8.51, -17.22, 7.86],
						"12.0417": [9.05, -16.14, 8.11],
						"12.0833": [7.36, -13.78, 8.54],
						"12.125": [6.51, -12.61, 8.76],
						"12.1667": [6.51, -12.61, 8.76],
						"12.2083": [6.51, -12.61, 8.76],
						"12.25": [6.51, -12.61, 8.76],
						"12.2917": [6.51, -12.61, 8.76],
						"12.3333": [6.51, -12.61, 8.76],
						"12.375": [6.53, -12.57, 9.26],
						"12.4167": [6.56, -12.49, 10.26],
						"12.4583": [6.56, -12.49, 10.34],
						"12.5": [6.56, -12.49, 10.41],
						"12.5417": [6.56, -12.49, 10.39],
						"12.5833": [6.56, -12.49, 10.34],
						"12.625": [6.56, -12.49, 10.32],
						"12.6667": [6.56, -12.49, 10.32],
						"12.7083": [6.56, -12.49, 10.32],
						"12.75": [6.56, -12.49, 10.32],
						"12.7917": [6.56, -12.49, 10.32],
						"12.8333": [6.56, -12.49, 10.32],
						"12.875": [6.56, -12.49, 10.32],
						"12.9167": [6.56, -12.49, 10.32],
						"12.9583": [6.56, -12.49, 10.32],
						"13.0": [6.56, -12.49, 10.32],
						"13.0417": [6.56, -12.49, 10.32],
						"13.0833": [5.89, -11.85, 12.77],
						"13.125": [6.62, -12.4, 12.42],
						"13.1667": [7.36, -12.94, 12.06],
						"13.2083": [8.09, -13.48, 11.7],
						"13.25": [9.56, -14.56, 10.99],
						"13.2917": [10.3, -15.11, 10.63],
						"13.3333": [11.03, -15.65, 10.28],
						"13.375": [11.77, -16.19, 9.92],
						"13.4167": [10.47, -16.6, 7.76],
						"13.4583": [9.82, -16.8, 6.69],
						"13.5": [9.16, -17.01, 5.61],
						"13.5417": [8.51, -17.21, 4.53],
						"13.5833": [8, -17.21, 4.95],
						"13.625": [7.75, -17.21, 5.16],
						"13.6667": [7.75, -17.21, 5.16],
						"13.7083": [7.75, -17.21, 5.16],
						"13.75": [7.75, -17.21, 5.16],
						"13.7917": [7.75, -17.21, 5.16],
						"13.8333": [7.75, -17.21, 5.16],
						"13.875": [7.75, -17.21, 5.16],
						"13.9167": [7.75, -17.21, 5.16],
						"13.9583": [7.75, -17.21, 5.16],
						"14.0": [7.75, -17.21, 5.16],
						"14.0417": [7.75, -17.21, 5.16],
						"14.0833": [7.75, -17.21, 5.16],
						"14.125": [7.75, -17.21, 5.16],
						"14.1667": [7.75, -17.21, 5.16],
						"14.2083": [7.75, -17.21, 5.16],
						"14.25": [7.75, -17.21, 5.16],
						"14.2917": [7.75, -17.21, 5.16],
						"14.3333": [7.75, -17.21, 5.16],
						"14.375": [7.75, -17.21, 5.16],
						"14.4167": [7.75, -17.21, 5.16],
						"14.4583": [7.75, -17.21, 5.16],
						"14.5": [7.75, -17.21, 5.16],
						"14.5417": [7.75, -17.21, 5.16],
						"14.5833": [7.75, -17.21, 5.16],
						"14.625": [7.75, -17.21, 5.16],
						"14.6667": [7.75, -17.21, 5.16],
						"14.7083": [7.75, -17.21, 5.16],
						"14.75": [7.75, -17.21, 5.16],
						"14.7917": [7.75, -17.21, 5.16],
						"14.8333": [7.75, -17.21, 5.16],
						"14.875": [7.75, -17.21, 5.16],
						"14.9167": [7.75, -17.21, 5.16],
						"14.9583": [7.75, -17.21, 5.16],
						"15.0": [7.75, -17.21, 5.16],
						"15.0417": [7.75, -17.21, 5.16],
						"15.0833": [7.75, -17.21, 5.16],
						"15.125": [7.75, -17.21, 5.16],
						"15.1667": [7.75, -17.21, 5.16],
						"15.2083": [7.75, -17.21, 5.16],
						"15.25": [7.75, -17.21, 5.16],
						"15.2917": [7.75, -17.21, 5.16],
						"15.3333": [7.75, -17.21, 5.16],
						"15.375": [7.75, -17.21, 5.16],
						"15.4167": [7.75, -17.21, 5.16],
						"15.4583": [7.75, -17.21, 5.16],
						"15.5": [7.75, -17.21, 5.16],
						"15.5417": [7.75, -17.21, 5.16],
						"15.5833": [7.75, -17.21, 5.16],
						"15.625": [7.75, -17.21, 5.16],
						"15.6667": [7.75, -17.21, 5.16],
						"15.7083": [7.75, -17.21, 5.16],
						"15.75": [7.75, -17.21, 5.16],
						"15.7917": [7.69, -17.43, 5.22],
						"15.8333": [7.62, -17.66, 5.29],
						"15.875": [7.55, -17.88, 5.35],
						"15.9167": [7.43, -18.32, 5.48],
						"15.9583": [7.43, -18.32, 5.48],
						"16.0": [7.43, -18.32, 5.48],
						"16.0417": [7.43, -18.32, 5.48],
						"16.0833": [7.43, -18.32, 5.48],
						"16.125": [7.43, -18.32, 5.48],
						"16.1667": [7.43, -18.32, 5.48],
						"16.2083": [7.43, -18.32, 5.48],
						"16.25": [7.43, -18.32, 5.48],
						"16.2917": [7.5, -18.16, 5.39],
						"16.3333": [7.57, -18, 5.29],
						"16.375": [7.64, -17.83, 5.19],
						"16.4167": [7.79, -17.5, 5],
						"16.4583": [7.86, -17.34, 4.91],
						"16.5": [7.81, -17.28, 5.03],
						"16.5417": [9.75, -25.2125, 8.15625]
					},
					"scale": {
						"0.0": [1, 1.5, 1],
						"8.0": [1, 1.5, 1],
						"16.5417": [1, 1.5, 1]
					}
				},
				"righthand": {
					"rotation": {
						"0.0": [-264.97476, 6.2574, -176.94134],
						"8.0": [-264.97, 6.26, -176.94],
						"8.0417": [-264.97, 6.26, -176.94],
						"8.0833": [-264.97, 6.26, -176.94],
						"8.125": [-264.97, 6.26, -176.94],
						"8.1667": [-264.97, 6.26, -176.94],
						"8.2083": [-264.97, 6.26, -176.94],
						"8.25": [-264.97, 6.26, -176.94],
						"8.2917": [-264.97, 6.26, -176.94],
						"8.3333": [-264.97, 6.26, -176.94],
						"8.375": [-264.97, 6.26, -176.94],
						"8.4167": [-264.97, 6.26, -176.94],
						"8.4583": [-264.97, 6.26, -176.94],
						"8.5": [-264.97, 6.26, -176.94],
						"8.5417": [-264.97, 6.26, -176.94],
						"8.5833": [-264.97, 6.26, -176.94],
						"8.625": [-264.97, 6.26, -176.94],
						"8.6667": [-264.97, 6.26, -176.94],
						"8.7083": [-264.97, 6.26, -176.94],
						"8.75": [-264.97, 6.26, -176.94],
						"8.7917": [-264.97, 6.26, -176.94],
						"8.8333": [-264.97, 6.26, -176.94],
						"8.875": [-264.97, 6.26, -176.94],
						"8.9167": [-264.97, 6.26, -176.94],
						"8.9583": [-264.97, 6.26, -176.94],
						"9.0": [-264.97, 6.26, -176.94],
						"9.0417": [-264.97, 6.26, -176.94],
						"9.0833": [-264.97, 6.26, -176.94],
						"9.125": [-264.97, 6.26, -176.94],
						"9.1667": [-264.97, 6.26, -176.94],
						"9.2083": [-264.97, 6.26, -176.94],
						"9.25": [-264.97, 6.26, -176.94],
						"9.2917": [-264.97, 6.26, -176.94],
						"9.3333": [-264.97, 6.26, -176.94],
						"9.375": [-264.97, 6.26, -176.94],
						"9.4167": [-264.97, 6.26, -176.94],
						"9.4583": [-264.97, 6.26, -176.94],
						"9.5": [-264.97, 6.26, -176.94],
						"9.5417": [-264.97, 6.26, -176.94],
						"9.5833": [-264.97, 6.26, -176.94],
						"9.625": [-264.97, 6.26, -176.94],
						"9.6667": [-264.97, 6.26, -176.94],
						"9.7083": [-264.97, 6.26, -176.94],
						"9.75": [-264.97, 6.26, -176.94],
						"9.7917": [-264.97, 6.26, -176.94],
						"9.8333": [-264.97, 6.26, -176.94],
						"9.875": [-264.97, 6.26, -176.94],
						"9.9167": [-264.97, 6.26, -176.94],
						"9.9583": [-264.97, 6.26, -176.94],
						"10.0": [-264.97, 6.26, -176.94],
						"10.0417": [-264.97, 6.26, -176.94],
						"10.0833": [-264.97, 6.26, -176.94],
						"10.125": [-264.97, 6.26, -176.94],
						"10.1667": [-264.97, 6.26, -176.94],
						"10.2083": [-264.97, 6.26, -176.94],
						"10.25": [-264.97, 6.26, -176.94],
						"10.2917": [-264.97, 6.26, -176.94],
						"10.3333": [-264.97, 6.26, -176.94],
						"10.375": [-264.97, 6.26, -176.94],
						"10.4167": [-264.97, 6.26, -176.94],
						"10.4583": [-264.97, 6.26, -176.94],
						"10.5": [-264.97, 6.26, -176.94],
						"10.5417": [-264.97, 6.26, -176.94],
						"10.5833": [-264.97, 6.26, -176.94],
						"10.625": [-264.97, 6.26, -176.94],
						"10.6667": [-264.97, 6.26, -176.94],
						"10.7083": [-264.97, 6.26, -176.94],
						"10.75": [-264.97, 6.26, -176.94],
						"10.7917": [-264.97, 6.26, -176.94],
						"10.8333": [-264.97, 6.26, -176.94],
						"10.875": [-264.97, 6.26, -176.94],
						"10.9167": [-264.97, 6.26, -176.94],
						"10.9583": [-264.97, 6.26, -176.94],
						"11.0": [-264.97, 6.26, -176.94],
						"11.0417": [-264.97, 6.26, -176.94],
						"11.0833": [-264.97, 6.26, -176.94],
						"11.125": [-264.97, 6.26, -176.94],
						"11.1667": [-264.97, 6.26, -176.94],
						"11.2083": [-264.97, 6.26, -176.94],
						"11.25": [-264.97, 6.26, -176.94],
						"11.2917": [-264.97, 6.26, -176.94],
						"11.3333": [-264.97, 6.26, -176.94],
						"11.375": [-264.97, 6.26, -176.94],
						"11.4167": [-264.97, 6.26, -176.94],
						"11.4583": [-264.97, 6.26, -176.94],
						"11.5": [-264.97, 6.26, -176.94],
						"11.5417": [-264.97, 6.26, -176.94],
						"11.5833": [-264.97, 6.26, -176.94],
						"11.625": [-264.97, 6.26, -176.94],
						"11.6667": [-264.97, 6.26, -176.94],
						"11.7083": [-264.97, 6.26, -176.94],
						"11.75": [-264.97, 6.26, -176.94],
						"11.7917": [-264.97, 6.26, -176.94],
						"11.8333": [-264.97, 6.26, -176.94],
						"11.875": [-264.97, 6.26, -176.94],
						"11.9167": [-264.97, 6.26, -176.94],
						"11.9583": [-264.97, 6.26, -176.94],
						"12.0": [-264.97, 6.26, -176.94],
						"12.0417": [-264.97, 6.26, -176.94],
						"12.0833": [-264.97, 6.26, -176.94],
						"12.125": [-264.97, 6.26, -176.94],
						"12.1667": [-264.97, 6.26, -176.94],
						"12.2083": [-264.97, 6.26, -176.94],
						"12.25": [-264.97, 6.26, -176.94],
						"12.2917": [-264.97, 6.26, -176.94],
						"12.3333": [-264.97, 6.26, -176.94],
						"12.375": [-264.97, 6.26, -176.94],
						"12.4167": [-264.97, 6.26, -176.94],
						"12.4583": [-264.97, 6.26, -176.94],
						"12.5": [-264.97, 6.26, -176.94],
						"12.5417": [-264.97, 6.26, -176.94],
						"12.5833": [-264.97, 6.26, -176.94],
						"12.625": [-264.97, 6.26, -176.94],
						"12.6667": [-264.97, 6.26, -176.94],
						"12.7083": [-264.97, 6.26, -176.94],
						"12.75": [-264.97, 6.26, -176.94],
						"12.7917": [-264.97, 6.26, -176.94],
						"12.8333": [-264.97, 6.26, -176.94],
						"12.875": [-264.97, 6.26, -176.94],
						"12.9167": [-264.97, 6.26, -176.94],
						"12.9583": [-264.97, 6.26, -176.94],
						"13.0": [-264.97, 6.26, -176.94],
						"13.0417": [-264.97, 6.26, -176.94],
						"13.0833": [-264.97, 6.26, -176.94],
						"13.125": [-264.97, 6.26, -176.94],
						"13.1667": [-264.97, 6.26, -176.94],
						"13.2083": [-264.97, 6.26, -176.94],
						"13.25": [-264.97, 6.26, -176.94],
						"13.2917": [-264.97, 6.26, -176.94],
						"13.3333": [-264.97, 6.26, -176.94],
						"13.375": [-264.97, 6.26, -176.94],
						"13.4167": [-264.97, 6.26, -176.94],
						"13.4583": [-264.97, 6.26, -176.94],
						"13.5": [-264.97, 6.26, -176.94],
						"13.5417": [-264.97, 6.26, -176.94],
						"13.5833": [-264.97, 6.26, -176.94],
						"13.625": [-264.97, 6.26, -176.94],
						"13.6667": [-264.97, 6.26, -176.94],
						"13.7083": [-264.97, 6.26, -176.94],
						"13.75": [-264.97, 6.26, -176.94],
						"13.7917": [-264.97, 6.26, -176.94],
						"13.8333": [-264.97, 6.26, -176.94],
						"13.875": [-264.97, 6.26, -176.94],
						"13.9167": [-264.97, 6.26, -176.94],
						"13.9583": [-264.97, 6.26, -176.94],
						"14.0": [-264.97, 6.26, -176.94],
						"14.0417": [-264.97, 6.26, -176.94],
						"14.0833": [-264.97, 6.26, -176.94],
						"14.125": [-264.97, 6.26, -176.94],
						"14.1667": [-264.97, 6.26, -176.94],
						"14.2083": [-264.97, 6.26, -176.94],
						"14.25": [-264.97, 6.26, -176.94],
						"14.2917": [-264.97, 6.26, -176.94],
						"14.3333": [-264.97, 6.26, -176.94],
						"14.375": [-264.97, 6.26, -176.94],
						"14.4167": [-264.97, 6.26, -176.94],
						"14.4583": [-264.97, 6.26, -176.94],
						"14.5": [-264.97, 6.26, -176.94],
						"14.5417": [-264.97, 6.26, -176.94],
						"14.5833": [-264.97, 6.26, -176.94],
						"14.625": [-264.97, 6.26, -176.94],
						"14.6667": [-264.97, 6.26, -176.94],
						"14.7083": [-264.97, 6.26, -176.94],
						"14.75": [-264.97, 6.26, -176.94],
						"14.7917": [-264.97, 6.26, -176.94],
						"14.8333": [-264.97, 6.26, -176.94],
						"14.875": [-264.97, 6.26, -176.94],
						"14.9167": [-264.97, 6.26, -176.94],
						"14.9583": [-264.97, 6.26, -176.94],
						"15.0": [-264.97, 6.26, -176.94],
						"15.0417": [-264.97, 6.26, -176.94],
						"15.0833": [-264.97, 6.26, -176.94],
						"15.125": [-264.97, 6.26, -176.94],
						"15.1667": [-264.97, 6.26, -176.94],
						"15.2083": [-264.97, 6.26, -176.94],
						"15.25": [-264.97, 6.26, -176.94],
						"15.2917": [-264.97, 6.26, -176.94],
						"15.3333": [-264.97, 6.26, -176.94],
						"15.375": [-264.97, 6.26, -176.94],
						"15.4167": [-264.97, 6.26, -176.94],
						"15.4583": [-264.97, 6.26, -176.94],
						"15.5": [-264.97, 6.26, -176.94],
						"15.5417": [-264.97, 6.26, -176.94],
						"15.5833": [-264.97, 6.26, -176.94],
						"15.625": [-264.97, 6.26, -176.94],
						"15.6667": [-264.97, 6.26, -176.94],
						"15.7083": [-264.97, 6.26, -176.94],
						"15.75": [-264.97, 6.26, -176.94],
						"15.7917": [-263.02, 6.53, -177.29],
						"15.8333": [-261.07, 6.79, -177.64],
						"15.875": [-259.12, 7.06, -177.99],
						"15.9167": [-255.22, 7.59, -178.68],
						"15.9583": [-255.22, 7.59, -178.68],
						"16.0": [-255.22, 7.59, -178.68],
						"16.0417": [-255.22, 7.59, -178.68],
						"16.0833": [-254.87, 6.81, -175.77],
						"16.125": [-233.45, 12.94, -185.81],
						"16.1667": [-233.19, 11.94, -184.45],
						"16.2083": [-232.65, 9.93, -181.73],
						"16.25": [-243.42, 8.71, -180.14],
						"16.2917": [-248.81, 8.1, -179.34],
						"16.3333": [-259.58, 6.87, -177.74],
						"16.375": [-264.97476, 6.2574, -176.94134]
					},
					"position": {
						"0.0": [-9.9125, -24.625, 8.8875],
						"8.0": [-6.91, -16.62, 5.89],
						"8.0417": [-6.91, -16.62, 5.89],
						"8.0833": [-6.91, -16.62, 5.89],
						"8.125": [-6.91, -16.62, 5.89],
						"8.1667": [-6.91, -16.62, 5.89],
						"8.2083": [-6.91, -16.62, 5.89],
						"8.25": [-6.91, -16.62, 5.89],
						"8.2917": [-6.91, -16.62, 5.89],
						"8.3333": [-6.91, -16.62, 5.89],
						"8.375": [-6.91, -16.62, 5.89],
						"8.4167": [-6.91, -16.62, 5.89],
						"8.4583": [-6.91, -16.62, 5.89],
						"8.5": [-6.91, -16.62, 5.89],
						"8.5417": [-6.91, -16.62, 5.89],
						"8.5833": [-6.91, -16.62, 5.89],
						"8.625": [-6.91, -16.62, 5.89],
						"8.6667": [-6.91, -16.62, 5.89],
						"8.7083": [-6.91, -16.62, 5.89],
						"8.75": [-7.79, -16.62, 5.89],
						"8.7917": [-8.22, -16.62, 5.89],
						"8.8333": [-8.22, -16.62, 5.89],
						"8.875": [-8.22, -16.62, 5.89],
						"8.9167": [-8.22, -16.62, 5.89],
						"8.9583": [-8.22, -16.62, 5.89],
						"9.0": [-8.22, -16.62, 5.89],
						"9.0417": [-8.22, -16.62, 5.89],
						"9.0833": [-8.22, -16.62, 5.89],
						"9.125": [-8.22, -16.62, 5.89],
						"9.1667": [-8.22, -16.62, 5.89],
						"9.2083": [-8.22, -16.62, 5.89],
						"9.25": [-8.22, -16.62, 5.89],
						"9.2917": [-8.22, -16.62, 5.89],
						"9.3333": [-8.22, -16.62, 5.89],
						"9.375": [-8.22, -16.62, 5.89],
						"9.4167": [-8.22, -16.62, 5.89],
						"9.4583": [-8.22, -16.62, 5.89],
						"9.5": [-8.22, -16.62, 5.89],
						"9.5417": [-8.22, -16.62, 5.89],
						"9.5833": [-8.22, -16.62, 5.89],
						"9.625": [-8.22, -16.62, 5.89],
						"9.6667": [-8.22, -16.62, 5.89],
						"9.7083": [-8.22, -16.62, 5.89],
						"9.75": [-8.22, -16.62, 5.89],
						"9.7917": [-8.22, -16.62, 5.89],
						"9.8333": [-8.22, -16.62, 5.89],
						"9.875": [-8.22, -16.62, 5.89],
						"9.9167": [-8.22, -16.62, 5.89],
						"9.9583": [-8.22, -16.62, 5.89],
						"10.0": [-8.22, -16.62, 5.89],
						"10.0417": [-8.22, -16.62, 5.89],
						"10.0833": [-8.22, -16.62, 5.89],
						"10.125": [-8.22, -16.62, 5.89],
						"10.1667": [-8.22, -16.62, 5.89],
						"10.2083": [-8.22, -16.62, 5.89],
						"10.25": [-8.22, -16.62, 5.89],
						"10.2917": [-8.22, -16.62, 5.89],
						"10.3333": [-8.22, -16.62, 5.89],
						"10.375": [-8.22, -16.62, 5.89],
						"10.4167": [-8.22, -16.62, 5.89],
						"10.4583": [-8.22, -16.62, 5.89],
						"10.5": [-8.22, -16.62, 5.89],
						"10.5417": [-8.22, -16.62, 5.89],
						"10.5833": [-8.22, -16.62, 5.89],
						"10.625": [-8.22, -16.62, 5.89],
						"10.6667": [-8.22, -16.62, 5.89],
						"10.7083": [-8.22, -16.62, 5.89],
						"10.75": [-8.22, -16.62, 5.89],
						"10.7917": [-8.22, -16.62, 5.89],
						"10.8333": [-8.22, -16.62, 5.89],
						"10.875": [-8.22, -16.62, 5.89],
						"10.9167": [-8.22, -16.62, 5.89],
						"10.9583": [-8.22, -16.62, 5.89],
						"11.0": [-8.22, -16.62, 5.89],
						"11.0417": [-8.22, -16.62, 5.89],
						"11.0833": [-8.22, -16.62, 5.89],
						"11.125": [-8.22, -16.62, 5.89],
						"11.1667": [-8.22, -16.62, 5.89],
						"11.2083": [-8.22, -16.62, 5.89],
						"11.25": [-8.22, -16.62, 5.89],
						"11.2917": [-8.22, -16.62, 5.89],
						"11.3333": [-8.22, -16.62, 5.89],
						"11.375": [-8.22, -16.62, 5.89],
						"11.4167": [-8.22, -16.62, 5.89],
						"11.4583": [-8.22, -16.62, 5.89],
						"11.5": [-8.22, -16.62, 5.89],
						"11.5417": [-8.22, -16.62, 5.89],
						"11.5833": [-8.22, -16.62, 5.89],
						"11.625": [-8.22, -16.62, 5.89],
						"11.6667": [-8.22, -16.62, 5.89],
						"11.7083": [-8.22, -16.62, 5.89],
						"11.75": [-8.22, -16.62, 5.89],
						"11.7917": [-8.22, -16.62, 5.89],
						"11.8333": [-8.22, -16.62, 5.89],
						"11.875": [-8.22, -16.62, 5.89],
						"11.9167": [-8.22, -16.62, 5.89],
						"11.9583": [-7.9, -16.62, 5.89],
						"12.0": [-7.57, -16.62, 5.89],
						"12.0417": [-7.24, -16.62, 5.89],
						"12.0833": [-6.91, -16.62, 5.89],
						"12.125": [-6.91, -16.62, 5.89],
						"12.1667": [-6.91, -16.62, 5.89],
						"12.2083": [-6.91, -16.62, 5.89],
						"12.25": [-6.91, -16.62, 5.89],
						"12.2917": [-6.91, -16.62, 5.89],
						"12.3333": [-6.91, -16.62, 5.89],
						"12.375": [-6.91, -16.62, 5.89],
						"12.4167": [-6.91, -16.62, 5.89],
						"12.4583": [-6.91, -16.62, 5.89],
						"12.5": [-6.91, -16.62, 5.89],
						"12.5417": [-6.91, -16.62, 5.89],
						"12.5833": [-6.91, -16.62, 5.89],
						"12.625": [-6.91, -16.62, 5.89],
						"12.6667": [-6.91, -16.62, 5.89],
						"12.7083": [-6.91, -16.62, 5.89],
						"12.75": [-6.91, -16.62, 5.89],
						"12.7917": [-6.91, -16.62, 5.89],
						"12.8333": [-6.91, -16.62, 5.89],
						"12.875": [-6.91, -16.62, 5.89],
						"12.9167": [-6.91, -16.62, 5.89],
						"12.9583": [-6.91, -16.62, 5.89],
						"13.0": [-6.91, -16.62, 5.89],
						"13.0417": [-6.91, -16.62, 5.89],
						"13.0833": [-6.91, -16.62, 5.89],
						"13.125": [-6.91, -16.62, 5.89],
						"13.1667": [-6.91, -16.62, 5.89],
						"13.2083": [-6.91, -16.62, 5.89],
						"13.25": [-6.91, -16.62, 5.89],
						"13.2917": [-6.91, -16.62, 5.89],
						"13.3333": [-6.91, -16.62, 5.89],
						"13.375": [-6.91, -16.62, 5.89],
						"13.4167": [-6.91, -16.62, 5.89],
						"13.4583": [-6.91, -16.62, 5.89],
						"13.5": [-6.91, -16.62, 5.89],
						"13.5417": [-6.91, -16.62, 5.89],
						"13.5833": [-6.91, -16.62, 5.89],
						"13.625": [-6.91, -16.62, 5.89],
						"13.6667": [-6.91, -16.62, 5.89],
						"13.7083": [-6.91, -16.62, 5.89],
						"13.75": [-6.91, -16.62, 5.89],
						"13.7917": [-6.91, -16.62, 5.89],
						"13.8333": [-6.91, -16.62, 5.89],
						"13.875": [-6.91, -16.62, 5.89],
						"13.9167": [-6.91, -16.62, 5.89],
						"13.9583": [-6.91, -16.62, 5.89],
						"14.0": [-6.91, -16.62, 5.89],
						"14.0417": [-6.91, -16.62, 5.89],
						"14.0833": [-6.91, -16.62, 5.89],
						"14.125": [-6.91, -16.62, 5.89],
						"14.1667": [-6.91, -16.62, 5.89],
						"14.2083": [-6.91, -16.62, 5.89],
						"14.25": [-6.91, -16.62, 5.89],
						"14.2917": [-6.91, -16.62, 5.89],
						"14.3333": [-6.91, -16.62, 5.89],
						"14.375": [-6.91, -16.62, 5.89],
						"14.4167": [-6.91, -16.62, 5.89],
						"14.4583": [-6.91, -16.62, 5.89],
						"14.5": [-6.91, -16.62, 5.89],
						"14.5417": [-6.91, -16.62, 5.89],
						"14.5833": [-6.91, -16.62, 5.89],
						"14.625": [-6.91, -16.62, 5.89],
						"14.6667": [-6.91, -16.62, 5.89],
						"14.7083": [-6.91, -16.62, 5.89],
						"14.75": [-6.91, -16.62, 5.89],
						"14.7917": [-6.91, -16.62, 5.89],
						"14.8333": [-6.91, -16.62, 5.89],
						"14.875": [-6.91, -16.62, 5.89],
						"14.9167": [-6.91, -16.62, 5.89],
						"14.9583": [-6.91, -16.62, 5.89],
						"15.0": [-6.91, -16.62, 5.89],
						"15.0417": [-6.91, -16.62, 5.89],
						"15.0833": [-6.91, -16.62, 5.89],
						"15.125": [-6.91, -16.62, 5.89],
						"15.1667": [-6.91, -16.62, 5.89],
						"15.2083": [-6.91, -16.62, 5.89],
						"15.25": [-6.91, -16.62, 5.89],
						"15.2917": [-6.91, -16.62, 5.89],
						"15.3333": [-6.91, -16.62, 5.89],
						"15.375": [-6.91, -16.62, 5.89],
						"15.4167": [-6.91, -16.62, 5.89],
						"15.4583": [-6.91, -16.62, 5.89],
						"15.5": [-6.91, -16.62, 5.89],
						"15.5417": [-6.91, -16.62, 5.89],
						"15.5833": [-6.91, -16.62, 5.89],
						"15.625": [-6.91, -16.62, 5.89],
						"15.6667": [-6.91, -16.62, 5.89],
						"15.7083": [-6.91, -16.62, 5.89],
						"15.75": [-6.91, -16.62, 5.89],
						"15.7917": [-6.89, -16.61, 6.11],
						"15.8333": [-6.86, -16.6, 6.34],
						"15.875": [-6.84, -16.58, 6.57],
						"15.9167": [-6.78, -16.56, 7.02],
						"15.9583": [-6.78, -16.56, 7.02],
						"16.0": [-6.78, -16.56, 7.02],
						"16.0417": [-6.78, -16.56, 7.02],
						"16.0833": [-6.78, -14.32, 7.13],
						"16.125": [-6.66, -14.57, 12.62],
						"16.1667": [-6.66, -14.57, 12.68],
						"16.2083": [-6.66, -14.57, 12.8],
						"16.25": [-6.75, -13.92, 11.5],
						"16.2917": [-6.79, -14.1, 11.35],
						"16.3333": [-6.87, -16.45, 6.04],
						"16.375": [-9.9125, -24.625, 8.8875]
					},
					"scale": {
						"0.0": [1, 1.5, 1],
						"8.0": [1, 1.5, 1],
						"16.375": [1, 1.5, 1]
					}
				},
				"mag_and_lefthand": {
					"rotation": {
						"10.5": [0, 0, 0],
						"10.5417": [0.11, 0.04, 0.09],
						"10.5833": [0, 0, 0],
						"10.625": [-2.5, -0.54, -2.88],
						"10.6667": [-2.89, -0.95, -2.35],
						"10.7083": [0.34, -0.8, 3.09],
						"10.75": [10.5, -0.12, 19.52],
						"10.7917": [14, 0, 25],
						"10.8333": [14.84, -0.07, 26.18],
						"10.875": [15.29, -0.2, 26.66],
						"10.9167": [15.32, -0.6, 26.07],
						"10.9583": [15.05, -0.82, 25.33],
						"11.0": [14.69, -1.03, 24.49],
						"11.0417": [14.32, -1.21, 23.7],
						"11.0833": [13.65, -1.49, 22.83],
						"11.125": [13.27, -1.66, 22.84],
						"11.1667": [12.76, -1.8, 22.77],
						"11.2083": [12.06, -1.85, 22.23],
						"11.25": [9.78, -1.46, 18.26],
						"11.2917": [5.49, 0.16, 6.89],
						"11.3333": [0.12, 2.36, -7.85],
						"11.375": [-4.23, 3.6, -16.82],
						"11.4167": [-7.41, 1.2, -5.61],
						"11.4583": [-9, 0, 0],
						"11.5": [-9.4, 0, 0],
						"11.5417": [-9.8, 0, 0],
						"11.5833": [-10.6, 0, 0],
						"11.625": [-11, 0, 0],
						"11.6667": [-11, 0, 0],
						"11.7083": [0, 0, 0],
						"11.75": [0, 0, 0]
					},
					"position": {
						"10.5": [0, 0, 0],
						"10.5417": [-0.01, -1.53, 0.48],
						"10.5833": [0, -5.41, 1.49],
						"10.625": [-0.03, -6.41, 1.43],
						"10.6667": [-0.04, -7.02, 1.1],
						"10.7083": [0.2, -7.39, 0.48],
						"10.75": [1.91, -7.36, -2.07],
						"10.7917": [2.69, -7.19, -3.14],
						"10.8333": [3.08, -7.03, -3.51],
						"10.875": [3.26, -6.84, -3.52],
						"10.9167": [3.36, -6.67, -3.56],
						"10.9583": [3.34, -6.67, -3.6],
						"11.0": [3.28, -6.68, -3.63],
						"11.0417": [3.19, -6.69, -3.63],
						"11.0833": [3, -6.7, -3.56],
						"11.125": [2.9, -6.68, -3.5],
						"11.1667": [2.8, -6.67, -3.43],
						"11.2083": [2.66, -6.68, -3.33],
						"11.25": [2.27, -6.8, -2.97],
						"11.2917": [1.57, -7.27, -2.27],
						"11.3333": [0.72, -7.88, -1.38],
						"11.375": [0.11, -8.1, -0.67],
						"11.4167": [0.04, -6.63, -0.2],
						"11.4583": [0, -5.9, 0.04],
						"11.5": [0, -5.89, 0.2],
						"11.5417": [0, -5.89, 0.36],
						"11.5833": [0, -5.38, 0.54],
						"11.625": [0, -5.12, 0.64],
						"11.6667": [0, -5.12, 0.64],
						"11.7083": [0, -4.46, 1.04],
						"11.75": [0, 0, 0]
					}
				},
				"lefthand_pos": {
					"position": {
						"0.0": [0, 0, 0],
						"8.0": [-2, -4, 7],
						"8.2917": [-1, -6, 0],
						"10.1667": [-1, -6, 0],
						"10.9583": [-4, -7, 0],
						"11.7917": [-4, -7, 0],
						"12.3333": [4, -2, -2],
						"13.0833": [4, -2, -2],
						"13.2917": [-2, -4, 6],
						"15.25": [-2, -4, 6],
						"16.5": [-2, -4, 6],
						"16.5417": [0, 0, 0]
					}
				},
				"mag_and_bullet": {
					"scale": {
						"8.0": [0, 0, 0],
						"9.75": {"pre": [0, 0, 0], "post": [1, 1, 1]}
					}
				},
				"bullet2": {
					"position": {
						"0.0": [0, 0, 0],
						"12.4167": [0, 1.4, -2]
					},
					"scale": {
						"0.0": [1, 1, 1],
						"10.8333": [0, 0, 0],
						"11.6667": [0, 0, 0],
						"12.25": [1, 1, 1]
					}
				},
				"righthand_pos": {
					"position": {
						"0.0": [0, 0, 0],
						"8.0": [2, -2, 8],
						"8.9167": [3, -2, 8],
						"16.0": [3, -3, 8],
						"16.3333": [3, -2, 8],
						"16.375": [0, 0, 0]
					}
				},
				"Deagle": {
					"rotation": {
						"8.75": [0, 0, 0],
						"8.7917": [3.66, -0.25, 1.16],
						"8.8333": [10.97, -0.76, 3.93],
						"8.875": [15.84, -0.59, 4.39],
						"8.9167": [18.27, -0.25, 4.42],
						"8.9583": [0, 0, 4],
						"9.0": [-67.18, 0.05, 2.5],
						"9.0417": [-111.95, 0.04, 1.51],
						"9.0833": [-157.11, 0.01, 0.61],
						"9.125": [-197.33, 0, 0],
						"9.1667": [-277.64, 0, -0.25],
						"9.2083": [-316.55, 0, -0.09],
						"9.25": [-360, 0, 0],
						"9.2917": [-400.47, 0, 0],
						"9.3333": [-490.26, 0, 0],
						"9.375": [-534.18, 0, 0],
						"9.4167": [-573.84, 0, 0],
						"9.4583": [-620.04, 0, 0],
						"9.5": [-700.96, 0, 0],
						"9.5417": [-726.5, 0, 0],
						"9.5833": [-735.91, 0, 0],
						"9.625": [-732.79, 0, 0],
						"9.6667": [-720, 0, 0]
					},
					"position": {
						"9.0": [0, -0.13, -0.56],
						"9.0417": [0, -0.04, -1.02],
						"9.0833": [0, 0.37, -0.96],
						"9.125": [0, 0.97, -0.75],
						"9.1667": [0, 1.8, -0.25],
						"9.2083": [0, 1.48, 0.11],
						"9.25": [0, 0.8, 0.47],
						"9.2917": [0, 0.29, 0.54],
						"9.3333": [0, 0.39, -0.86],
						"9.375": [0, 0.47, -1.35],
						"9.4167": [0, 0.41, -1.27],
						"9.4583": [0, 0.3, -0.98],
						"9.5": [0, 0.07, -0.24],
						"9.5417": [0, 0, 0]
					}
				},
				"slide2": {
					"position": {
						"12.3333": [0, 0, 0],
						"12.4167": [0, 0, 1.575],
						"12.5": [0, 0, 1.725],
						"12.625": [0, 0, 1.63438],
						"13.0417": [0, 0, 1.63438],
						"13.0833": [0, 0, 0]
					}
				},
				"safety": {
					"rotation": {
						"8.3333": [0, 0, 0],
						"8.375": [37.5, 0, 0],
						"16.0833": [37.5, 0, 0],
						"16.125": [0, 0, 0]
					}
				},
				"leftArm": {
					"position": [0, 0, -1896]
				},
				"rightArm": {
					"position": [0, 0, -1688]
				}
			},
			"sound_effects": {
				"8.0": {
					"effect": "deagle.inspect"
				}
			}
		},
		"animation.deagle.fp.sprint": {
			"loop": true,
			"animation_length": 0.7917,
			"bones": {
				"root": {
					"rotation": [0, 180, 0],
					"position": [0, 0, 0]
				},
				"AK47": {
					"rotation": [89.96508, 1.9997, -1.00061],
					"position": [-5, 4.5, 10.75],
					"scale": [1.3, 1.3, 0.86]
				},
				"justtest": {
					"scale": 0
				},
				"scopeanim": {
					"scale": 0
				},
				"root2": {
					"rotation": {
						"0.0": [-36.52, -13.54, 23.25],
						"0.0417": [-32.27, -14.85, 19.34],
						"0.0833": [-28.28, -16.91, 15.58],
						"0.1667": [-28.4, -19.67, 15.33],
						"0.2083": [-30.29, -22.92, 16.74],
						"0.25": [-32.29, -25.54, 18.57],
						"0.2917": [-34.73, -28.32, 20.88],
						"0.3333": [-36.18, -30.3, 22.33],
						"0.4167": [-35.37, -31.23, 21.77],
						"0.4583": [-33.57, -31.35, 20.34],
						"0.5": [-33.2, -30.45, 20.13],
						"0.5417": [-36.12, -28.06, 22.79],
						"0.5833": [-40.46, -24.64, 26.68],
						"0.6667": [-43, -21.36, 28.95],
						"0.7083": [-41.8, -18.37, 27.91],
						"0.75": [-38.8, -15.52, 25.27],
						"0.7917": [-36.52, -13.54, 23.25]
					},
					"position": {
						"0.0": [-1.24, -2.65, -0.32],
						"0.0417": [-0.9, -3.21, -0.32],
						"0.0833": [-0.39, -3.62, -0.32],
						"0.1667": [0.31, -3.14, -0.32],
						"0.2083": [0.99, -2.47, -0.32],
						"0.25": [1.67, -2.02, -0.32],
						"0.2917": [1.87, -1.95, -0.32],
						"0.3333": [1.95, -2.09, -0.32],
						"0.4167": [1.8, -2.69, -0.32],
						"0.4583": [1.58, -3.28, -0.32],
						"0.5": [1.22, -3.28, -0.32],
						"0.5417": [0.39, -2.95, -0.32],
						"0.5833": [-0.49, -2.56, -0.32],
						"0.6667": [-0.98, -2.26, -0.32],
						"0.7083": [-1.25, -2.11, -0.32],
						"0.75": [-1.29, -2.35, -0.32],
						"0.7917": [-1.24, -2.65, -0.32]
					}
				},
				"lefthand": {
					"rotation": [109.80512, -8.72735, -179.16691],
					"position": [9.75, -25.2125, 8.15625],
					"scale": [1, 1.5, 1]
				},
				"righthand": {
					"rotation": [-264.97476, 6.2574, -176.94134],
					"position": [-9.9125, -24.625, 8.8875],
					"scale": [1, 1.5, 1]
				},
				"leftArm": {
					"position": [0, 0, 505]
				},
				"rightArm": {
					"position": [0, 0, 500]
				}
			}
		},
		"animation.deagle.fp.sight": {
			"loop": "hold_on_last_frame",
			"bones": {
				"root": {
					"rotation": [0, 180, 0],
					"position": [0, 0, 0]
				},
				"AK47": {
					"rotation": [89.96508, 1.9997, -1.00061],
					"position": [-5, 4.5, 10.75],
					"scale": [1.3, 1.3, 0.86]
				},
				"justtest": {
					"scale": 0
				},
				"scopeanim": {
					"scale": 0
				},
				"root2": {
					"position": [3, 1.6, 0]
				},
				"lefthand": {
					"rotation": [109.80512, -8.72735, -179.16691],
					"position": [9.75, -25.2125, 8.15625],
					"scale": [1, 1.5, 1]
				},
				"righthand": {
					"rotation": [-264.97476, 6.2574, -176.94134],
					"position": [-9.9125, -24.625, 8.8875],
					"scale": [1, 1.5, 1]
				},
				"leftArm": {
					"position": [0, 0, 495]
				},
				"rightArm": {
					"position": [0, 0, 509]
				}
			}
		},
		"animation.deagle.fp.sight.holo512": {
			"loop": "hold_on_last_frame",
			"bones": {
				"root": {
					"rotation": [0, 180, 0],
					"position": [0, 0, 0]
				},
				"body": {
					"rotation": [-0.03495, 2.99939, -7.50152],
					"position": [7.0675, 1.925, 12.2]
				},
				"justtest": {
					"scale": 0
				},
				"AK47": {
					"rotation": [89.96508, 1.9997, -1.00061],
					"position": [-5, 4.5, 10.75],
					"scale": [1.3, 1.3, 0.86]
				}
			}
		},
		"animation.deagle.bipod": {
			"loop": "hold_on_last_frame",
			"bones": {
				"BipodRight": {
					"rotation": [-90, 0, 30]
				},
				"BipodLeft": {
					"rotation": [-90, 0, -30]
				},
				"justtest": {
					"scale": 0
				}
			}
		},
		"animation.deagle.barrel.short": {
			"loop": "hold_on_last_frame",
			"bones": {
				"muzzleflash": {
					"position": [0, 0, 5]
				},
				"muzzle": {
					"position": [0, 0, 6]
				},
				"justtest": {
					"scale": 0
				}
			}
		},
		"animation.deagle.barrel.heavy": {
			"loop": "hold_on_last_frame",
			"bones": {
				"muzzleflash": {
					"position": [0, 0, -6]
				},
				"muzzle": {
					"position": [0, 0, -7]
				},
				"justtest": {
					"scale": 0
				}
			}
		},
		"animation.deagle.fp.draw": {
			"loop": "hold_on_last_frame",
			"animation_length": 0.7,
			"bones": {
				"body": {
					"rotation": {
						"0.0": [0.34258, 0.38164, 73.84987],
						"0.25": [-25.16374, 5.82784, 65.90332],
						"0.5": [0.31075, 0.88062, -3.65048],
						"0.6": [0, 0, 0]
					},
					"position": {
						"0.0": [-17.6525, -12.94, 1.5175],
						"0.1": [-6.26, -4.8, -3.7075],
						"0.25": [4.535, -4.5675, 2.5925],
						"0.45": [0.3475, 0.0075, -2.1975],
						"0.55": [0, 0, 0]
					}
				},
				"root2": {
					"rotation": {
						"0.0": [32.48842, -32.63161, 14.03859],
						"0.15": [8.03425, -9.61409, 8.83101],
						"0.3": [0, -2.5, -5],
						"0.4": [0.01745, 0.99985, -1.24985],
						"0.5": [0, -0.5, 0],
						"0.6": [0, 0, 0]
					},
					"position": {
						"0.0": [-6.6, -8.065, 0],
						"0.15": [-1.32, -1.615, 0],
						"0.3": [0, -0.2875, -0.1625],
						"0.4": [0, 0, 0.22813],
						"0.5": [0, 0, 0],
						"0.6": [0, 0, 0]
					}
				}
			},
			"sound_effects": {
				"0.0": {
					"effect": "deagle.draw"
				}
			}
		},
		"animation.deagle.shoot.sight": {
			"animation_length": 0.6167,
			"bones": {
				"waist": {
					"rotation": {
						"0.0": [0, 0, 0],
						"0.0167": [-0.44, -0.01, -0.07],
						"0.0333": [-1.01, -0.03, -0.17],
						"0.05": [-1.2, -0.04, -0.2],
						"0.0667": [-1.13, -0.04, -0.19],
						"0.0833": [-1.02, -0.04, -0.17],
						"0.1": [-0.86, -0.04, -0.15],
						"0.1167": [-0.67, -0.04, -0.12],
						"0.1333": [-0.46, -0.03, -0.08],
						"0.15": [-0.23, -0.03, -0.05],
						"0.1667": [0, -0.02, -0.01],
						"0.1833": [0.23, -0.02, 0.03],
						"0.2": [0.45, -0.01, 0.06],
						"0.2167": [0.64, -0.01, 0.09],
						"0.2333": [0.8, -0.01, 0.12],
						"0.25": [0.93, 0, 0.14],
						"0.2667": [1, 0, 0.15],
						"0.2833": [1.02, 0, 0.15],
						"0.3": [1.02, 0, 0.15],
						"0.3167": [0.99, 0, 0.15],
						"0.3333": [0.94, 0, 0.14],
						"0.35": [0.87, 0, 0.13],
						"0.3667": [0.78, 0, 0.12],
						"0.3833": [0.69, 0, 0.1],
						"0.4": [0.59, 0, 0.09],
						"0.4167": [0.48, 0, 0.07],
						"0.4333": [0.38, 0, 0.06],
						"0.45": [0.28, 0, 0.04],
						"0.4667": [0.19, 0, 0.03],
						"0.4833": [0.11, 0, 0.02],
						"0.5": [0.04, 0, 0.01],
						"0.5167": [0, 0, 0]
					},
					"position": {
						"0.0": [0, 0, 0],
						"0.0167": [0, -0.13, 1],
						"0.0333": [0, -0.31, 2.33],
						"0.05": [0, -0.4, 3],
						"0.0667": [0, -0.39, 2.91],
						"0.0833": [0, -0.36, 2.68],
						"0.1": [0, -0.31, 2.33],
						"0.1167": [0, -0.26, 1.91],
						"0.1333": [0, -0.19, 1.46],
						"0.15": [0, -0.13, 1],
						"0.1667": [0, -0.08, 0.58],
						"0.1833": [0, -0.03, 0.23],
						"0.2": [0, 0, 0],
						"0.2167": [0, 0.01, -0.11],
						"0.2333": [0, 0.02, -0.17],
						"0.25": [0, 0.03, -0.21],
						"0.2667": [0, 0.03, -0.22],
						"0.2833": [0, 0.03, -0.21],
						"0.3": [0, 0.02, -0.19],
						"0.3167": [0, 0.02, -0.15],
						"0.3333": [0, 0.01, -0.11],
						"0.35": [0, 0.01, -0.07],
						"0.3667": [0, 0, -0.03],
						"0.3833": [0, 0, -0.01],
						"0.4": [0, 0, 0]
					}
				},
				"scope": {
					"rotation": {
						"0.0": [0, 0, 0],
						"0.1333": [5, 0, 0],
						"0.2333": [-5, 0, 0],
						"0.3667": [0, 0, 0]
					},
					"position": {
						"0.0": [0, 0, 0],
						"0.0833": [0, 0, -1],
						"0.2333": [0, 0, 0.2],
						"0.3667": [0, 0, 0]
					}
				},
				"bone12": {
					"position": {
						"0.0": [0, 0, 0],
						"0.05": [0, 0, 2.5],
						"0.0667": [0, 0, 2.5],
						"0.0833": [0, 0, 2.5],
						"0.1833": [0, 0, -0.5],
						"0.2333": [0, 0, 0]
					}
				},
				"justtest": {
					"scale": 0
				},
				"action": {
					"position": {
						"0.0": [0, 0, 0],
						"0.0667": [0, 0, 14],
						"0.2667": [0, 0, 0]
					}
				},
				"action2": {
					"position": {
						"0.0": [0, 0, 0],
						"0.0667": [0, 0, 14],
						"0.2667": [0, 0, 0]
					}
				},
				"body": {
					"rotation": {
						"0.0": [0, 0, 0],
						"0.05": [-8.23643, -0.69169, -0.6604],
						"0.1833": [0, 0, 0]
					},
					"position": {
						"0.0": [0, 0, 0],
						"0.05": [0, 0, 2.225],
						"0.1833": [0, 0, 0]
					}
				},
				"root2": {
					"rotation": {
						"0.05": [0, 0, 0],
						"0.0833": [5.94, -0.27, -11.04],
						"0.1167": [-53.08, -2.77, 6.13],
						"0.15": [-27.98, -8.63, -7.72],
						"0.1833": [-17.35, -1, 2.05],
						"0.2167": [-13.94, -1.29, 3.6],
						"0.25": [-10.31, -2.35, 3.27],
						"0.2833": [-3.57, -1.83, 0.57],
						"0.3167": [2.03, -0.93, -2.03],
						"0.35": [2.35, -0.29, -1.82],
						"0.3833": [1.06, 0.38, -0.79],
						"0.4167": [0, 0.75, 0],
						"0.45": [-0.15, 0.59, 0.12],
						"0.4833": [-0.07, 0.13, 0],
						"0.5167": [0, -0.2, -0.1],
						"0.55": [0, -0.21, -0.08],
						"0.5833": [0, -0.09, -0.03],
						"0.6167": [0, 0, 0]
					},
					"position": {
						"0.05": [0, 0, 0],
						"0.0833": [0, -0.22, 2.42],
						"0.1167": [-0.17, 0.16, 1.63],
						"0.15": [-0.16, 0.56, 1.75],
						"0.1833": [-0.11, 0.56, 1.14],
						"0.2167": [-0.06, 0.41, 0.43],
						"0.25": [-0.03, 0.13, 0.14],
						"0.2833": [-0.01, -0.23, -0.06],
						"0.3167": [0, -0.45, -0.17],
						"0.35": [0, -0.39, -0.14],
						"0.3833": [0, -0.19, -0.02],
						"0.4167": [0, -0.03, 0.08],
						"0.45": [0, 0.01, 0.07],
						"0.4833": [0, 0.01, 0.03],
						"0.5167": [0, 0, 0],
						"0.55": [0, 0, -0.01],
						"0.5833": [0, 0, 0],
						"0.6167": [0, 0, 0]
					}
				},
				"slide2": {
					"position": {
						"0.0667": [0, 0, 0],
						"0.1": [0, 0, 5],
						"0.2167": [0, 0, 0]
					}
				}
			},
			"particle_effects": {
				"0.0": {
					"effect": "krep.amrmuzzleflash",
					"locator": "deaglemuzzle"
				}
			}
		},
		"animation.deagle.shoot.nsight": {
			"animation_length": 0.6167,
			"bones": {
				"waist": {
					"rotation": {
						"0.0": [0, 0, 0],
						"0.0167": [-0.77, -0.01, -0.07],
						"0.0333": [-1.79, -0.03, -0.17],
						"0.05": [-2.2, -0.04, -0.2],
						"0.0667": [-2.12, -0.04, -0.19],
						"0.0833": [-1.96, -0.04, -0.17],
						"0.1": [-1.74, -0.04, -0.15],
						"0.1167": [-1.48, -0.04, -0.12],
						"0.1333": [-1.17, -0.03, -0.08],
						"0.15": [-0.84, -0.03, -0.05],
						"0.1667": [-0.51, -0.02, -0.01],
						"0.1833": [-0.17, -0.02, 0.03],
						"0.2": [0.15, -0.01, 0.06],
						"0.2167": [0.44, -0.01, 0.09],
						"0.2333": [0.68, -0.01, 0.12],
						"0.25": [0.88, 0, 0.14],
						"0.2667": [1, 0, 0.15],
						"0.2833": [1.05, 0, 0.15],
						"0.3": [1.07, 0, 0.15],
						"0.3167": [1.05, 0, 0.15],
						"0.3333": [1.01, 0, 0.14],
						"0.35": [0.94, 0, 0.13],
						"0.3667": [0.85, 0, 0.12],
						"0.3833": [0.75, 0, 0.1],
						"0.4": [0.64, 0, 0.09],
						"0.4167": [0.53, 0, 0.07],
						"0.4333": [0.41, 0, 0.06],
						"0.45": [0.3, 0, 0.04],
						"0.4667": [0.2, 0, 0.03],
						"0.4833": [0.12, 0, 0.02],
						"0.5": [0.05, 0, 0.01],
						"0.5167": [0, 0, 0]
					},
					"position": {
						"0.0": [0, 0, 0],
						"0.0167": [0, -0.13, 1],
						"0.0333": [0, -0.31, 2.33],
						"0.05": [0, -0.4, 3],
						"0.0667": [0, -0.39, 2.91],
						"0.0833": [0, -0.36, 2.68],
						"0.1": [0, -0.31, 2.33],
						"0.1167": [0, -0.26, 1.91],
						"0.1333": [0, -0.19, 1.46],
						"0.15": [0, -0.13, 1],
						"0.1667": [0, -0.08, 0.58],
						"0.1833": [0, -0.03, 0.23],
						"0.2": [0, 0, 0],
						"0.2167": [0, 0.01, -0.11],
						"0.2333": [0, 0.02, -0.17],
						"0.25": [0, 0.03, -0.21],
						"0.2667": [0, 0.03, -0.22],
						"0.2833": [0, 0.03, -0.21],
						"0.3": [0, 0.02, -0.19],
						"0.3167": [0, 0.02, -0.15],
						"0.3333": [0, 0.01, -0.11],
						"0.35": [0, 0.01, -0.07],
						"0.3667": [0, 0, -0.03],
						"0.3833": [0, 0, -0.01],
						"0.4": [0, 0, 0]
					}
				},
				"scope": {
					"rotation": {
						"0.0": [0, 0, 0],
						"0.1333": [5, 0, 0],
						"0.2333": [-5, 0, 0],
						"0.3667": [0, 0, 0]
					},
					"position": {
						"0.0": [0, 0, 0],
						"0.0833": [0, 0, -1],
						"0.2333": [0, 0, 0.2],
						"0.3667": [0, 0, 0]
					}
				},
				"bone12": {
					"position": {
						"0.0": [0, 0, 0],
						"0.05": [0, 0, 2.5],
						"0.0667": [0, 0, 2.5],
						"0.0833": [0, 0, 2.5],
						"0.1833": [0, 0, -0.5],
						"0.2333": [0, 0, 0]
					}
				},
				"justtest": {
					"scale": 0
				},
				"action": {
					"position": {
						"0.0": [0, 0, 0],
						"0.0667": [0, 0, 14],
						"0.2667": [0, 0, 0]
					}
				},
				"action2": {
					"position": {
						"0.0": [0, 0, 0],
						"0.0667": [0, 0, 14],
						"0.2667": [0, 0, 0]
					}
				},
				"body": {
					"rotation": {
						"0.0": [0, 0, 0],
						"0.05": [-8.23643, -0.69169, -0.6604],
						"0.1833": [0, 0, 0]
					},
					"position": {
						"0.0": [0, 0, 0],
						"0.05": [0, 0, 2.225],
						"0.1833": [0, 0, 0]
					}
				},
				"root2": {
					"rotation": {
						"0.05": [0, 0, 0],
						"0.0833": [5.94, -0.27, -11.04],
						"0.1167": [-53.08, -2.77, 6.13],
						"0.15": [-27.98, -8.63, -7.72],
						"0.1833": [-17.35, -1, 2.05],
						"0.2167": [-13.94, -1.29, 3.6],
						"0.25": [-10.31, -2.35, 3.27],
						"0.2833": [-3.57, -1.83, 0.57],
						"0.3167": [2.03, -0.93, -2.03],
						"0.35": [2.35, -0.29, -1.82],
						"0.3833": [1.06, 0.38, -0.79],
						"0.4167": [0, 0.75, 0],
						"0.45": [-0.15, 0.59, 0.12],
						"0.4833": [-0.07, 0.13, 0],
						"0.5167": [0, -0.2, -0.1],
						"0.55": [0, -0.21, -0.08],
						"0.5833": [0, -0.09, -0.03],
						"0.6167": [0, 0, 0]
					},
					"position": {
						"0.05": [0, 0, 0],
						"0.0833": [0, -0.22, 2.42],
						"0.1167": [-0.17, 0.16, 1.63],
						"0.15": [-0.16, 0.56, 1.75],
						"0.1833": [-0.11, 0.56, 1.14],
						"0.2167": [-0.06, 0.41, 0.43],
						"0.25": [-0.03, 0.13, 0.14],
						"0.2833": [-0.01, -0.23, -0.06],
						"0.3167": [0, -0.45, -0.17],
						"0.35": [0, -0.39, -0.14],
						"0.3833": [0, -0.19, -0.02],
						"0.4167": [0, -0.03, 0.08],
						"0.45": [0, 0.01, 0.07],
						"0.4833": [0, 0.01, 0.03],
						"0.5167": [0, 0, 0],
						"0.55": [0, 0, -0.01],
						"0.5833": [0, 0, 0],
						"0.6167": [0, 0, 0]
					}
				},
				"slide2": {
					"position": {
						"0.0667": [0, 0, 0],
						"0.1": [0, 0, 5],
						"0.2167": [0, 0, 0]
					}
				}
			},
			"particle_effects": {
				"0.0": {
					"effect": "krep.amrmuzzleflash",
					"locator": "deaglemuzzle"
				}
			}
		},
		"animation.deagle.muzzleflash.1": {
			"animation_length": 0.05,
			"bones": {
				"muzzleflash": {
					"position": [0, 0, -58],
					"scale": 2
				},
				"muzzleflashfront": {
					"position": [0, 0, -4.6],
					"scale": [1, 1, 1.9]
				},
				"muzzlestar": {
					"scale": 0.3
				},
				"justtest": {
					"scale": 0
				}
			},
			"particle_effects": {
				"0.0": {
					"effect": "krep.shell",
					"locator": "bolt"
				}
			}
		},
		"animation.deagle.muzzleflash.2": {
			"animation_length": 0.05,
			"bones": {
				"muzzleflash": {
					"rotation": [0, 0, 45],
					"position": [0, 0, -58],
					"scale": 2
				},
				"muzzleflashfront": {
					"position": [0, 0, -0.5],
					"scale": [1, 1, 1.1]
				},
				"muzzlestar": {
					"scale": 0.3
				},
				"justtest": {
					"scale": 0
				}
			}
		},
		"animation.deagle.fp.reload": {
			"loop": "hold_on_last_frame",
			"animation_length": 2.3667,
			"bones": {
				"root": {
					"rotation": [0, 180, 0],
					"position": [0, 0, 0]
				},
				"AK47": {
					"rotation": [89.96508, 1.9997, -1.00061],
					"position": [-5, 4.5, 10.75],
					"scale": [1.3, 1.3, 0.86]
				},
				"justtest": {
					"scale": 0
				},
				"root2": {
					"rotation": {
						"0.0": [0, 0, 0],
						"0.0333": [-0.49, 0.4, 2.1],
						"0.0667": [-1.53, 0.51, 4.79],
						"0.1": [-4.99, -2.55, 5.24],
						"0.1333": [-13.81, -11.64, 2.08],
						"0.1667": [-25.04, -23.91, -3.31],
						"0.2": [-31.72, -33.65, -9.62],
						"0.2333": [-29.11, -38.63, -18.1],
						"0.2667": [-21.93, -41.08, -27.49],
						"0.3": [-17.39, -42.1, -32.71],
						"0.3333": [-20.06, -43.01, -29.92],
						"0.3667": [-26.71, -37.57, -18.21],
						"0.4": [-44.13, 4.77, 30.09],
						"0.4333": [-46.23, 14.78, 47.83],
						"0.4667": [-47.13, 17.83, 57.85],
						"0.5": [-49.76, 14.84, 56.34],
						"0.5333": [-52.94, 8.92, 50.25],
						"0.5667": [-54.98, 4.51, 44.39],
						"0.6": [-56.52, 5.74, 42.79],
						"0.6333": [-56.93, 8.47, 41.41],
						"0.6667": [-52.68, 4.67, 32.97],
						"0.7": [-45.9, -4.16, 20.93],
						"0.7333": [-36.14, -17.15, 4.23],
						"0.7667": [-25.36, -31.59, -13.96],
						"0.8": [-15.49, -44.77, -30.45],
						"0.8333": [-8.5, -53.98, -42.07],
						"0.8667": [-3.55, -58.55, -48.22],
						"0.9": [-4.15, -58.19, -48.13],
						"0.9333": [-5.67, -57.02, -47.13],
						"0.9667": [-6.85, -55.88, -46.1],
						"1.0": [-7.88, -55.1, -44.06],
						"1.0333": [-8.57, -54.33, -41.99],
						"1.0667": [-7.14, -53.35, -43.72],
						"1.1": [11.64, -48.93, -75.55],
						"1.1333": [-3.9, -49.57, -55.95],
						"1.1667": [-19.24, -50.86, -34.51],
						"1.2": [-11, -51.74, -41.41],
						"1.2333": [1.18, -51.66, -51.71],
						"1.2667": [4.78, -49.43, -49.1],
						"1.3": [1.94, -45.94, -37.87],
						"1.3333": [-6.96, -42.84, -21.81],
						"1.3667": [-19.39, -39.36, -1.53],
						"1.4": [-29.18, -36.73, 13.91],
						"1.4333": [-33.46, -35.56, 19.9],
						"1.4667": [-35.09, -35.25, 21.05],
						"1.5": [-36.46, -35.23, 22.07],
						"1.5333": [-38.67, -35.69, 25.69],
						"1.5667": [-41.39, -36.46, 29.12],
						"1.6": [-47.65, -37.24, 32.57],
						"1.6333": [-52.77, -37.45, 35.77],
						"1.6667": [-48.62, -34, 40.78],
						"1.7": [-36.1, -46.57, 33.56],
						"1.7333": [-40.91, -44.19, 34.83],
						"1.7667": [-45.12, -41.04, 34.82],
						"1.8": [-38.17, -45.14, 27.29],
						"1.8333": [-27.76, -47.5, 17.35],
						"1.8667": [-17.87, -39.28, 7.56],
						"1.9": [-9.09, -27.98, -0.63],
						"1.9333": [-3.69, -18.38, -4.36],
						"1.9667": [-0.56, -9.75, -5.2],
						"2.0": [0.24, -4.83, -4],
						"2.0333": [0.15, -0.62, -1.71],
						"2.0667": [0, 2, 0],
						"2.1": [0.04, 2.11, 0.39],
						"2.1333": [0.02, 0.63, 0.19],
						"2.1667": [0, -0.5, 0],
						"2.2": [0, -0.5, 0],
						"2.2333": [0, -0.16, 0],
						"2.2667": [0, 0.1, 0],
						"2.3": [0, 0.11, 0],
						"2.3333": [0, 0.05, 0],
						"2.3667": [0, 0, 0]
					},
					"position": {
						"0.0": [0, 0, 0],
						"0.0333": [0.09, 0.03, -0.29],
						"0.0667": [0.21, 0.1, -0.67],
						"0.1": [0.23, 0.41, -0.86],
						"0.1333": [0.05, 1.21, -0.71],
						"0.1667": [-0.24, 2.25, -0.36],
						"0.2": [-0.5, 3, 0],
						"0.2333": [-0.8, 3.16, 0.62],
						"0.2667": [-1, 3, 1],
						"0.3": [-1.03, 3.02, 0.82],
						"0.3333": [-1, 3.04, 0.41],
						"0.3667": [-1, 3, 0],
						"0.4": [-1.24, 2.5, -1.1],
						"0.4333": [-1.88, 2.95, -1.74],
						"0.4667": [-2.43, 3.39, -2.16],
						"0.5": [-2.4, 3.33, -2.11],
						"0.5333": [-2.23, 3.16, -1.92],
						"0.5667": [-2.01, 2.95, -1.68],
						"0.6": [-1.84, 2.76, -1.5],
						"0.6333": [-1.71, 2.53, -1.4],
						"0.6667": [-1.62, 2.31, -1.33],
						"0.7": [-1.53, 2.23, -1.15],
						"0.7333": [-1.46, 2.41, -0.72],
						"0.7667": [-1.41, 2.72, -0.18],
						"0.8": [-1.36, 2.92, 0.19],
						"0.8333": [-1.33, 2.89, 0.19],
						"0.8667": [-1.31, 2.76, 0.02],
						"0.9": [-1.26, 2.64, -0.12],
						"0.9333": [-1.22, 2.61, -0.15],
						"0.9667": [-1.18, 2.61, -0.16],
						"1.0": [-1.13, 2.6, -0.15],
						"1.0333": [-1.06, 2.57, -0.14],
						"1.0667": [-0.96, 2.51, -0.12],
						"1.1": [-0.16, 1.78, 0.05],
						"1.1333": [-0.24, 1.88, 0.01],
						"1.1667": [-0.46, 2.11, -0.08],
						"1.2": [-0.56, 2.24, -0.12],
						"1.2333": [-0.39, 2.16, -0.04],
						"1.2667": [0.06, 1.7, 0.03],
						"1.3": [0.45, 1.14, -0.02],
						"1.3333": [0.96, 0.39, -0.11],
						"1.3667": [1.47, -0.36, -0.21],
						"1.4": [1.87, -0.9, -0.26],
						"1.4333": [2.19, -1.19, -0.28],
						"1.4667": [2.38, -1.23, -0.26],
						"1.5": [2.5, -1.31, -0.21],
						"1.5333": [2.5, -1.69, -0.06],
						"1.5667": [2.48, -2.04, 0.03],
						"1.6": [2.55, -2.18, -0.06],
						"1.6333": [2.82, -2.19, -0.33],
						"1.6667": [4.36, -1.93, -1.51],
						"1.7": [4.79, -1.95, -1.75],
						"1.7333": [4.73, -2.01, -1.67],
						"1.7667": [3.69, -2.03, -0.97],
						"1.8": [2.41, -2.04, -0.28],
						"1.8333": [1.85, -2.07, -0.23],
						"1.8667": [1.38, -2.08, -0.37],
						"1.9": [0.98, -2.02, -0.57],
						"1.9333": [0.61, -1.86, -0.93],
						"1.9667": [0.31, -1.61, -1.36],
						"2.0": [0.11, -1.31, -1.51],
						"2.0333": [0.05, -0.7, -0.74],
						"2.0667": [0.1, -0.15, 0.13],
						"2.1": [0.08, -0.02, 0.19],
						"2.1333": [0.05, 0, 0.05],
						"2.1667": [0.03, 0, -0.06],
						"2.2": [0.01, 0.01, -0.07],
						"2.2333": [0, 0.01, -0.06],
						"2.2667": [0, 0, -0.04],
						"2.3": [0, 0, -0.03],
						"2.3333": [0, 0, -0.01],
						"2.3667": [0, 0, 0]
					},
					"scale": 1
				},
				"mag_and_lefthand": {
					"rotation": {
						"0.0": [0, 0, 0],
						"0.0333": [-15.68158, 14.14675, -48.95789],
						"0.1": [-15.68158, 14.14675, -48.95789],
						"0.7667": [0, 0, 0],
						"0.8333": [0, 0, -22],
						"0.8667": [0, 0, -7],
						"0.9": [0, 0, 0],
						"0.9667": [0, 0, 0],
						"1.0333": [0, 0, 0],
						"1.1": [0, 0, 0]
					},
					"position": {
						"0.0": [0, 0, 0],
						"0.0333": [2.1825, -1.435, 2.025],
						"0.1": [4.63304, -4.91059, 4.94592],
						"0.2667": [2.33498, -7.56572, 6.19692],
						"0.3667": [5.88117, -3.25458, 8.24548],
						"0.4667": [8.69729, 10.15115, 7.23435],
						"0.7": [8.6827, -5.67753, 8.76361],
						"0.7667": [1.78868, -10.83694, 4.99947],
						"0.8333": [1.1875, -7.7725, 1.485],
						"0.8667": [0.25, -5.7, 0.575],
						"0.9": [0, -5.7, 0.85],
						"0.9333": [0, -5.825, 1.125],
						"0.9667": [0, -5.7, 1.4],
						"1.0333": [0, -5.4375, 1.4],
						"1.1": [0, 0, 0]
					}
				},
				"mag_and_bullet": {
					"scale": {
						"0.0": [0, 0, 0],
						"0.6667": [0, 0, 0],
						"0.7": [1, 1, 1]
					}
				},
				"righthand": {
					"rotation": {
						"0.0": [-264.97476, 6.2574, -176.94134],
						"0.6": [-264.97476, 6.2574, -176.94134],
						"1.3667": [-264.97476, 6.2574, -176.94134]
					},
					"position": {
						"0.0": [-6.9125, -16.625, 5.8875],
						"0.6": [-6.875, -16.55, 5.875],
						"0.7": [-8.375, -16.55, 5.8775],
						"1.2667": [-8.375, -16.55, 5.8775],
						"1.3667": [-6.9125, -16.625, 5.8875],
						"2.1167": [-6.91, -16.62, 5.89]
					},
					"scale": [1, 1.5, 1]
				},
				"righthand_pos": {
					"position": [2, -3, 8]
				},
				"lefthand": {
					"rotation": {
						"0.0": [109.80512, -8.72735, -179.16691],
						"0.7": [152.30512, -8.72735, -179.16691],
						"1.1": [152.30512, -8.72735, -179.16691],
						"1.3": [152.30512, -8.72735, -179.16691],
						"1.4667": [192.45608, 1.30221, -269.22546],
						"1.5667": [192.43204, 1.5177, -270.20226],
						"1.6667": [219.40087, -47.90948, -280.71786],
						"1.7333": [208.61, -44.22, -271.95],
						"1.9": [111.4631, -11.04229, -193.0469],
						"1.9667": [109.80512, -8.72735, -179.16691]
					},
					"position": {
						"0.0": [7.75, -17.2125, 5.15625],
						"0.7": [7.725, -20.66, 6.8875],
						"1.1": [7.725, -20.66, 6.8875],
						"1.3": [7.725, -20.66, 6.8875],
						"1.4": [8.565, -14.94, 8.3],
						"1.4667": [6.5625, -12.61, 9.3125],
						"1.5667": [6.5625, -12.61, 9.3125],
						"1.6": [6.565, -12.61, 9.595],
						"1.6667": [6.565, -12.61, 14.1],
						"1.7333": [10.2225, -15.4925, 15.625],
						"1.8": [12.53426, -15.07432, 13.04444],
						"1.9": [8.79511, -18.06525, 4.44095],
						"1.9667": [7.75, -17.2125, 5.15625],
						"2.1167": [6.75, -17.21, 5.16]
					},
					"scale": [1, 1.5, 1]
				},
				"lefthand_pos": {
					"position": {
						"0.0": [-3, -4, 7],
						"0.7833": [-2, -7, 2],
						"1.1333": [-2, -7, 2],
						"1.3667": [-3, -4, 2],
						"1.45": [6, -1, -8],
						"1.6333": [6, -1, -8],
						"1.7833": [-3, -4, 7]
					}
				},
				"slide2": {
					"position": {
						"0.0": [0, 0, 5],
						"1.5667": [0, 0, 5],
						"1.6": [0, 0, 3.5],
						"1.6333": [0, 0, 3.63],
						"1.6667": [0, 0, 0]
					}
				}
			},
			"sound_effects": {
				"0.0": {
					"effect": "deagle.magless"
				}
			}
		}
	}
}