{
	"format_version": "1.19.10",
	"minecraft:entity": {
		"description": {
			"identifier": "minecraft:player",
			"is_spawnable": false,
			"is_summonable": false,
			"is_experimental": true,
			"properties": {
				"krep:ss2scope": {
					"range": [
						0,
						4
					],
					"default": 2,
					"type": "int",
					"client_sync": true
				},
				"krep:pm3scope": {
					"range": [
						0,
						2
					],
					"default": 2,
					"type": "int",
					"client_sync": true
				},
				"krep:d5scope": {
					"range": [
						0,
						3
					],
					"default": 2,
					"type": "int",
					"client_sync": true
				},
				"krep:minimiscope": {
					"range": [
						0,
						2
					],
					"default": 2,
					"type": "int",
					"client_sync": true
				},
				"krep:ak101scope": {
					"range": [
						0,
						4
					],
					"default": 2,
					"type": "int",
					"client_sync": true
				},
				"krep:ss1scope": {
					"range": [
						0,
						3
					],
					"default": 2,
					"type": "int",
					"client_sync": true
				},
				"krep:ss2stock": {
					"values": [
						"nothing",
						"telestock"
					],
					"default": "nothing",
					"type": "enum",
					"client_sync": true
				},
				"krep:ss2barrel": {
					"values": [
						"nothing",
						"karbin",
						"hb"
					],
					"default": "nothing",
					"type": "enum",
					"client_sync": true
				},
				"krep:ss2muzzle": {
					"values": [
						"nothing",
						"srsuppress"
					],
					"default": "nothing",
					"type": "enum",
					"client_sync": true
				},
				"krep:ss2grip": {
					"values": [
						"nothing",
						"tacgrip",
						"bipod",
						"spg2"
					],
					"default": "nothing",
					"type": "enum",
					"client_sync": true
				},
				"krep:d5barrel": {
					"values": [
						"nothing",
						"srsuppress"
					],
					"default": "nothing",
					"type": "enum",
					"client_sync": true
				},
				"krep:d5grip": {
					"values": [
						"nothing",
						"tacgrip"
					],
					"default": "nothing",
					"type": "enum",
					"client_sync": true
				},
				"krep:d5ammo": {
					"values": [
						"nothing",
						"blackout"
					],
					"default": "nothing",
					"type": "enum",
					"client_sync": true
				},
				"krep:d5stock": {
					"values": [
						"nothing",
						"telestock"
					],
					"default": "nothing",
					"type": "enum",
					"client_sync": true
				},
				"krep:ss2glreload": {
					"range": [
						0,
						2
					],
					"default": 0,
					"type": "int",
					"client_sync": true
				},
				"krep:ss1stock": {
					"values": [
						"nothing",
						"telestock"
					],
					"default": "nothing",
					"type": "enum",
					"client_sync": true
				},
				"krep:ss1grip": {
					"values": [
						"nothing",
						"tacgrip"
					],
					"default": "nothing",
					"type": "enum",
					"client_sync": true
				},
				"krep:ss1barrel": {
					"values": [
						"nothing",
						"karbin"
					],
					"default": "nothing",
					"type": "enum",
					"client_sync": true
				},
				"krep:ak101stock": {
					"values": [
						"nothing",
						"heavystock"
					],
					"default": "nothing",
					"type": "enum",
					"client_sync": true
				},
				"krep:ak101barrel": {
					"values": [
						"nothing",
						"sb",
						"hb"
					],
					"default": "nothing",
					"type": "enum",
					"client_sync": true
				},
				"krep:ak101grip": {
					"values": [
						"nothing",
						"tacgrip",
						"bipod"
					],
					"default": "nothing",
					"type": "enum",
					"client_sync": true
				},
				"krep:minimisight": {
					"values": [
						"nothing",
						"holo512",
						"nfscope",
						"acog"
					],
					"default": "nothing",
					"type": "enum",
					"client_sync": true
				},
				"krep:minimistock": {
					"values": [
						"nothing",
						"parastock",
						"tacstock"
					],
					"default": "nothing",
					"type": "enum",
					"client_sync": true
				},
				"krep:minimigrip": {
					"values": [
						"nothing",
						"tachandguard"
					],
					"default": "nothing",
					"type": "enum",
					"client_sync": true
				},
				"krep:minimiammo": {
					"range": [
						0,
						10
					],
					"default": 0,
					"type": "int",
					"client_sync": true
				}
			},
			"scripts": {
				"animate": [
					"gunsetup"
				]
			},
			"animations": {
				"gunsetup": "controller.animation.gunsetup",
				"ss2v1shoot": "animation.ss2v1.shoot",
				"ss2v1reload": "animation.ss2v1.reload",
				"glreload": "animation.ss2v1.glreload",
				"ss2v1": "controller.animation.ss2v1",
				"ss2v1spg2": "controller.animation.ss2.spg2",
				"ss2v1reloading": "controller.animation.ss2v1reload",
				"ss2scope": "controller.animation.ss2v1.scope",
				"ss1v1shoot": "animation.ss1v1.shoot",
				"ss1v1reload": "animation.ss1v1.reload",
				"ss1v1reloading": "controller.animation.ss1v1reload",
				"ss1scope": "controller.animation.ss1v1.scope",
				"ss1v1": "controller.animation.ss1v1",
				"pm3shoot": "animation.pm3.shoot",
				"pm3reload": "animation.pm3.reload",
				"pm3reloading": "controller.animation.pm3reload",
				"pm3": "controller.animation.pm3",
				"d5reloading": "controller.animation.d5reload",
				"d5": "controller.animation.d5",
				"d5shoot": "animation.d5.shoot",
				"d5reload": "animation.d5.reload",
				"d5reloadblackout": "animation.d5.reload.blackout",
				"d5scope": "controller.animation.d5.scope",
				"ak101": "controller.animation.ak101",
				"ak101shoot": "animation.ak101.shoot",
				"ak101reload": "animation.ak101.reload",
				"ak101reloading": "controller.animation.ak101reload",
				"ak101scope": "controller.animation.ak101.scope",
				"spr2": "controller.animation.spr2",
				"127mm": "controller.animation.127mm",
				"spr2scope": "controller.animation.spr2.scope",
				"spr2shoot": "animation.spr2.shoot",
				"spr2reload": "animation.spr2.reload",
				"ballista": "controller.animation.ballista",
				"128mm": "controller.animation.128mm",
				"ballistascope": "controller.animation.ballista.scope",
				"ballistashoot": "animation.ballista.shoot",
				"ballistareload": "animation.ballista.reload",
				"129mm": "controller.animation.129mm",
				"deagle": "controller.animation.deagle",
				"deagleshoot": "animation.deagle.shoot",
				"deaglereload": "animation.deagle.reload",
				"minimi": "controller.animation.minimi",
				"minimiscope": "controller.animation.minimi.scope",
				"minimishoot": "animation.minimi.shoot",
				"minimireload": "animation.minimi.reload",
				"minimireload1": "animation.minimi.reload1",
				"minimireload2": "animation.minimi.reload2",
				"minimireload3": "animation.minimi.reload3",
				"minimireloading": "controller.animation.minimireload"
			}
		},
		"component_groups": {
			"krep:reload": {
				"minecraft:mark_variant": {
					"value": 1
				}
			},
			"krep:startreload": {
				"minecraft:mark_variant": {
					"value": 3
				}
			},
			"krep:minimi50": {
				"minecraft:mark_variant": {
					"value": 5
				}
			},
			"krep:minimi25": {
				"minecraft:mark_variant": {
					"value": 6
				}
			},
			"krep:noreload": {
				"minecraft:mark_variant": {
					"value": 0
				}
			},
			"krep:scope": {
				"minecraft:spell_effects": {
					"add_effects": [
						{
							"effect": "slowness",
							"amplifier": 9,
							"duration": 9999999,
							"visible": false
						}
					]
				}
			},
			"krep:scope4x": {
				"minecraft:spell_effects": {
					"add_effects": [
						{
							"effect": "slowness",
							"amplifier": 7,
							"duration": 9999999,
							"visible": false
						}
					]
				}
			},
			"krep:sfscope": {
				"minecraft:spell_effects": {
					"add_effects": [
						{
							"effect": "slowness",
							"amplifier": 4,
							"duration": 9999999,
							"visible": false
						}
					]
				}
			},
			"krep:normal": {
				"minecraft:spell_effects": {
					"remove_effects": "slowness"
				}
			},
			"krep:d5_firest": {
				"minecraft:spawn_entity": {
					"entities": [
						{
							"min_wait_time": 0,
							"max_wait_time": 0,
							"single_use": true,
							"spawn_entity": "bullet:d5nsight",
							"num_to_spawn": 1
						}
					]
				}
			},
			"krep:d5_fires": {
				"minecraft:spawn_entity": {
					"entities": [
						{
							"min_wait_time": 0,
							"max_wait_time": 0,
							"single_use": true,
							"spawn_entity": "bullet:d5sight",
							"num_to_spawn": 1
						}
					]
				}
			},
			"krep:d5_blackout_firest": {
				"minecraft:spawn_entity": {
					"entities": [
						{
							"min_wait_time": 0,
							"max_wait_time": 0,
							"single_use": true,
							"spawn_entity": "bullet:d5300nsight",
							"num_to_spawn": 1
						}
					]
				}
			},
			"krep:d5_blackout_fires": {
				"minecraft:spawn_entity": {
					"entities": [
						{
							"min_wait_time": 0,
							"max_wait_time": 0,
							"single_use": true,
							"spawn_entity": "bullet:d5300sight",
							"num_to_spawn": 1
						}
					]
				}
			},
			"krep:minimi_firest": {
				"minecraft:spawn_entity": {
					"entities": [
						{
							"min_wait_time": 0,
							"max_wait_time": 0,
							"single_use": true,
							"spawn_entity": "bullet:miniminsight",
							"spawn_event": "bullet:normal",
							"num_to_spawn": 1
						}
					]
				}
			},
			"krep:minimi_fires": {
				"minecraft:spawn_entity": {
					"entities": [
						{
							"min_wait_time": 0,
							"max_wait_time": 0,
							"single_use": true,
							"spawn_entity": "bullet:minimisight",
							"spawn_event": "bullet:normal",
							"num_to_spawn": 1
						}
					]
				}
			},
			"krep:pm3_firest": {
				"minecraft:spawn_entity": {
					"entities": [
						{
							"min_wait_time": 0,
							"max_wait_time": 0,
							"single_use": true,
							"spawn_entity": "bullet:pm3nsight",
							"spawn_event": "bullet:normal",
							"num_to_spawn": 1
						}
					]
				}
			},
			"krep:pm3_fires": {
				"minecraft:spawn_entity": {
					"entities": [
						{
							"min_wait_time": 0,
							"max_wait_time": 0,
							"single_use": true,
							"spawn_entity": "bullet:pm3sight",
							"spawn_event": "bullet:normal",
							"num_to_spawn": 1
						}
					]
				}
			},
			"krep:ak101_firest": {
				"minecraft:spawn_entity": {
					"entities": [
						{
							"min_wait_time": 0,
							"max_wait_time": 0,
							"single_use": true,
							"spawn_event": "bullet:normal",
							"spawn_entity": "bullet:ak101nsight",
							"num_to_spawn": 1
						}
					]
				}
			},
			"krep:ak101_fires": {
				"minecraft:spawn_entity": {
					"entities": [
						{
							"min_wait_time": 0,
							"max_wait_time": 0,
							"single_use": true,
							"spawn_event": "bullet:normal",
							"spawn_entity": "bullet:ak101sight",
							"num_to_spawn": 1
						}
					]
				}
			},
			"krep:ak101_hb_firest": {
				"minecraft:spawn_entity": {
					"entities": [
						{
							"min_wait_time": 0,
							"max_wait_time": 0,
							"single_use": true,
							"spawn_event": "bullet:hb",
							"spawn_entity": "bullet:ak101nsight",
							"num_to_spawn": 1
						}
					]
				}
			},
			"krep:ak101_hb_fires": {
				"minecraft:spawn_entity": {
					"entities": [
						{
							"min_wait_time": 0,
							"max_wait_time": 0,
							"single_use": true,
							"spawn_event": "bullet:hb",
							"spawn_entity": "bullet:ak101sight",
							"num_to_spawn": 1
						}
					]
				}
			},
			"krep:ak101_sb_firest": {
				"minecraft:spawn_entity": {
					"entities": [
						{
							"min_wait_time": 0,
							"max_wait_time": 0,
							"single_use": true,
							"spawn_event": "bullet:sb",
							"spawn_entity": "bullet:ak101nsight",
							"num_to_spawn": 1
						}
					]
				}
			},
			"krep:ak101_sb_fires": {
				"minecraft:spawn_entity": {
					"entities": [
						{
							"min_wait_time": 0,
							"max_wait_time": 0,
							"single_use": true,
							"spawn_event": "bullet:sb",
							"spawn_entity": "bullet:ak101sight",
							"num_to_spawn": 1
						}
					]
				}
			},
			"krep:ss2v1_firest": {
				"minecraft:spawn_entity": {
					"entities": [
						{
							"min_wait_time": 0,
							"max_wait_time": 0,
							"single_use": true,
							"spawn_entity": "bullet:ss2v1nsight",
							"spawn_event": "bullet:normal",
							"num_to_spawn": 1
						}
					]
				}
			},
			"krep:ss2v1_fires": {
				"minecraft:spawn_entity": {
					"entities": [
						{
							"min_wait_time": 0,
							"max_wait_time": 0,
							"single_use": true,
							"spawn_entity": "bullet:ss2v1sight",
							"spawn_event": "bullet:normal",
							"num_to_spawn": 1
						}
					]
				}
			},
			"krep:ss2v1_hb_firest": {
				"minecraft:spawn_entity": {
					"entities": [
						{
							"min_wait_time": 0,
							"max_wait_time": 0,
							"single_use": true,
							"spawn_entity": "bullet:ss2v1nsight",
							"spawn_event": "bullet:hb",
							"num_to_spawn": 1
						}
					]
				}
			},
			"krep:ss2v1_hb_fires": {
				"minecraft:spawn_entity": {
					"entities": [
						{
							"min_wait_time": 0,
							"max_wait_time": 0,
							"single_use": true,
							"spawn_entity": "bullet:ss2v1sight",
							"spawn_event": "bullet:hb",
							"num_to_spawn": 1
						}
					]
				}
			},
			"krep:ss2v1_karbin_firest": {
				"minecraft:spawn_entity": {
					"entities": [
						{
							"min_wait_time": 0,
							"max_wait_time": 0,
							"single_use": true,
							"spawn_entity": "bullet:ss2v1nsight",
							"spawn_event": "bullet:karbin",
							"num_to_spawn": 1
						}
					]
				}
			},
			"krep:ss2v1_karbin_fires": {
				"minecraft:spawn_entity": {
					"entities": [
						{
							"min_wait_time": 0,
							"max_wait_time": 0,
							"single_use": true,
							"spawn_entity": "bullet:ss2v1sight",
							"spawn_event": "bullet:karbin",
							"num_to_spawn": 1
						}
					]
				}
			},
			"krep:ss1v1_firest": {
				"minecraft:spawn_entity": {
					"entities": [
						{
							"min_wait_time": 0,
							"max_wait_time": 0,
							"single_use": true,
							"spawn_entity": "bullet:ss1v1nsight",
							"spawn_event": "bullet:normal",
							"num_to_spawn": 1
						}
					]
				}
			},
			"krep:ss1v1_fires": {
				"minecraft:spawn_entity": {
					"entities": [
						{
							"min_wait_time": 0,
							"max_wait_time": 0,
							"single_use": true,
							"spawn_entity": "bullet:ss1v1sight",
							"spawn_event": "bullet:normal",
							"num_to_spawn": 1
						}
					]
				}
			},
			"krep:ss1v1_karbin_firest": {
				"minecraft:spawn_entity": {
					"entities": [
						{
							"min_wait_time": 0,
							"max_wait_time": 0,
							"single_use": true,
							"spawn_entity": "bullet:ss1v1nsight",
							"spawn_event": "bullet:karbin",
							"num_to_spawn": 1
						}
					]
				}
			},
			"krep:ss1v1_karbin_fires": {
				"minecraft:spawn_entity": {
					"entities": [
						{
							"min_wait_time": 0,
							"max_wait_time": 0,
							"single_use": true,
							"spawn_entity": "bullet:ss1v1sight",
							"spawn_event": "bullet:karbin",
							"num_to_spawn": 1
						}
					]
				}
			},
			"krep:spr2_firest": {
				"minecraft:spawn_entity": {
					"entities": [
						{
							"min_wait_time": 0,
							"max_wait_time": 0,
							"single_use": true,
							"spawn_entity": "bullet:spr2nsight",
							"num_to_spawn": 1
						}
					]
				}
			},
			"krep:spr2_fires": {
				"minecraft:spawn_entity": {
					"entities": [
						{
							"min_wait_time": 0,
							"max_wait_time": 0,
							"single_use": true,
							"spawn_entity": "bullet:spr2sight",
							"num_to_spawn": 1
						}
					]
				}
			},
			"krep:ballista_firest": {
				"minecraft:spawn_entity": {
					"entities": [
						{
							"min_wait_time": 0,
							"max_wait_time": 0,
							"single_use": true,
							"spawn_entity": "bullet:ballistansight",
							"num_to_spawn": 1
						}
					]
				}
			},
			"krep:ballista_fires": {
				"minecraft:spawn_entity": {
					"entities": [
						{
							"min_wait_time": 0,
							"max_wait_time": 0,
							"single_use": true,
							"spawn_entity": "bullet:ballistasight",
							"num_to_spawn": 1
						}
					]
				}
			},
			"krep:deagle_firest": {
				"minecraft:spawn_entity": {
					"entities": [
						{
							"min_wait_time": 0,
							"max_wait_time": 0,
							"single_use": true,
							"spawn_entity": "bullet:deaglensight",
							"num_to_spawn": 1
						}
					]
				}
			},
			"krep:deagle_fires": {
				"minecraft:spawn_entity": {
					"entities": [
						{
							"min_wait_time": 0,
							"max_wait_time": 0,
							"single_use": true,
							"spawn_entity": "bullet:deaglesight",
							"num_to_spawn": 1
						}
					]
				}
			},
			"minecraft:add_bad_omen": {
				"minecraft:spell_effects": {
					"add_effects": [
						{
							"effect": "bad_omen",
							"duration": 6000,
							"display_on_screen_animation": true
						}
					]
				},
				"minecraft:timer": {
					"time": [
						0,
						0
					],
					"looping": false,
					"time_down_event": {
						"event": "minecraft:clear_add_bad_omen",
						"target": "self"
					}
				}
			},
			"minecraft:clear_bad_omen_spell_effect": {
				"minecraft:spell_effects": {}
			},
			"minecraft:raid_trigger": {
				"minecraft:raid_trigger": {
					"triggered_event": {
						"event": "minecraft:remove_raid_trigger",
						"target": "self"
					}
				},
				"minecraft:spell_effects": {
					"remove_effects": "bad_omen"
				}
			}
		},
		"components": {
			"minecraft:experience_reward": {
				"on_death": "math.min(query.player_level*7,100)"
			},
			"minecraft:npc": {},
			"minecraft:type_family": {
				"family": [
					"player"
				]
			},
			"minecraft:is_hidden_when_invisible": {},
			"minecraft:loot": {
				"table": "loot_tables/empty.json"
			},
			"minecraft:collision_box": {
				"width": 0.6,
				"height": 1.8
			},
			"minecraft:can_climb": {},
			"minecraft:movement": {
				"value": 0.1
			},
			"minecraft:hurt_on_condition": {
				"damage_conditions": [
					{
						"filters": {
							"test": "in_lava",
							"subject": "self",
							"operator": "==",
							"value": true
						},
						"cause": "lava",
						"damage_per_tick": 4
					}
				]
			},
			"minecraft:attack": {
				"damage": 1
			},
			"minecraft:player.saturation": {
				"value": 5
			},
			"minecraft:player.exhaustion": {
				"value": 0,
				"max": 4
			},
			"minecraft:player.level": {
				"value": 0,
				"max": 24791
			},
			"minecraft:player.experience": {
				"value": 0,
				"max": 1
			},
			"minecraft:health": {
				"value": 20,
				"max": 20
			},
			"minecraft:breathable": {
            "total_supply": 15,
            "suffocate_time": -1,
            "inhale_time": 3.75,
            "generates_bubbles": false
			},
			"minecraft:nameable": {
				"always_show": true,
				"allow_name_tag_renaming": false
			},
			"minecraft:interact": {
				"interactions": [
					{
						"on_interact": {
							"filters": {
								"all_of": [
									{
										"test": "is_family",
										"subject": "other",
										"value": "player"
									}
								]
							}
						}
					}
				]
			},
			"minecraft:exhaustion_values": {
            "heal": 6,
            "jump": 0.05,
            "sprint_jump": 0.2,
            "mine": 0.005,
            "attack": 0.1,
            "damage": 0.1,
            "walk": 0.0,
            "sprint": 0.1,
            "swim": 0.01
			},
			"minecraft:physics": {},
			"minecraft:pushable": {
				"is_pushable": false,
				"is_pushable_by_piston": true
			},
			"minecraft:insomnia": {
				"days_until_insomnia": 3
			},
			"minecraft:rideable": {
				"seat_count": 2,
				"family_types": [
					"parrot_tame"
				],
				"pull_in_entities": true,
				"seats": [
					{
						"position": [
							0.4,
							-0.2,
							-0.1
						],
						"min_rider_count": 0,
						"max_rider_count": 0,
						"lock_rider_rotation": 0
					},
					{
						"position": [
							-0.4,
							-0.2,
							-0.1
						],
						"min_rider_count": 1,
						"max_rider_count": 2,
						"lock_rider_rotation": 0
					}
				]
			},
			"minecraft:damage_sensor": {
				"triggers": [
					{
						"on_damage": {
							"filters": {
								"all_of": [
									{
										"test": "is_family",
										"subject": "damager",
										"operator": "==",
										"value": "bullet"
									}
								]
							},
							"event": "krep:damage",
							"deals_damage": true
						},
						"cause": "projectile",
						"damage_multiplier": 0.1
					}
				]
			},
			"minecraft:environment_sensor": {
				"triggers": {
					"filters": {
						"all_of": [
							{
								"test": "has_mob_effect",
								"subject": "self",
								"value": "bad_omen"
							},
							{
								"test": "is_in_village",
								"subject": "self",
								"value": true
							}
						]
					},
					"event": "minecraft:trigger_raid"
				}
			}
		},
		"events": {
			"krep:reload": {
				"add": {
					"component_groups": [
						"krep:reload"
					]
				}
			},
			"krep:glreload": {
				"add": {
					"component_groups": [
						"krep:glreload"
					]
				}
			},
			"krep:minimi50": {
				"add": {
					"component_groups": [
						"krep:minimi50"
					]
				}
			},
			"krep:minimi25": {
				"add": {
					"component_groups": [
						"krep:minimi25"
					]
				}
			},
			"krep:ak101heavystock_stock": {
				"set_property": {
					"krep:ak101stock": "'heavystock'"
				},
				"queue_command": {
					"command": [
						"title @s actionbar Heavy Stock Equipped!"
					]
				}
			},
			"krep:damage": {
				"queue_command": {
					"command": [
						"playsound game.player.hurt",
						"camerashake add @s 0.200 0.12 rotational"
					],
					"target": "self"
				}
			},
			"krep:ak101remove_stock": {
				"set_property": {
					"krep:ak101stock": "'nothing'"
				},
				"queue_command": {
					"command": [
						"title @s actionbar Classic Brimob Stock Equipped!"
					]
				}
			},
			"krep:ak101hb_barrel": {
				"set_property": {
					"krep:ak101barrel": "'hb'"
				},
				"queue_command": {
					"command": [
						"title @s actionbar Heavy Barrel Equipped!"
					]
				}
			},
			"krep:ak101sb_barrel": {
				"sequence": [
					{
						"filters": {
							"all_of": [
								{
									"test": "enum_property",
									"subject": "self",
									"domain": "krep:ak101grip",
									"value": "bipod",
									"operator": "=="
								}
							]
						},
						"set_property": {
							"krep:ak101barrel": "'sb'",
							"krep:ak101grip": "'nothing'"
						},
						"queue_command": {
							"command": [
								"title @s actionbar Short Barrel And No Bipod Equipped!"
							]
						}
					},
					{
						"filters": {
							"all_of": [
								{
									"test": "enum_property",
									"subject": "self",
									"domain": "krep:ak101grip",
									"value": "bipod",
									"operator": "!="
								}
							]
						},
						"set_property": {
							"krep:ak101barrel": "'sb'"
						},
						"queue_command": {
							"command": [
								"title @s actionbar Short Barrel Equipped!"
							]
						}
					}
				]
			},
			"krep:ak101remove_barrel": {
				"sequence": [
					{
						"filters": {
							"all_of": [
								{
									"test": "enum_property",
									"subject": "self",
									"domain": "krep:ak101grip",
									"value": "bipod",
									"operator": "=="
								}
							]
						},
						"set_property": {
							"krep:ak101barrel": "'nothing'",
							"krep:ak101grip": "'nothing'"
						},
						"queue_command": {
							"command": [
								"title @s actionbar AK-101 Barrel Length Standard Equipped!"
							]
						}
					},
					{
						"filters": {
							"all_of": [
								{
									"test": "enum_property",
									"subject": "self",
									"domain": "krep:ak101grip",
									"value": "bipod",
									"operator": "!="
								}
							]
						},
						"set_property": {
							"krep:ak101barrel": "'nothing'"
						},
						"queue_command": {
							"command": [
								"title @s actionbar AK-101 Barrel Length Standard Equipped!"
							]
						}
					}
				]
			},
			"krep:ak101holo512_sight": {
				"set_property": {
					"krep:ak101scope": 3
				},
				"queue_command": {
					"command": [
						"title @s actionbar Holo-512 Equipped!"
					]
				}
			},
			"krep:ak101nfscope_scope": {
				"set_property": {
					"krep:ak101scope": 0
				},
				"queue_command": {
					"command": [
						"title @s actionbar Tactical Scope Equipped!"
					]
				}
			},
			"krep:ak101acog_scope": {
				"set_property": {
					"krep:ak101scope": 1
				},
				"queue_command": {
					"command": [
						"title @s actionbar Acog4x Equipped!"
					]
				}
			},
			"krep:ak101remove_sight": {
				"set_property": {
					"krep:ak101scope": 2
				},
				"queue_command": {
					"command": [
						"title @s actionbar LITERALLY IRON SIGHT Equipped!"
					]
				}
			},
			"krep:ak101remove_grip": {
				"set_property": {
					"krep:ak101grip": "'nothing'"
				},
				"queue_command": {
					"command": [
						"title @s actionbar No More Grip"
					]
				}
			},
			"krep:ak101bipod_grip": {
				"sequence": [
					{
						"filters": {
							"all_of": [
								{
									"test": "enum_property",
									"subject": "self",
									"domain": "krep:ak101barrel",
									"value": "hb",
									"operator": "=="
								}
							]
						},
						"set_property": {
							"krep:ak101grip": "'bipod'"
						},
						"queue_command": {
							"command": [
								"title @s actionbar Bipod Equipped!"
							]
						}
					},
					{
						"filters": {
							"all_of": [
								{
									"test": "enum_property",
									"subject": "self",
									"domain": "krep:ak101barrel",
									"value": "hb",
									"operator": "!="
								}
							]
						},
						"queue_command": {
							"command": [
								"title @s actionbar Sir, Bipod Want Heavy Barrel"
							]
						}
					}
				]
			},
			"krep:setup_d5": {
				"set_property": {
					"krep:d5sight": "'holo512'",
					"krep:d5handguard": "'mlok'",
					"krep:d5grip": "'tacgrip'"
				}
			},
			"krep:d5holo512_sight": {
				"set_property": {
					"krep:d5scope": 3
				},
				"queue_command": {
					"command": [
						"title @s actionbar Holo-512 Equipped!"
					]
				}
			},
			"krep:d5srsuppress_barrel": {
				"set_property": {
					"krep:d5barrel": "'srsuppress'"
				},
				"queue_command": {
					"command": [
						"title @s actionbar SR-Suppressor Equipped!"
					]
				}
			},
			"krep:d5remove_barrel": {
				"set_property": {
					"krep:d5barrel": "'nothing'"
				},
				"queue_command": {
					"command": [
						"title @s actionbar No More Supressor!"
					]
				}
			},
			"krep:d5nfscope_scope": {
				"set_property": {
					"krep:d5scope": 0
				},
				"queue_command": {
					"command": [
						"title @s actionbar Tactical Scope Equipped!"
					]
				}
			},
			"krep:d5acog_scope": {
				"set_property": {
					"krep:d5scope": 1
				},
				"queue_command": {
					"command": [
						"title @s actionbar Acog4x Equipped!"
					]
				}
			},
			"krep:d5remove_sight": {
				"set_property": {
					"krep:d5scope": 2
				},
				"queue_command": {
					"command": [
						"title @s actionbar Iron Sight Isnt Bad Thing"
					]
				}
			},
			"krep:d5telestock_stock": {
				"set_property": {
					"krep:d5stock": "'telestock'"
				},
				"queue_command": {
					"command": [
						"title @s actionbar Tactical Stock Equipped!"
					]
				}
			},
			"krep:d5blackout_ammo": {
				"set_property": {
					"krep:d5ammo": "'blackout'"
				},
				"queue_command": {
					"command": [
						"title @s actionbar .300 Blackout Equipped!"
					]
				}
			},
			"krep:d5remove_ammo": {
				"set_property": {
					"krep:d5ammo": "'nothing'"
				},
				"queue_command": {
					"command": [
						"title @s actionbar 5.56x45mm Equipped!"
					]
				}
			},
			"krep:d5remove_grip": {
				"set_property": {
					"krep:d5grip": "'nothing'"
				},
				"queue_command": {
					"command": [
						"title @s actionbar No More Grip Attachment"
					]
				}
			},
			"krep:d5tacgrip_grip": {
				"set_property": {
					"krep:d5grip": "'tacgrip'"
				},
				"queue_command": {
					"command": [
						"title @s actionbar Tactical Grip Equipped!"
					]
				}
			},
			"krep:d5remove_stock": {
				"set_property": {
					"krep:d5stock": "'nothing'"
				},
				"queue_command": {
					"command": [
						"title @s actionbar Default Stock Equipped!"
					]
				}
			},
			"krep:ss2holo512_sight": {
				"set_property": {
					"krep:ss2scope": 3
				},
				"queue_command": {
					"command": [
						"title @s actionbar Holo-512 Equipped!"
					]
				}
			},
			"krep:ss2nfscope_scope": {
				"set_property": {
					"krep:ss2scope": 0
				},
				"queue_command": {
					"command": [
						"title @s actionbar Tactical Scope Equipped!"
					]
				}
			},
			"krep:ss2acog_scope": {
				"set_property": {
					"krep:ss2scope": 1
				},
				"queue_command": {
					"command": [
						"title @s actionbar Acog4x Equipped!"
					]
				}
			},
			"krep:ss2remove_sight": {
				"set_property": {
					"krep:ss2scope": 2
				},
				"queue_command": {
					"command": [
						"title @s actionbar Carry Handle Is Solution"
					]
				}
			},
			"krep:pm3holo512_sight": {
				"set_property": {
					"krep:pm3scope": 1
				},
				"queue_command": {
					"command": [
						"title @s actionbar Holo-512 Equipped!"
					]
				}
			},
			"krep:pm3acog_scope": {
				"set_property": {
					"krep:pm3scope": 0
				},
				"queue_command": {
					"command": [
						"title @s actionbar Acog4x Equipped!"
					]
				}
			},
			"krep:pm3remove_sight": {
				"set_property": {
					"krep:pm3scope": 2
				},
				"queue_command": {
					"command": [
						"title @s actionbar HK-Sight Is Solution"
					]
				}
			},
			"krep:ss2remove_muzzle": {
				"set_property": {
					"krep:ss2muzzle": "'nothing'"
				},
				"queue_command": {
					"command": [
						"title @s actionbar Silence doesnt make ur enemies die quickly"
					]
				}
			},
			"krep:ss2srsuppress_muzzle": {
				"set_property": {
					"krep:ss2muzzle": "'srsuppress'"
				},
				"queue_command": {
					"command": [
						"title @s actionbar SR-Suppressor Equipped!"
					]
				}
			},
			"krep:ss2ironsight_sight": {
				"set_property": {
					"krep:ss2scope": 4
				},
				"queue_command": {
					"command": [
						"title @s actionbar Iron-Sight Equipped!"
					]
				}
			},
			"krep:ss2karbin_barrel": {
				"sequence": [
					{
						"filters": {
							"all_of": [
								{
									"test": "enum_property",
									"subject": "self",
									"domain": "krep:ss2grip",
									"value": "bipod",
									"operator": "!="
								}
							]
						},
						"set_property": {
							"krep:ss2barrel": "'karbin'"
						},
						"queue_command": {
							"command": [
								"title @s actionbar Karbin Barrel Equipped!"
							]
						}
					},
					{
						"filters": {
							"all_of": [
								{
									"test": "enum_property",
									"subject": "self",
									"domain": "krep:ss2grip",
									"value": "bipod",
									"operator": "=="
								}
							]
						},
						"set_property": {
							"krep:ss2barrel": "'karbin'",
							"krep:ss2grip": "'nothing'"
						},
						"queue_command": {
							"command": [
								"title @s actionbar Karbin Barrel Equipped But Ur Bipod Gone"
							]
						}
					},
					{
						"filters": {
							"all_of": [
								{
									"test": "enum_property",
									"subject": "self",
									"domain": "krep:ss2grip",
									"value": "spg2",
									"operator": "!="
								}
							]
						},
						"set_property": {
							"krep:ss2barrel": "'karbin'"
						},
						"queue_command": {
							"command": [
								"title @s actionbar Karbin Barrel Equipped!"
							]
						}
					},
					{
						"filters": {
							"all_of": [
								{
									"test": "enum_property",
									"subject": "self",
									"domain": "krep:ss2grip",
									"value": "spg2",
									"operator": "=="
								}
							]
						},
						"set_property": {
							"krep:ss2barrel": "'karbin'",
							"krep:ss2grip": "'nothing'"
						},
						"queue_command": {
							"command": [
								"title @s actionbar Karbin Barrel Equipped But Ur GL Gone"
							]
						}
					}
				]
			},
			"krep:ss2remove_barrel": {
				"set_property": {
					"krep:ss2barrel": "'nothing'"
				},
				"queue_command": {
					"command": [
						"title @s actionbar Barrel Length Back To Default"
					]
				}
			},
			"krep:ss2hb_barrel": {
				"set_property": {
					"krep:ss2barrel": "'hb'"
				},
				"queue_command": {
					"command": [
						"title @s actionbar Heavy Barrel Equipped!"
					]
				}
			},
			"krep:ss2telestock_stock": {
				"set_property": {
					"krep:ss2stock": "'telestock'"
				},
				"queue_command": {
					"command": [
						"title @s actionbar Tactical Stock Equipped!"
					]
				}
			},
			"krep:ss2remove_grip": {
				"set_property": {
					"krep:ss2grip": "'nothing'"
				},
				"queue_command": {
					"command": [
						"title @s actionbar No More Grip Attachment"
					]
				}
			},
			"krep:ss2spg2_grip": {
				"sequence": [
					{
						"filters": {
							"all_of": [
								{
									"test": "enum_property",
									"subject": "self",
									"domain": "krep:ss2barrel",
									"value": "karbin",
									"operator": "!="
								}
							]
						},
						"set_property": {
							"krep:ss2grip": "'spg2'"
						},
						"queue_command": {
							"command": [
								"title @s actionbar SPG-2 Equipped!"
							]
						}
					},
					{
						"filters": {
							"any_of": [
								{
									"test": "enum_property",
									"subject": "self",
									"domain": "krep:ss2barrel",
									"value": "karbin",
									"operator": "=="
								}
							]
						},
						"queue_command": {
							"command": [
								"title @s actionbar Barrel Too Short"
							]
						}
					}
				]
			},
			"krep:ss2tacgrip_grip": {
				"set_property": {
					"krep:ss2grip": "'tacgrip'"
				},
				"queue_command": {
					"command": [
						"title @s actionbar Tactical Grip Equipped!"
					]
				}
			},
			"krep:ss2bipod_grip": {
				"sequence": [
					{
						"filters": {
							"all_of": [
								{
									"test": "enum_property",
									"subject": "self",
									"domain": "krep:ss2barrel",
									"value": "hb",
									"operator": "=="
								}
							]
						},
						"set_property": {
							"krep:ss2grip": "'bipod'"
						},
						"queue_command": {
							"command": [
								"title @s actionbar Bipod Equipped!"
							]
						}
					},
					{
						"filters": {
							"any_of": [
								{
									"test": "enum_property",
									"subject": "self",
									"domain": "krep:ss2barrel",
									"value": "hb",
									"operator": "!="
								}
							]
						},
						"queue_command": {
							"command": [
								"title @s actionbar Read What I Write Before"
							]
						}
					}
				]
			},
			"krep:ss2remove_stock": {
				"set_property": {
					"krep:ss2stock": "'nothing'"
				},
				"queue_command": {
					"command": [
						"title @s actionbar Skeleton Stock Equipped!"
					]
				}
			},
			"krep:ss2tachandguard_handguard": {
				"set_property": {
					"krep:ss2handguard": "'mlok'"
				},
				"queue_command": {
					"command": [
						"title @s actionbar Tactical Handguard Equipped!"
					]
				}
			},
			"krep:ss2remove_handguard": {
				"sequence": [
					{
						"filters": {
							"all_of": [
								{
									"test": "int_property",
									"subject": "self",
									"domain": "krep:ss2scope",
									"value": 4,
									"operator": "=="
								}
							]
						},
						"set_property": {
							"krep:ss2handguard": "'nothing'",
							"krep:ss2grip": "'nothing'",
							"krep:ss2scope": 2
						},
						"queue_command": {
							"command": [
								"title @s actionbar No More Handguard & Grip Attachment"
							]
						}
					},
					{
						"filters": {
							"any_of": [
								{
									"test": "int_property",
									"subject": "self",
									"domain": "krep:ss2scope",
									"value": 4,
									"operator": "!="
								}
							]
						},
						"set_property": {
							"krep:ss2handguard": "'nothing'",
							"krep:ss2grip": "'nothing'"
						},
						"queue_command": {
							"command": [
								"title @s actionbar No More Handguard & Grip Attachment"
							]
						}
					}
				]
			},
			"krep:ss1remove_barrel": {
				"set_property": {
					"krep:ss1barrel": "'nothing'"
				},
				"queue_command": {
					"command": [
						"title @s actionbar Barrel Length Back To Default"
					]
				}
			},
			"krep:ss1karbin_barrel": {
				"set_property": {
					"krep:ss1barrel": "'karbin'"
				},
				"queue_command": {
					"command": [
						"title @s actionbar A5 Barrel Equipped!"
					]
				}
			},
			"krep:ss1remove_grip": {
				"set_property": {
					"krep:ss1grip": "'nothing'"
				},
				"queue_command": {
					"command": [
						"title @s actionbar No grip Equipped!"
					]
				}
			},
			"krep:ss1tacgrip_grip": {
				"set_property": {
					"krep:ss1grip": "'tacgrip'"
				},
				"queue_command": {
					"command": [
						"title @s actionbar Tactical Grip Equipped!"
					]
				}
			},
			"krep:ss1remove_stock": {
				"set_property": {
					"krep:ss1stock": "'nothing'"
				},
				"queue_command": {
					"command": [
						"title @s actionbar No More Stock Attachment"
					]
				}
			},
			"krep:ss2glreload": {
				"set_property": {
					"krep:ss2glreload": 2
				}
			},
			"krep:ss2noglreload": {
				"set_property": {
					"krep:ss2glreload": 1
				}
			},
			"krep:ss2setupgl": {
				"set_property": {
					"krep:ss2glreload": 0
				}
			},
			"krep:ss1telestock_stock": {
				"set_property": {
					"krep:ss1stock": "'telestock'"
				},
				"queue_command": {
					"command": [
						"title @s actionbar Tactical Stock Equipped!"
					]
				}
			},
			"krep:ss1holo512_sight": {
				"set_property": {
					"krep:ss1scope": 3
				},
				"queue_command": {
					"command": [
						"title @s actionbar Holo-512 Equipped!"
					]
				}
			},
			"krep:ss1nfscope_scope": {
				"set_property": {
					"krep:ss1scope": 0
				},
				"queue_command": {
					"command": [
						"title @s actionbar Tactical Scope Equipped!"
					]
				}
			},
			"krep:ss1acog_scope": {
				"set_property": {
					"krep:ss1scope": 1
				},
				"queue_command": {
					"command": [
						"title @s actionbar Acog4x Equipped!"
					]
				}
			},
			"krep:ss1remove_sight": {
				"set_property": {
					"krep:ss1scope": 2
				},
				"queue_command": {
					"command": [
						"title @s actionbar Optic Sight Is Mid"
					]
				}
			},
			"krep:minimitachandguard_handguard": {
				"set_property": {
					"krep:minimigrip": "'tachandguard'"
				},
				"queue_command": {
					"command": [
						"title @s actionbar Tactical Handguard Equipped!"
					]
				}
			},
			"krep:minimiparastock_stock": {
				"set_property": {
					"krep:minimistock": "'parastock'"
				},
				"queue_command": {
					"command": [
						"title @s actionbar Para-Stock Equipped!"
					]
				}
			},
			"krep:minimitacstock_stock": {
				"set_property": {
					"krep:minimistock": "'tacstock'"
				},
				"queue_command": {
					"command": [
						"title @s actionbar Tactical Stock Equipped!"
					]
				}
			},
			"krep:minimiremove_stock": {
				"set_property": {
					"krep:minimistock": "'nothing'"
				},
				"queue_command": {
					"command": [
						"title @s actionbar Fixed-Stock Equipped!"
					]
				}
			},
			"krep:minimiremove_handguard": {
				"set_property": {
					"krep:minimigrip": "'nothing'"
				},
				"queue_command": {
					"command": [
						"title @s actionbar Classic Handguard Equipped!"
					]
				}
			},
			"krep:minimiholo512_sight": {
				"set_property": {
					"krep:minimisight": "'holo512'"
				},
				"queue_command": {
					"command": [
						"title @s actionbar Holo-512 Equipped!"
					]
				}
			},
			"krep:minimiremove_sight": {
				"set_property": {
					"krep:minimisight": "'nothing'",
					"krep:minimiscope": 0
				},
				"queue_command": {
					"command": [
						"title @s actionbar Scope Without Zoom Addition Equipped!"
					]
				}
			},
			"krep:miniminfscope_scope": {
				"set_property": {
					"krep:minimisight": "'nfscope'",
					"krep:minimiscope": 0
				},
				"queue_command": {
					"command": [
						"title @s actionbar Tactical Scope Equipped!"
					]
				}
			},
			"krep:minimiacog_scope": {
				"set_property": {
					"krep:minimisight": "'acog'",
					"krep:minimiscope": 1
				},
				"queue_command": {
					"command": [
						"title @s actionbar Acog4x Equipped!"
					]
				}
			},
			"krep:startreload": {
				"add": {
					"component_groups": [
						"krep:startreload"
					]
				}
			},
			"krep:noreload": {
				"add": {
					"component_groups": [
						"krep:noreload"
					]
				}
			},
			"krep:scope": {
				"remove": {
					"component_groups": [
						"krep:scope4x",
						"krep:sfscope"
					]
				},
				"add": {
					"component_groups": [
						"krep:scope"
					]
				}
			},
			"krep:scope4x": {
				"add": {
					"component_groups": [
						"krep:scope4x"
					]
				},
				"remove": {
					"component_groups": [
						"krep:scope",
						"krep:sfscope"
					]
				}
			},
			"krep:sfscope": {
				"add": {
					"component_groups": [
						"krep:sfscope"
					]
				},
				"remove": {
					"component_groups": [
						"krep:scope",
						"krep:scope4x"
					]
				}
			},
			"krep:normal": {
				"add": {
					"component_groups": [
						"krep:normal"
					]
				}
			},
			"krep:ss2recoil_stock": {
				"sequence": [
					{
						"filters": {
							"all_of": [
								{
									"test": "enum_property",
									"subject": "self",
									"domain": "krep:ss2stock",
									"value": "nothing",
									"operator": "=="
								},
								{
									"test": "is_sneaking",
									"value": false,
									"subject": "self"
								}
							]
						},
						"queue_command": {
							"command": [
								"camerashake add @s 0.0575 0.1 rotational"
							]
						}
					},
					{
						"filters": {
							"all_of": [
								{
									"test": "enum_property",
									"subject": "self",
									"domain": "krep:ss2stock",
									"value": "telestock",
									"operator": "=="
								},
								{
									"test": "is_sneaking",
									"value": false,
									"subject": "self"
								}
							]
						},
						"queue_command": {
							"command": [
								"camerashake add @s 0.055 0.1 rotational"
							]
						}
					},
					{
						"filters": {
							"all_of": [
								{
									"test": "enum_property",
									"subject": "self",
									"domain": "krep:ss2stock",
									"value": "nothing",
									"operator": "=="
								},
								{
									"test": "is_sneaking",
									"value": true,
									"subject": "self"
								}
							]
						},
						"queue_command": {
							"command": [
								"camerashake add @s 0.031 0.1 rotational"
							]
						}
					},
					{
						"filters": {
							"all_of": [
								{
									"test": "enum_property",
									"subject": "self",
									"domain": "krep:ss2stock",
									"value": "telestock",
									"operator": "=="
								},
								{
									"test": "is_sneaking",
									"value": true,
									"subject": "self"
								}
							]
						},
						"queue_command": {
							"command": [
								"camerashake add @s 0.029 0.1 rotational"
							]
						}
					}
				]
			},
			"krep:ss2recoil_grip": {
				"sequence": [
					{
						"filters": {
							"all_of": [
								{
									"test": "enum_property",
									"subject": "self",
									"domain": "krep:ss2grip",
									"value": "nothing",
									"operator": "=="
								},
								{
									"test": "is_sneaking",
									"value": false,
									"subject": "self"
								}
							]
						},
						"queue_command": {
							"command": [
								"camerashake add @s 0.0575 0.1 rotational"
							]
						}
					},
					{
						"filters": {
							"all_of": [
								{
									"test": "enum_property",
									"subject": "self",
									"domain": "krep:ss2grip",
									"value": "tacgrip",
									"operator": "=="
								},
								{
									"test": "is_sneaking",
									"value": false,
									"subject": "self"
								}
							]
						},
						"queue_command": {
							"command": [
								"camerashake add @s 0.048 0.1 rotational"
							]
						}
					},
					{
						"filters": {
							"all_of": [
								{
									"test": "enum_property",
									"subject": "self",
									"domain": "krep:ss2grip",
									"value": "bipod",
									"operator": "=="
								},
								{
									"test": "is_sneaking",
									"value": false,
									"subject": "self"
								}
							]
						},
						"queue_command": {
							"command": [
								"camerashake add @s 0.06 0.1 rotational"
							]
						}
					},
					{
						"filters": {
							"all_of": [
								{
									"test": "enum_property",
									"subject": "self",
									"domain": "krep:ss2grip",
									"value": "spg2",
									"operator": "=="
								},
								{
									"test": "is_sneaking",
									"value": false,
									"subject": "self"
								}
							]
						},
						"queue_command": {
							"command": [
								"camerashake add @s 0.062 0.1 rotational"
							]
						}
					},
					{
						"filters": {
							"all_of": [
								{
									"test": "enum_property",
									"subject": "self",
									"domain": "krep:ss2grip",
									"value": "nothing",
									"operator": "=="
								},
								{
									"test": "is_sneaking",
									"value": true,
									"subject": "self"
								}
							]
						},
						"queue_command": {
							"command": [
								"camerashake add @s 0.031 0.1 rotational"
							]
						}
					},
					{
						"filters": {
							"all_of": [
								{
									"test": "enum_property",
									"subject": "self",
									"domain": "krep:ss2grip",
									"value": "tacgrip",
									"operator": "=="
								},
								{
									"test": "is_sneaking",
									"value": true,
									"subject": "self"
								}
							]
						},
						"queue_command": {
							"command": [
								"camerashake add @s 0.025 0.1 rotational"
							]
						}
					}
				]
			},
			"krep:ss2barrel_shoot": {
				"sequence": [
					{
						"filters": {
							"all_of": [
								{
									"test": "enum_property",
									"subject": "self",
									"domain": "krep:ss2barrel",
									"value": "nothing",
									"operator": "=="
								},
								{
									"test": "is_sneaking",
									"value": false,
									"subject": "self"
								}
							]
						},
						"add": {
							"component_groups": [
								"krep:ss2v1_firest"
							]
						}
					},
					{
						"filters": {
							"all_of": [
								{
									"test": "enum_property",
									"subject": "self",
									"domain": "krep:ss2barrel",
									"value": "hb",
									"operator": "=="
								},
								{
									"test": "is_sneaking",
									"value": false,
									"subject": "self"
								}
							]
						},
						"add": {
							"component_groups": [
								"krep:ss2v1_hb_firest"
							]
						},
						"queue_command": {
							"command": [
								"camerashake add @s 0.022 0.19 rotational"
							]
						}
					},
					{
						"filters": {
							"all_of": [
								{
									"test": "enum_property",
									"subject": "self",
									"domain": "krep:ss2barrel",
									"value": "karbin",
									"operator": "=="
								},
								{
									"test": "is_sneaking",
									"value": false,
									"subject": "self"
								}
							]
						},
						"add": {
							"component_groups": [
								"krep:ss2v1_karbin_firest"
							]
						}
					},
					{
						"filters": {
							"all_of": [
								{
									"test": "enum_property",
									"subject": "self",
									"domain": "krep:ss2barrel",
									"value": "nothing",
									"operator": "=="
								},
								{
									"test": "is_sneaking",
									"value": true,
									"subject": "self"
								}
							]
						},
						"add": {
							"component_groups": [
								"krep:ss2v1_fires"
							]
						}
					},
					{
						"filters": {
							"all_of": [
								{
									"test": "enum_property",
									"subject": "self",
									"domain": "krep:ss2barrel",
									"value": "hb",
									"operator": "=="
								},
								{
									"test": "is_sneaking",
									"value": true,
									"subject": "self"
								}
							]
						},
						"add": {
							"component_groups": [
								"krep:ss2v1_hb_fires"
							]
						},
						"queue_command": {
							"command": [
								"camerashake add @s 0.022 0.19 rotational"
							]
						}
					},
					{
						"filters": {
							"all_of": [
								{
									"test": "enum_property",
									"subject": "self",
									"domain": "krep:ss2barrel",
									"value": "karbin",
									"operator": "=="
								},
								{
									"test": "is_sneaking",
									"value": true,
									"subject": "self"
								}
							]
						},
						"add": {
							"component_groups": [
								"krep:ss2v1_karbin_fires"
							]
						}
					}
				]
			},
			"krep:d5recoil_grip": {
				"sequence": [
					{
						"filters": {
							"all_of": [
								{
									"test": "enum_property",
									"subject": "self",
									"domain": "krep:d5grip",
									"value": "nothing",
									"operator": "=="
								},
								{
									"test": "is_sneaking",
									"value": false,
									"subject": "self"
								}
							]
						},
						"queue_command": {
							"command": [
								"camerashake add @s 0.0425 0.17 rotational"
							]
						}
					},
					{
						"filters": {
							"all_of": [
								{
									"test": "enum_property",
									"subject": "self",
									"domain": "krep:d5grip",
									"value": "tacgrip",
									"operator": "=="
								},
								{
									"test": "is_sneaking",
									"value": false,
									"subject": "self"
								}
							]
						},
						"queue_command": {
							"command": [
								"camerashake add @s 0.0355 0.17 rotational"
							]
						}
					},
					{
						"filters": {
							"all_of": [
								{
									"test": "enum_property",
									"subject": "self",
									"domain": "krep:d5grip",
									"value": "nothing",
									"operator": "=="
								},
								{
									"test": "is_sneaking",
									"value": true,
									"subject": "self"
								}
							]
						},
						"queue_command": {
							"command": [
								"camerashake add @s 0.025 0.17 rotational"
							]
						}
					},
					{
						"filters": {
							"all_of": [
								{
									"test": "enum_property",
									"subject": "self",
									"domain": "krep:d5grip",
									"value": "tacgrip",
									"operator": "=="
								},
								{
									"test": "is_sneaking",
									"value": true,
									"subject": "self"
								}
							]
						},
						"queue_command": {
							"command": [
								"camerashake add @s 0.018 0.17 rotational"
							]
						}
					}
				]
			},
			"krep:d5recoil_stock": {
				"sequence": [
					{
						"filters": {
							"all_of": [
								{
									"test": "enum_property",
									"subject": "self",
									"domain": "krep:d5stock",
									"value": "nothing",
									"operator": "=="
								},
								{
									"test": "is_sneaking",
									"value": false,
									"subject": "self"
								}
							]
						},
						"queue_command": {
							"command": [
								"camerashake add @s 0.0425 0.17 rotational"
							]
						}
					},
					{
						"filters": {
							"all_of": [
								{
									"test": "enum_property",
									"subject": "self",
									"domain": "krep:d5stock",
									"value": "telestock",
									"operator": "=="
								},
								{
									"test": "is_sneaking",
									"value": false,
									"subject": "self"
								}
							]
						},
						"queue_command": {
							"command": [
								"camerashake add @s 0.037 0.17 rotational"
							]
						}
					},
					{
						"filters": {
							"all_of": [
								{
									"test": "enum_property",
									"subject": "self",
									"domain": "krep:d5stock",
									"value": "nothing",
									"operator": "=="
								},
								{
									"test": "is_sneaking",
									"value": true,
									"subject": "self"
								}
							]
						},
						"queue_command": {
							"command": [
								"camerashake add @s 0.025 0.17 rotational"
							]
						}
					},
					{
						"filters": {
							"all_of": [
								{
									"test": "enum_property",
									"subject": "self",
									"domain": "krep:d5stock",
									"value": "telestock",
									"operator": "=="
								},
								{
									"test": "is_sneaking",
									"value": true,
									"subject": "self"
								}
							]
						},
						"queue_command": {
							"command": [
								"camerashake add @s 0.020 0.17 rotational"
							]
						}
					}
				]
			},
			"krep:ss1recoil_stock": {
				"sequence": [
					{
						"filters": {
							"all_of": [
								{
									"test": "enum_property",
									"subject": "self",
									"domain": "krep:ss1stock",
									"value": "nothing",
									"operator": "=="
								},
								{
									"test": "is_sneaking",
									"value": false,
									"subject": "self"
								}
							]
						},
						"queue_command": {
							"command": [
								"camerashake add @s 0.05 0.17 rotational"
							]
						}
					},
					{
						"filters": {
							"all_of": [
								{
									"test": "enum_property",
									"subject": "self",
									"domain": "krep:ss1stock",
									"value": "telestock",
									"operator": "=="
								},
								{
									"test": "is_sneaking",
									"value": false,
									"subject": "self"
								}
							]
						},
						"queue_command": {
							"command": [
								"camerashake add @s 0.046 0.17 rotational"
							]
						}
					},
					{
						"filters": {
							"all_of": [
								{
									"test": "enum_property",
									"subject": "self",
									"domain": "krep:ss1stock",
									"value": "nothing",
									"operator": "=="
								},
								{
									"test": "is_sneaking",
									"value": true,
									"subject": "self"
								}
							]
						},
						"queue_command": {
							"command": [
								"camerashake add @s 0.029 0.17 rotational"
							]
						}
					},
					{
						"filters": {
							"all_of": [
								{
									"test": "enum_property",
									"subject": "self",
									"domain": "krep:ss1stock",
									"value": "telestock",
									"operator": "=="
								},
								{
									"test": "is_sneaking",
									"value": true,
									"subject": "self"
								}
							]
						},
						"queue_command": {
							"command": [
								"camerashake add @s 0.025 0.17 rotational"
							]
						}
					}
				]
			},
			"krep:ss1recoil_grip": {
				"sequence": [
					{
						"filters": {
							"all_of": [
								{
									"test": "enum_property",
									"subject": "self",
									"domain": "krep:ss1grip",
									"value": "nothing",
									"operator": "=="
								},
								{
									"test": "is_sneaking",
									"value": false,
									"subject": "self"
								}
							]
						},
						"queue_command": {
							"command": [
								"camerashake add @s 0.054 0.17 rotational"
							]
						}
					},
					{
						"filters": {
							"all_of": [
								{
									"test": "enum_property",
									"subject": "self",
									"domain": "krep:ss1grip",
									"value": "tacgrip",
									"operator": "=="
								},
								{
									"test": "is_sneaking",
									"value": false,
									"subject": "self"
								}
							]
						},
						"queue_command": {
							"command": [
								"camerashake add @s 0.045 0.17 rotational"
							]
						}
					},
					{
						"filters": {
							"all_of": [
								{
									"test": "enum_property",
									"subject": "self",
									"domain": "krep:ss1grip",
									"value": "nothing",
									"operator": "=="
								},
								{
									"test": "is_sneaking",
									"value": true,
									"subject": "self"
								}
							]
						},
						"queue_command": {
							"command": [
								"camerashake add @s 0.029 0.17 rotational"
							]
						}
					},
					{
						"filters": {
							"all_of": [
								{
									"test": "enum_property",
									"subject": "self",
									"domain": "krep:ss1grip",
									"value": "tacgrip",
									"operator": "=="
								},
								{
									"test": "is_sneaking",
									"value": true,
									"subject": "self"
								}
							]
						},
						"queue_command": {
							"command": [
								"camerashake add @s 0.023 0.17 rotational"
							]
						}
					}
				]
			},
			"krep:ss1barrel_shoot": {
				"sequence": [
					{
						"filters": {
							"all_of": [
								{
									"test": "enum_property",
									"subject": "self",
									"domain": "krep:ss1barrel",
									"value": "nothing",
									"operator": "=="
								},
								{
									"test": "is_sneaking",
									"value": false,
									"subject": "self"
								}
							]
						},
						"add": {
							"component_groups": [
								"krep:ss1v1_firest"
							]
						}
					},
					{
						"filters": {
							"all_of": [
								{
									"test": "enum_property",
									"subject": "self",
									"domain": "krep:ss1barrel",
									"value": "karbin",
									"operator": "=="
								},
								{
									"test": "is_sneaking",
									"value": false,
									"subject": "self"
								}
							]
						},
						"add": {
							"component_groups": [
								"krep:ss1v1_karbin_firest"
							]
						}
					},
					{
						"filters": {
							"all_of": [
								{
									"test": "enum_property",
									"subject": "self",
									"domain": "krep:ss1barrel",
									"value": "nothing",
									"operator": "=="
								},
								{
									"test": "is_sneaking",
									"value": true,
									"subject": "self"
								}
							]
						},
						"add": {
							"component_groups": [
								"krep:ss1v1_fires"
							]
						}
					},
					{
						"filters": {
							"all_of": [
								{
									"test": "enum_property",
									"subject": "self",
									"domain": "krep:ss1barrel",
									"value": "karbin",
									"operator": "=="
								},
								{
									"test": "is_sneaking",
									"value": true,
									"subject": "self"
								}
							]
						},
						"add": {
							"component_groups": [
								"krep:ss1v1_karbin_fires"
							]
						}
					}
				]
			},
			"krep:ak101recoil_stock": {
				"sequence": [
					{
						"filters": {
							"all_of": [
								{
									"test": "enum_property",
									"subject": "self",
									"domain": "krep:ak101stock",
									"value": "nothing",
									"operator": "=="
								},
								{
									"test": "is_sneaking",
									"value": false,
									"subject": "self"
								}
							]
						},
						"queue_command": {
							"command": [
								"camerashake add @s 0.0525 0.19 rotational"
							]
						}
					},
					{
						"filters": {
							"all_of": [
								{
									"test": "enum_property",
									"subject": "self",
									"domain": "krep:ak101stock",
									"value": "heavystock",
									"operator": "=="
								},
								{
									"test": "is_sneaking",
									"value": false,
									"subject": "self"
								}
							]
						},
						"queue_command": {
							"command": [
								"camerashake add @s 0.06 0.17 rotational"
							]
						}
					},
					{
						"filters": {
							"all_of": [
								{
									"test": "enum_property",
									"subject": "self",
									"domain": "krep:ak101stock",
									"value": "nothing",
									"operator": "=="
								},
								{
									"test": "is_sneaking",
									"value": true,
									"subject": "self"
								}
							]
						},
						"queue_command": {
							"command": [
								"camerashake add @s 0.035 0.17 rotational"
							]
						}
					},
					{
						"filters": {
							"all_of": [
								{
									"test": "enum_property",
									"subject": "self",
									"domain": "krep:ak101stock",
									"value": "heavystock",
									"operator": "=="
								},
								{
									"test": "is_sneaking",
									"value": true,
									"subject": "self"
								}
							]
						},
						"queue_command": {
							"command": [
								"camerashake add @s 0.025 0.17 rotational"
							]
						}
					}
				]
			},
			"krep:ak101recoil_grip": {
				"sequence": [
					{
						"filters": {
							"all_of": [
								{
									"test": "enum_property",
									"subject": "self",
									"domain": "krep:ak101grip",
									"value": "nothing",
									"operator": "=="
								},
								{
									"test": "is_sneaking",
									"value": false,
									"subject": "self"
								}
							]
						},
						"queue_command": {
							"command": [
								"camerashake add @s 0.0525 0.19 rotational"
							]
						}
					},
					{
						"filters": {
							"all_of": [
								{
									"test": "enum_property",
									"subject": "self",
									"domain": "krep:ak101grip",
									"value": "bipod",
									"operator": "=="
								},
								{
									"test": "is_sneaking",
									"value": false,
									"subject": "self"
								}
							]
						},
						"queue_command": {
							"command": [
								"camerashake add @s 0.0475 0.17 rotational"
							]
						}
					},
					{
						"filters": {
							"all_of": [
								{
									"test": "enum_property",
									"subject": "self",
									"domain": "krep:ak101grip",
									"value": "nothing",
									"operator": "=="
								},
								{
									"test": "is_sneaking",
									"value": true,
									"subject": "self"
								}
							]
						},
						"queue_command": {
							"command": [
								"camerashake add @s 0.035 0.17 rotational"
							]
						}
					},
					{
						"filters": {
							"all_of": [
								{
									"test": "enum_property",
									"subject": "self",
									"domain": "krep:ak101grip",
									"value": "bipod",
									"operator": "=="
								},
								{
									"test": "is_sneaking",
									"value": true,
									"subject": "self"
								}
							]
						},
						"queue_command": {
							"command": [
								"camerashake add @s 0.015 0.17 rotational"
							]
						}
					}
				]
			},
			"krep:ak101barrel_shoot": {
				"sequence": [
					{
						"filters": {
							"all_of": [
								{
									"test": "enum_property",
									"subject": "self",
									"domain": "krep:ak101barrel",
									"value": "nothing",
									"operator": "=="
								},
								{
									"test": "is_sneaking",
									"value": false,
									"subject": "self"
								}
							]
						},
						"add": {
							"component_groups": [
								"krep:ak101_firest"
							]
						}
					},
					{
						"filters": {
							"all_of": [
								{
									"test": "enum_property",
									"subject": "self",
									"domain": "krep:ak101barrel",
									"value": "hb",
									"operator": "=="
								},
								{
									"test": "is_sneaking",
									"value": false,
									"subject": "self"
								}
							]
						},
						"add": {
							"component_groups": [
								"krep:ak101_hb_firest"
							]
						},
						"queue_command": {
							"command": [
								"camerashake add @s 0.022 0.19 rotational"
							]
						}
					},
					{
						"filters": {
							"all_of": [
								{
									"test": "enum_property",
									"subject": "self",
									"domain": "krep:ak101barrel",
									"value": "sb",
									"operator": "=="
								},
								{
									"test": "is_sneaking",
									"value": false,
									"subject": "self"
								}
							]
						},
						"add": {
							"component_groups": [
								"krep:ak101_sb_firest"
							]
						}
					},
					{
						"filters": {
							"all_of": [
								{
									"test": "enum_property",
									"subject": "self",
									"domain": "krep:ak101barrel",
									"value": "nothing",
									"operator": "=="
								},
								{
									"test": "is_sneaking",
									"value": true,
									"subject": "self"
								}
							]
						},
						"add": {
							"component_groups": [
								"krep:ak101_fires"
							]
						}
					},
					{
						"filters": {
							"all_of": [
								{
									"test": "enum_property",
									"subject": "self",
									"domain": "krep:ak101barrel",
									"value": "hb",
									"operator": "=="
								},
								{
									"test": "is_sneaking",
									"value": true,
									"subject": "self"
								}
							]
						},
						"add": {
							"component_groups": [
								"krep:ak101_hb_fires"
							]
						},
						"queue_command": {
							"command": [
								"camerashake add @s 0.015 0.19 rotational"
							]
						}
					},
					{
						"filters": {
							"all_of": [
								{
									"test": "enum_property",
									"subject": "self",
									"domain": "krep:ak101barrel",
									"value": "sb",
									"operator": "=="
								},
								{
									"test": "is_sneaking",
									"value": true,
									"subject": "self"
								}
							]
						},
						"add": {
							"component_groups": [
								"krep:ak101_sb_fires"
							]
						}
					}
				]
			},
			"krep:minimirecoil_stock": {
				"sequence": [
					{
						"filters": {
							"all_of": [
								{
									"test": "enum_property",
									"subject": "self",
									"domain": "krep:minimistock",
									"value": "nothing",
									"operator": "=="
								},
								{
									"test": "is_sneaking",
									"value": false,
									"subject": "self"
								}
							]
						},
						"queue_command": {
							"command": [
								"camerashake add @s 0.06 0.2 rotational"
							]
						}
					},
					{
						"filters": {
							"all_of": [
								{
									"test": "enum_property",
									"subject": "self",
									"domain": "krep:minimistock",
									"value": "parastock",
									"operator": "=="
								},
								{
									"test": "is_sneaking",
									"value": false,
									"subject": "self"
								}
							]
						},
						"queue_command": {
							"command": [
								"camerashake add @s 0.062 0.20 rotational"
							]
						}
					},
					{
						"filters": {
							"all_of": [
								{
									"test": "enum_property",
									"subject": "self",
									"domain": "krep:minimistock",
									"value": "tacstock",
									"operator": "=="
								},
								{
									"test": "is_sneaking",
									"value": false,
									"subject": "self"
								}
							]
						},
						"queue_command": {
							"command": [
								"camerashake add @s 0.053 0.22 rotational"
							]
						}
					},
					{
						"filters": {
							"all_of": [
								{
									"test": "enum_property",
									"subject": "self",
									"domain": "krep:minimistock",
									"value": "nothing",
									"operator": "=="
								},
								{
									"test": "is_sneaking",
									"value": true,
									"subject": "self"
								}
							]
						},
						"queue_command": {
							"command": [
								"camerashake add @s 0.04 0.2 rotational"
							]
						}
					},
					{
						"filters": {
							"all_of": [
								{
									"test": "enum_property",
									"subject": "self",
									"domain": "krep:minimistock",
									"value": "parastock",
									"operator": "=="
								},
								{
									"test": "is_sneaking",
									"value": true,
									"subject": "self"
								}
							]
						},
						"queue_command": {
							"command": [
								"camerashake add @s 0.024 0.20 rotational"
							]
						}
					},
					{
						"filters": {
							"all_of": [
								{
									"test": "enum_property",
									"subject": "self",
									"domain": "krep:minimistock",
									"value": "tacstock",
									"operator": "=="
								},
								{
									"test": "is_sneaking",
									"value": true,
									"subject": "self"
								}
							]
						},
						"queue_command": {
							"command": [
								"camerashake add @s 0.034 0.20 rotational"
							]
						}
					}
				]
			},
			"krep:minimirecoil_grip": {
				"sequence": [
					{
						"filters": {
							"all_of": [
								{
									"test": "enum_property",
									"subject": "self",
									"domain": "krep:minimigrip",
									"value": "nothing",
									"operator": "=="
								},
								{
									"test": "is_sneaking",
									"value": false,
									"subject": "self"
								}
							]
						},
						"queue_command": {
							"command": [
								"camerashake add @s 0.06 0.2 rotational"
							]
						}
					},
					{
						"filters": {
							"all_of": [
								{
									"test": "enum_property",
									"subject": "self",
									"domain": "krep:minimigrip",
									"value": "tachandguard",
									"operator": "=="
								},
								{
									"test": "is_sneaking",
									"value": false,
									"subject": "self"
								}
							]
						},
						"queue_command": {
							"command": [
								"camerashake add @s 0.0562 0.17 rotational"
							]
						}
					},
					{
						"filters": {
							"all_of": [
								{
									"test": "enum_property",
									"subject": "self",
									"domain": "krep:minimigrip",
									"value": "nothing",
									"operator": "=="
								},
								{
									"test": "is_sneaking",
									"value": true,
									"subject": "self"
								}
							]
						},
						"queue_command": {
							"command": [
								"camerashake add @s 0.04 0.2 rotational"
							]
						}
					},
					{
						"filters": {
							"all_of": [
								{
									"test": "enum_property",
									"subject": "self",
									"domain": "krep:minimigrip",
									"value": "tachandguard",
									"operator": "=="
								},
								{
									"test": "is_sneaking",
									"value": true,
									"subject": "self"
								}
							]
						},
						"queue_command": {
							"command": [
								"camerashake add @s 0.0367 0.20 rotational"
							]
						}
					}
				]
			},
			"krep:d5ammo_shoot": {
				"sequence": [
					{
						"filters": {
							"all_of": [
								{
									"test": "enum_property",
									"subject": "self",
									"domain": "krep:d5ammo",
									"value": "nothing",
									"operator": "=="
								},
								{
									"test": "is_sneaking",
									"value": false,
									"subject": "self"
								}
							]
						},
						"add": {
							"component_groups": [
								"krep:d5_firest"
							]
						}
					},
					{
						"filters": {
							"all_of": [
								{
									"test": "enum_property",
									"subject": "self",
									"domain": "krep:d5ammo",
									"value": "blackout",
									"operator": "=="
								},
								{
									"test": "is_sneaking",
									"value": false,
									"subject": "self"
								}
							]
						},
						"add": {
							"component_groups": [
								"krep:d5_blackout_firest"
							]
						},
						"queue_command": {
							"command": [
								"camerashake add @s 0.026 0.19 rotational"
							]
						}
					},
					{
						"filters": {
							"all_of": [
								{
									"test": "enum_property",
									"subject": "self",
									"domain": "krep:d5ammo",
									"value": "nothing",
									"operator": "=="
								},
								{
									"test": "is_sneaking",
									"value": true,
									"subject": "self"
								}
							]
						},
						"add": {
							"component_groups": [
								"krep:d5_fires"
							]
						}
					},
					{
						"filters": {
							"all_of": [
								{
									"test": "enum_property",
									"subject": "self",
									"domain": "krep:d5ammo",
									"value": "blackout",
									"operator": "=="
								},
								{
									"test": "is_sneaking",
									"value": true,
									"subject": "self"
								}
							]
						},
						"add": {
							"component_groups": [
								"krep:d5_blackout_fires"
							]
						},
						"queue_command": {
							"command": [
								"camerashake add @s 0.017 0.19 rotational"
							]
						}
					}
				]
			},
			"krep:ss2v1_firest": {
				"add": {
					"component_groups": [
						"krep:ss2v1_firest"
					]
				}
			},
			"krep:ss2v1_fires": {
				"add": {
					"component_groups": [
						"krep:ss2v1_fires"
					]
				}
			},
			"krep:ss2v1_hb_firest": {
				"add": {
					"component_groups": [
						"krep:ss2v1_hb_firest"
					]
				}
			},
			"krep:ss2v1_hb_fires": {
				"add": {
					"component_groups": [
						"krep:ss2v1_hb_fires"
					]
				}
			},
			"krep:ss2v1_karbin_firest": {
				"add": {
					"component_groups": [
						"krep:ss2v1_karbin_firest"
					]
				}
			},
			"krep:ss2v1_karbin_fires": {
				"add": {
					"component_groups": [
						"krep:ss2v1_karbin_fires"
					]
				}
			},
			"krep:ss2v1": {
				"sequence": [
					{
						"filters": {
							"test": "is_sneaking",
							"value": true,
							"subject": "self"
						},
						"queue_command": {
							"command": [
								"playanimation @s animation.ss2v1.shoot.sight shoot"
							]
						}
					},
					{
						"filters": {
							"test": "is_sneaking",
							"value": false,
							"subject": "self"
						},
						"queue_command": {
							"command": [
								"playanimation @s animation.ss2v1.shoot.nsight shoot"
							]
						}
					}
				]
			},
			"krep:ss1v1": {
				"sequence": [
					{
						"filters": {
							"test": "is_sneaking",
							"value": true,
							"subject": "self"
						},
						"queue_command": {
							"command": [
								"playanimation @s animation.ss1v1.shoot.sight shoot"
							]
						}
					},
					{
						"filters": {
							"test": "is_sneaking",
							"value": false,
							"subject": "self"
						},
						"queue_command": {
							"command": [
								"playanimation @s animation.ss1v1.shoot.nsight shoot"
							]
						}
					}
				]
			},
			"krep:d5_fire": {
				"sequence": [
					{
						"filters": {
							"test": "is_sneaking",
							"value": true,
							"subject": "self"
						},
						"queue_command": {
							"command": [
								"playanimation @s animation.d5.shoot.sight shoot",
								"event entity @s krep:d5ammo_shoot"
							]
						}
					},
					{
						"filters": {
							"test": "is_sneaking",
							"value": false,
							"subject": "self"
						},
						"queue_command": {
							"command": [
								"playanimation @s animation.d5.shoot.nsight shoot",
								"event entity @s krep:d5ammo_shoot"
							]
						}
					}
				]
			},
			"krep:d5_sound": {
				"sequence": [
					{
						"filters": {
							"all_of": [
								{
									"test": "enum_property",
									"subject": "self",
									"domain": "krep:d5barrel",
									"value": "nothing",
									"operator": "=="
								},
								{
									"test": "enum_property",
									"subject": "self",
									"domain": "krep:d5ammo",
									"value": "nothing",
									"operator": "=="
								}
							]
						},
						"queue_command": {
							"command": [
								"playsound d5.shoot @a[r=100]"
							]
						}
					},
					{
						"filters": {
							"all_of": [
								{
									"test": "enum_property",
									"subject": "self",
									"domain": "krep:d5barrel",
									"value": "srsuppress",
									"operator": "=="
								},
								{
									"test": "enum_property",
									"subject": "self",
									"domain": "krep:d5ammo",
									"value": "nothing",
									"operator": "=="
								}
							]
						},
						"queue_command": {
							"command": [
								"playsound d5.suppress @a[r=50]",
								"fill ~ ~ ~ ~ ~ ~ krep:muzzleflash9mm 0 replace air"
							]
						}
					},
					{
						"filters": {
							"all_of": [
								{
									"test": "enum_property",
									"subject": "self",
									"domain": "krep:d5barrel",
									"value": "nothing",
									"operator": "=="
								},
								{
									"test": "enum_property",
									"subject": "self",
									"domain": "krep:d5ammo",
									"value": "blackout",
									"operator": "=="
								}
							]
						},
						"queue_command": {
							"command": [
								"playsound d5.blackout @a[r=130]"
							]
						}
					},
					{
						"filters": {
							"all_of": [
								{
									"test": "enum_property",
									"subject": "self",
									"domain": "krep:d5barrel",
									"value": "srsuppress",
									"operator": "=="
								},
								{
									"test": "enum_property",
									"subject": "self",
									"domain": "krep:d5ammo",
									"value": "blackout",
									"operator": "=="
								}
							]
						},
						"queue_command": {
							"command": [
								"playsound d5.suppressblackout @a[r=70]",
								"fill ~ ~ ~ ~ ~ ~ krep:muzzleflash9mm 0 replace air"
							]
						}
					}
				]
			},
			"krep:ss2_sound": {
				"sequence": [
					{
						"filters": {
							"all_of": [
								{
									"test": "enum_property",
									"subject": "self",
									"domain": "krep:ss2muzzle",
									"value": "nothing",
									"operator": "=="
								}
							]
						},
						"queue_command": {
							"command": [
								"playsound ss2v1.shoot @a[r=100]"
							]
						}
					},
					{
						"filters": {
							"all_of": [
								{
									"test": "enum_property",
									"subject": "self",
									"domain": "krep:ss2muzzle",
									"value": "srsuppress",
									"operator": "=="
								}
							]
						},
						"queue_command": {
							"command": [
								"playsound ss2v1.suppress @a[r=60]",
								"fill ~ ~ ~ ~ ~ ~ krep:muzzleflash9mm 0 replace air"
							]
						}
					}
				]
			},
			"krep:ak101": {
				"sequence": [
					{
						"filters": {
							"test": "is_sneaking",
							"value": true,
							"subject": "self"
						},
						"queue_command": {
							"command": [
								"playanimation @s animation.ak101.shoot.sight shoot"
							]
						}
					},
					{
						"filters": {
							"test": "is_sneaking",
							"value": false,
							"subject": "self"
						},
						"queue_command": {
							"command": [
								"playanimation @s animation.ak101.shoot.sight shoot"
							]
						}
					}
				]
			},
			"krep:minimi_fire": {
				"sequence": [
					{
						"filters": {
							"test": "is_sneaking",
							"value": true,
							"subject": "self"
						},
						"add": {
							"component_groups": [
								"krep:minimi_fires"
							]
						},
						"queue_command": {
							"command": [
								"playanimation @s animation.minimi.shoot.sight none 0"
							]
						}
					},
					{
						"filters": {
							"test": "is_sneaking",
							"value": false,
							"subject": "self"
						},
						"add": {
							"component_groups": [
								"krep:minimi_firest"
							]
						},
						"queue_command": {
							"command": [
								"playanimation @s animation.minimi.shoot.nsight none 0"
							]
						}
					}
				]
			},
			"krep:pm3": {
				"sequence": [
					{
						"filters": {
							"test": "is_sneaking",
							"value": true,
							"subject": "self"
						},
						"add": {
							"component_groups": [
								"krep:pm3_fires"
							]
						},
						"queue_command": {
							"command": [
								"playanimation @s animation.pm3.shoot.sight none 0",
								"camerashake add @s 0.065 0.20 rotational"
							]
						}
					},
					{
						"filters": {
							"test": "is_sneaking",
							"value": false,
							"subject": "self"
						},
						"add": {
							"component_groups": [
								"krep:pm3_firest"
							]
						},
						"queue_command": {
							"command": [
								"playanimation @s animation.pm3.shoot.nsight none 0",
								"camerashake add @s 0.080 0.20 rotational"
							]
						}
					}
				]
			},
			"krep:spg2_fire": {
				"add": {
					"component_groups": [
						"krep:spg2_fire"
					]
				},
				"queue_command": {
					"command": [
						"playanimation @s animation.ss2v1.glshoot none 0",
						"fill ~ ~ ~ ~ ~ ~ krep:muzzleflash 0 replace air",
						"playsound ss2v1.spg2 @a[r=60]",
						"camerashake add @s 0.12 0.20 rotational"
					]
				}
			},
			"krep:spr2_fire": {
				"sequence": [
					{
						"filters": {
							"test": "is_sneaking",
							"value": true,
							"subject": "self"
						},
						"add": {
							"component_groups": [
								"krep:spr2_fires"
							]
						},
						"queue_command": {
							"command": [
								"playanimation @s animation.spr2.shoot.nsight shoot",
								"camerashake add @s 0.170 0.25 rotational"
							]
						}
					},
					{
						"filters": {
							"test": "is_sneaking",
							"value": false,
							"subject": "self"
						},
						"add": {
							"component_groups": [
								"krep:spr2_firest"
							]
						},
						"queue_command": {
							"command": [
								"playanimation @s animation.spr2.shoot.nsight shoot",
								"camerashake add @s 0.200 0.25 rotational"
							]
						}
					}
				]
			},
			"krep:spr2_scope": {
				"sequence": [
					{
						"filters": {
							"all_of": [
								{
									"test": "has_equipment",
									"value": "krep:spr2",
									"operator": "=",
									"subject": "self"
								},
								{
									"test": "is_sneaking",
									"value": true,
									"subject": "self"
								}
							]
						},
						"add": {
							"component_groups": [
								"krep:scope"
							]
						},
						"queue_command": {
							"command": [
								"damage @s 0 suicide"
							]
						}
					},
					{
						"filters": {
							"all_of": [
								{
									"test": "has_equipment",
									"value": "krep:spr2",
									"operator": "=",
									"subject": "self"
								},
								{
									"test": "is_sneaking",
									"value": false,
									"subject": "self"
								}
							]
						},
						"add": {
							"component_groups": [
								"krep:normal"
							]
						},
						"queue_command": {
							"command": [
								"damage @s 0 suicide"
							]
						}
					},
					{
						"filters": {
							"test": "has_equipment",
							"value": "krep:spr2",
							"operator": "!=",
							"subject": "self"
						},
						"add": {
							"component_groups": [
								"krep:normal"
							]
						}
					}
				]
			},
			"krep:deagle_fire": {
				"sequence": [
					{
						"filters": {
							"test": "is_sneaking",
							"value": true,
							"subject": "self"
						},
						"add": {
							"component_groups": [
								"krep:deagle_fires"
							]
						},
						"queue_command": {
							"command": [
								"playanimation @s animation.deagle.shoot.nsight shoot",
								"camerashake add @s 0.15 0.25 rotational"
							]
						}
					},
					{
						"filters": {
							"test": "is_sneaking",
							"value": false,
							"subject": "self"
						},
						"add": {
							"component_groups": [
								"krep:deagle_firest"
							]
						},
						"queue_command": {
							"command": [
								"playanimation @s animation.deagle.shoot.nsight shoot",
								"camerashake add @s 0.15 0.25 rotational"
							]
						}
					}
				]
			},
			"krep:deagle_scope": {
				"sequence": [
					{
						"filters": {
							"all_of": [
								{
									"test": "has_equipment",
									"value": "krep:deagle",
									"operator": "=",
									"subject": "self"
								},
								{
									"test": "is_sneaking",
									"value": true,
									"subject": "self"
								}
							]
						},
						"add": {
							"component_groups": [
								"krep:scope"
							]
						},
						"queue_command": {
							"command": [
								"damage @s 0 suicide"
							]
						}
					},
					{
						"filters": {
							"all_of": [
								{
									"test": "has_equipment",
									"value": "krep:deagle",
									"operator": "=",
									"subject": "self"
								},
								{
									"test": "is_sneaking",
									"value": false,
									"subject": "self"
								}
							]
						},
						"add": {
							"component_groups": [
								"krep:normal"
							]
						},
						"queue_command": {
							"command": [
								"damage @s 0 suicide"
							]
						}
					},
					{
						"filters": {
							"test": "has_equipment",
							"value": "krep:deagle",
							"operator": "!=",
							"subject": "self"
						},
						"add": {
							"component_groups": [
								"krep:normal"
							]
						}
					}
				]
			},
			"krep:ballista_fire": {
				"sequence": [
					{
						"filters": {
							"test": "is_sneaking",
							"value": true,
							"subject": "self"
						},
						"add": {
							"component_groups": [
								"krep:ballista_fires"
							]
						},
						"queue_command": {
							"command": [
								"playanimation @s animation.ballista.shoot.nsight shoot",
								"camerashake add @s 0.170 0.25 rotational"
							]
						}
					},
					{
						"filters": {
							"test": "is_sneaking",
							"value": false,
							"subject": "self"
						},
						"add": {
							"component_groups": [
								"krep:ballista_firest"
							]
						},
						"queue_command": {
							"command": [
								"playanimation @s animation.ballista.shoot.nsight shoot",
								"camerashake add @s 0.200 0.25 rotational"
							]
						}
					}
				]
			},
			"krep:ballista_scope": {
				"sequence": [
					{
						"filters": {
							"all_of": [
								{
									"test": "has_equipment",
									"value": "krep:ballista",
									"operator": "=",
									"subject": "self"
								},
								{
									"test": "is_sneaking",
									"value": true,
									"subject": "self"
								}
							]
						},
						"add": {
							"component_groups": [
								"krep:scope"
							]
						},
						"queue_command": {
							"command": [
								"damage @s 0 suicide"
							]
						}
					},
					{
						"filters": {
							"all_of": [
								{
									"test": "has_equipment",
									"value": "krep:ballista",
									"operator": "=",
									"subject": "self"
								},
								{
									"test": "is_sneaking",
									"value": false,
									"subject": "self"
								}
							]
						},
						"add": {
							"component_groups": [
								"krep:normal"
							]
						},
						"queue_command": {
							"command": [
								"damage @s 0 suicide"
							]
						}
					},
					{
						"filters": {
							"test": "has_equipment",
							"value": "krep:ballista",
							"operator": "!=",
							"subject": "self"
						},
						"add": {
							"component_groups": [
								"krep:normal"
							]
						}
					}
				]
			},
			"krep:minimifull": {
				"set_property": {
					"krep:minimiammo": 0
				}
			},
			"krep:minimifullreload": {
				"set_property": {
					"krep:minimiammo": 10
				}
			},
			"krep:minimi_8": {
				"set_property": {
					"krep:minimiammo": 1
				}
			},
			"krep:minimi_7": {
				"set_property": {
					"krep:minimiammo": 2
				}
			},
			"krep:minimi_6": {
				"set_property": {
					"krep:minimiammo": 3
				}
			},
			"krep:minimi_5": {
				"set_property": {
					"krep:minimiammo": 4
				}
			},
			"krep:minimi_4": {
				"set_property": {
					"krep:minimiammo": 5
				}
			},
			"krep:minimi_3": {
				"set_property": {
					"krep:minimiammo": 6
				}
			},
			"krep:minimi_2": {
				"set_property": {
					"krep:minimiammo": 7
				}
			},
			"krep:minimi_1": {
				"set_property": {
					"krep:minimiammo": 8
				}
			},
			"krep:miniminoammo": {
				"sequence": [
					{
						"filters": {
							"all_of": [
								{
									"test": "has_equipment",
									"value": "krep:minimi",
									"operator": "!=",
									"subject": "self"
								}
							]
						},
						"set_property": {
							"krep:minimiammo": 9
						}
					}
				]
			},
			"minecraft:gain_bad_omen": {
				"add": {
					"component_groups": [
						"minecraft:add_bad_omen"
					]
				}
			},
			"minecraft:clear_add_bad_omen": {
				"remove": {
					"component_groups": [
						"minecraft:add_bad_omen"
					]
				},
				"add": {
					"component_groups": [
						"minecraft:clear_bad_omen_spell_effect"
					]
				}
			},
			"minecraft:trigger_raid": {
				"add": {
					"component_groups": [
						"minecraft:raid_trigger"
					]
				}
			},
			"minecraft:remove_raid_trigger": {
				"remove": {
					"component_groups": [
						"minecraft:raid_trigger"
					]
				}
			}
		}
	}
}