{
  "format_version": "1.10.0",
  "animations": {
    "animation.itemscale.item": {
      "loop": true,
      "bones": {
        "rightitem": {
          "position": [ "c.is_first_person ? -6 : 1", "c.is_first_person ? 0 : -1", "c.is_first_person ? -1 : -6" ],
          "rotation": [ "c.is_first_person ? 45 : 15", "c.is_first_person ? -15 : 0", "c.is_first_person ? 30 : -165" ],
          "scale":["c.is_first_person ? 0.8 : 0.4", "c.is_first_person ? 0.8 : 0.4", "c.is_first_person ? 0.8 : 0.4"]
        }
      }
    },
    "animation.itemscale": {
      "loop": true,
      "bones": {
        "rightitem": {
          //Thanks To Bedrock Dev Community
          "position": [ "c.is_first_person ? -6 : 1", "c.is_first_person ? 0 : -1", "c.is_first_person ? -1 : -6" ],
          "rotation": [ "c.is_first_person ? 45 : 15", "c.is_first_person ? -15 : 0", "c.is_first_person ? 30 : -165" ],
          "scale":["c.is_first_person ? 1 : 0.0", "c.is_first_person ? 1 : 0.0", "c.is_first_person ? 1 : 0.0"]
        }
      }
    }
  }
}