{
	"format_version": "1.10.0",
	"animation_controllers": {
		"controller.animation.ak101.fp": {
			"initial_state": "hold",
			"states": {
				"hold": {
					"blend_transition": 0.1,
					"blend_via_shortest_path": true,
					"animations": [
						{
							"ak101_fp_hold": "variable.ak101"
						}
					],
					"transitions": [
						{
							"sprint": "variable.ak101&&query.is_sprinting&&!q.is_using_item"
						},
						{
							"reload": "variable.ak101emp&&query.mark_variant==1"
						},
						{
							"sight": "variable.ak101&&query.is_sneaking&&q.property('krep:ak101scope')!=0&&q.property('krep:ak101scope')!=1"
						},
						{
							"hold": "!variable.ak101"
						}
					]
				},
				"sprint": {
					"blend_transition": 0.3,
					"blend_via_shortest_path": true,
					"animations": [
						{
							"ak101_fp_sprint": "variable.ak101"
						}
					],
					"transitions": [
						{
							"hold": "variable.ak101&&!query.is_sprinting"
						},
						{
							"reload": "variable.ak101emp&&query.mark_variant==1"
						},
						{
							"hold": "variable.ak101&&q.is_using_item"
						},
						{
							"hold": "!variable.ak101"
						},
						{
							"sight": "variable.ak101&&query.is_sneaking&&q.property('krep:ak101sight')!='nfscope'&&q.property('krep:ak101sight')!='acog'"
						}
					]
				},
				"reload": {
					"blend_transition": 0.1,
					"blend_via_shortest_path": true,
					"animations": [
						{
							"ak101_fp_reload": "variable.ak101"
						}
					],
					"transitions": [
						{
							"hold": "variable.ak101&&query.all_animations_finished"
						},
						{
							"hold": "!variable.ak101"
						}
					]
				},
				"sight": {
					"blend_transition": 0.1,
					"blend_via_shortest_path": true,
					"animations": [
						{
							"ak101_fp_sight": "variable.ak101&&q.property('krep:ak101scope')==2"
						},
						{
							"ak101_fp_sight_holo512": "variable.ak101&&q.property('krep:ak101scope')==3"
						}
					],
					"transitions": [
						{
							"hold": "variable.ak101&&!query.is_sneaking"
						},
						{
							"hold": "!variable.ak101"
						},
						{
							"reload": "variable.ak101emp&&query.mark_variant==1"
						}
					]
				}
			}
		},
		"controller.animation.gunwalking": {
			"initial_state": "setup",
			"states": {
				"setup": {
					"blend_transition": 0.1,
					"blend_via_shortest_path": true,
					"animations": [
						{
							"gunwalk_delay": "variable.holding_all_guns"
						}
					],
					"transitions": [
						{
							"walking": "variable.holding_all_guns&&query.is_moving&&!q.is_sneaking&&q.any_animation_finished"
						}
					]
				},
				"walking": {
					"blend_transition": 0.5,
					"blend_via_shortest_path": true,
					"animations": [
						{
							"gunwalk": "variable.holding_all_guns"
						}
					],
					"transitions": [
						{
							"setup": "!query.is_moving"
						},
						{
							"setup": "!variable.holding_all_guns"
						},
						{
							"setup": "q.is_sneaking"
						}
					]
				}
			}
		}
	}
}