{
	"format_version": "1.10.0",
	"animation_controllers": {
		"controller.animation.spr2.fp": {
			"initial_state": "hold",
			"states": {
				"hold": {
					"blend_transition": 0.1,
					"blend_via_shortest_path": true,
					"animations": [
						{
							"spr2_fp_hold": "variable.spr2"
						}
					],
					"transitions": [
						{
							"sprint": "variable.spr2&&query.is_sprinting&&!q.is_using_item"
						},
						{
							"reload": "variable.spr2emp&&query.mark_variant==1"
						},
						{
							"shoot.nsight": "variable.spr2b&&query.is_using_item"
						},
						{
							"hold": "!variable.spr2"
						}
					]
				},
				"sprint": {
					"blend_transition": 0.1,
					"blend_via_shortest_path": true,
					"animations": [
						{
							"spr2_fp_sprint": "variable.spr2"
						}
					],
					"transitions": [
						{
							"hold": "variable.spr2&&!query.is_sprinting"
						},
						{
							"hold": "variable.spr2&&q.is_using_item"
						},
						{
							"reload": "variable.spr2emp&&query.mark_variant==1"
						},
						{
							"hold": "!variable.spr2"
						},
						{
							"shoot.nsight": "variable.spr2b&&query.is_using_item"
						}
					]
				},
				"reload": {
					"blend_transition": 0.1,
					"blend_via_shortest_path": true,
					"animations": [
						{
							"spr2_fp_reload": "variable.spr2"
						}
					],
					"transitions": [
						{
							"kokang": "variable.spr2&&query.all_animations_finished"
						},
						{
							"hold": "!variable.spr2"
						}
					]
				},
				"shoot.nsight": {
					"animations": [
						{
							"spr2_fp_shoot_nsight": "variable.spr2"
						}
					],
					"transitions": [
						{
							"hold": "variable.spr2emp"
						},
						{
							"kokang": "variable.spr2b&&query.all_animations_finished"
						},
						{
							"hold": "!variable.spr2"
						}
					]
				},
				"kokang": {
					"animations": [
						{
							"spr2_fp_kokang": "variable.spr2"
						}
					],
					"transitions": [
						{
							"hold": "variable.spr2&&query.all_animations_finished&&!query.is_using_item"
						},
						{
							"hold": "!variable.spr2"
						}
					]
				}
			}
		},
		"controller.animation.spr2.tp": {
			"initial_state": "hold",
			"states": {
				"hold": {
					"animations": [
						{
							"spr2_tp_hold": "variable.spr2"
						}
					],
					"transitions": [
						{
							"scope": "variable.spr2b&&query.is_sneaking"
						}
					]
				},
				"scope": {
					"animations": [
						{
							"spr2_tp_scope": "variable.spr2"
						}
					],
					"transitions": [
						{
							"hold": "variable.spr2emp"
						},
						{
							"hold": "variable.spr2b&&!query.is_sneaking"
						},
						{
							"hold": "!variable.spr2"
						}
					]
				}
			}
		},
		"controller.animation.gunwalking.spr2": {
			"initial_state": "setup",
			"states": {
				"setup": {
					"blend_transition": 0.1,
					"blend_via_shortest_path": true,
					"animations": [
						{
							"gunwalk_delay": "variable.spr2"
						}
					],
					"transitions": [
						{
							"walking": "variable.spr2&&query.is_moving&&!q.is_sneaking&&q.any_animation_finished"
						}
					]
				},
				"walking": {
					"blend_transition": 0.5,
					"blend_via_shortest_path": true,
					"animations": [
						{
							"gunwalk": "variable.spr2"
						}
					],
					"transitions": [
						{
							"setup": "!query.is_moving"
						},
						{
							"setup": "!variable.spr2"
						},
						{
							"setup": "q.is_sneaking"
						}
					]
				}
			}
		}
	}
}