{
	"format_version": "1.10.0",
	"minecraft:client_entity": {
		"description": {
			"identifier": "minecraft:player",
			"materials": {
				"default": "entity_alphatest",
				"cape": "entity_alphatest",
				"semi": "entity_alphablend",
				"guns": "entity_alphatest",
				"glow": "entity_emissive_alpha"
			},
			"textures": {
				"default": "textures/entity/steve",
				"cape": "textures/entity/cape_invisible",
				"snb": "textures/scope/snb",
				"ss2v1": "textures/guns/ss2v1",
				"spr2": "textures/guns/spr2",
				"ballista": "textures/guns/ballista",
				"d5": "textures/guns/d5",
				"ss1v1": "textures/guns/ss1v1",
				"ak101": "textures/guns/ak101",
				"deagle": "textures/guns/deagle",
				"pm3": "textures/guns/pm3",
				"minimi": "textures/guns/minimi",
				"scope4x": "textures/scope/acog",
				"sfscope": "textures/scope/sfscope",
				"nfscope": "textures/scope/nfscope"
			},
			"geometry": {
				"default": "geometry.humanoid.custom",
				"cape": "geometry.cape",
				"snb": "geometry.scope",
				"ss2v1": "geometry.ss2v1",
				"spr2": "geometry.spr2",
				"ballista": "geometry.ballista",
				"d5": "geometry.d5",
				"pm3": "geometry.pm3",
				"ss1v1": "geometry.ss1v1",
				"ak101": "geometry.ak101",
				"deagle": "geometry.deagle",
				"minimi": "geometry.minimi",
				"scope4x": "geometry.scope4x",
				"sfscope": "geometry.sfscope"
			},
			"scripts": {
				"scale": "0.9375",
				"initialize": [
					"v.is_holding_right = 0.0;",
					"v.is_blinking = 0.0;",
					"v.last_blink_time = 0.0;",
					"v.hand_bob = 0.0;"
				],
				"pre_animation": [
					"v.is_third_person = !v.is_first_person && !v.map_face_icon;",
					"v.helmet_layer_visible = 1.0;",
					"v.leg_layer_visible = 1.0;",
					"v.boot_layer_visible = 1.0;",
					"v.chest_layer_visible = 1.0;",
					"v.attack_body_rot_y = Math.sin(360*Math.sqrt(v.attack_time)) * 5.0;",
					"v.tcos0 = (math.cos(q.modified_distance_moved * 38.17) * q.modified_move_speed / v.gliding_speed_value) * 57.3;",
					"v.first_person_rotation_factor = math.sin((1 - v.attack_time) * 180.0);",
					"v.hand_bob = q.life_time < 0.01 ? 0.0 : v.hand_bob + ((q.is_on_ground && q.is_alive && !v.holding_all_guns ? math.clamp(math.sqrt(math.pow(q.position_delta(0), 2.0) + math.pow(q.position_delta(2), 2.0)), 0.0, 0.1) : 0.0) - v.hand_bob) * 0.02;",
					"v.holding_all_guns = q.get_equipped_item_name=='ss2v1' || q.get_equipped_item_name=='ss2v1_emp' || q.get_equipped_item_name=='ballista' || q.get_equipped_item_name=='ballista_emp' || q.get_equipped_item_name=='spr2' || q.get_equipped_item_name=='spr2_emp' || q.get_equipped_item_name=='d5' || q.get_equipped_item_name=='d5_emp' || q.get_equipped_item_name=='ss1v1' || q.get_equipped_item_name=='ss1v1_emp' || q.get_equipped_item_name=='deagle' || q.get_equipped_item_name=='deagle_emp' || q.get_equipped_item_name=='ak101' || q.get_equipped_item_name=='ak101_emp' || q.get_equipped_item_name=='minimi' || q.get_equipped_item_name=='minimi_emp' || q.get_equipped_item_name=='pm3' || q.get_equipped_item_name=='pm3_emp';",
					"v.def_player = q.get_equipped_item_name=='ss2v1' || q.get_equipped_item_name=='ss2v1_emp' || q.get_equipped_item_name=='ballista' || q.get_equipped_item_name=='ballista_emp' || q.get_equipped_item_name=='spr2' || q.get_equipped_item_name=='spr2_emp' || q.get_equipped_item_name=='d5' || q.get_equipped_item_name=='d5_emp' || q.get_equipped_item_name=='ss1v1' || q.get_equipped_item_name=='ss1v1_emp' || q.get_equipped_item_name=='deagle' || q.get_equipped_item_name=='deagle_emp' || q.get_equipped_item_name=='ak101' || q.get_equipped_item_name=='ak101_emp' || q.get_equipped_item_name=='minimi' || q.get_equipped_item_name=='minimi_emp' || q.get_equipped_item_name=='pm3' || q.get_equipped_item_name=='pm3_emp';",
					"v.ss2v1 = q.get_equipped_item_name=='ss2v1' || q.get_equipped_item_name=='ss2v1_emp';",
					"v.ss1v1 = q.get_equipped_item_name=='ss1v1' || q.get_equipped_item_name=='ss1v1_emp';",
					"v.ss2v1b = q.get_equipped_item_name=='ss2v1';",
					"v.ss2v1emp = q.get_equipped_item_name=='ss2v1_emp';",
					"v.spr2 = q.get_equipped_item_name=='spr2' || q.get_equipped_item_name=='spr2_emp';",
					"v.spr2b = q.get_equipped_item_name=='spr2';",
					"v.spr2emp = q.get_equipped_item_name=='spr2_emp';",
					"v.ballista = q.get_equipped_item_name=='ballista' || q.get_equipped_item_name=='ballista_emp';",
					"v.ballistab = q.get_equipped_item_name=='ballista';",
					"v.ballistaemp = q.get_equipped_item_name=='ballista_emp';",
					"v.d5 = q.get_equipped_item_name=='d5' || q.get_equipped_item_name=='d5_emp';",
					"v.d5b = q.get_equipped_item_name=='d5';",
					"v.d5emp = q.get_equipped_item_name=='d5_emp';",
					"v.ss1v1 = q.get_equipped_item_name=='ss1v1' || q.get_equipped_item_name=='ss1v1_emp';",
					"v.ss1v1b = q.get_equipped_item_name=='ss1v1';",
					"v.ss1v1emp = q.get_equipped_item_name=='ss1v1_emp';",
					"v.ak101 = q.get_equipped_item_name=='ak101' || q.get_equipped_item_name=='ak101_emp';",
					"v.ak101b = q.get_equipped_item_name=='ak101';",
					"v.ak101emp = q.get_equipped_item_name=='ak101_emp';",
					"v.deagle = q.get_equipped_item_name=='deagle' || q.get_equipped_item_name=='deagle_emp';",
					"v.deagleb = q.get_equipped_item_name=='deagle';",
					"v.deagleemp = q.get_equipped_item_name=='deagle_emp';",
					"v.pm3 = q.get_equipped_item_name=='pm3' || q.get_equipped_item_name=='pm3_emp';",
					"v.pm3b = q.get_equipped_item_name=='pm3';",
					"v.pm3emp = q.get_equipped_item_name=='pm3_emp';",
					"v.minimi = q.get_equipped_item_name=='minimi' || q.get_equipped_item_name=='minimi_emp';",
					"v.minimib = q.get_equipped_item_name=='minimi';",
					"v.minimiemp = q.get_equipped_item_name=='minimi_emp';",
					"v.map_angle = math.clamp(1 - v.player_x_rotation / 45.1, 0.0, 1.0);",
					"v.item_use_normalized = q.main_hand_item_use_duration / q.main_hand_item_max_duration;"
				],
				"animate": [
					"root",
					"attachment",
					"anjim",
					{
						"leftitem": "v.holding_all_guns"
					}
				]
			},
			"animations": {
				"root": "controller.animation.player.root",
				"base_controller": "controller.animation.player.base",
				"hudplayer": "controller.animation.player.hudplayer",
				"humanoid_base_pose": "animation.humanoid.base_pose",
				"look_at_target": "controller.animation.humanoid.look_at_target",
				"look_at_target_ui": "animation.player.look_at_target.ui",
				"look_at_target_default": "animation.humanoid.look_at_target.default",
				"look_at_target_gliding": "animation.humanoid.look_at_target.gliding",
				"look_at_target_swimming": "animation.humanoid.look_at_target.swimming",
				"look_at_target_inverted": "animation.player.look_at_target.inverted",
				"cape": "animation.player.cape",
				"move.arms": "animation.player.move.arms",
				"move.legs": "animation.player.move.legs",
				"swimming": "animation.player.swim",
				"swimming.legs": "animation.player.swim.legs",
				"riding.arms": "animation.player.riding.arms",
				"riding.legs": "animation.player.riding.legs",
				"holding": "animation.player.holding",
				"brandish_spear": "animation.humanoid.brandish_spear",
				"charging": "animation.humanoid.charging",
				"attack.positions": "animation.player.attack.positions",
				"attack.rotations": "animation.player.attack.rotations",
				"sneaking": "animation.player.sneaking",
				"bob": "animation.player.bob",
				"damage_nearby_mobs": "animation.humanoid.damage_nearby_mobs",
				"bow_and_arrow": "animation.humanoid.bow_and_arrow",
				"use_item_progress": "animation.humanoid.use_item_progress",
				"player_ride": "animation.player.ride",
				"skeleton_attack": "animation.skeleton.attack",
				"sleeping": "animation.player.sleeping",
				"first_person_base_pose": "animation.player.first_person.base_pose",
				"first_person_empty_hand": "animation.player.first_person.empty_hand",
				"first_person_swap_item": "animation.player.first_person.swap_item",
				"first_person_attack_controller": "controller.animation.player.first_person_attack",
				"first_person_attack_rotation": "animation.player.first_person.attack_rotation",
				"first_person_vr_attack_rotation": "animation.player.first_person.vr_attack_rotation",
				"first_person_walk": "animation.player.first_person.walk",
				"first_person_map_controller": "controller.animation.player.first_person_map",
				"first_person_map_hold": "animation.player.first_person.map_hold",
				"first_person_map_hold_attack": "animation.player.first_person.map_hold_attack",
				"first_person_map_hold_off_hand": "animation.player.first_person.map_hold_off_hand",
				"first_person_map_hold_main_hand": "animation.player.first_person.map_hold_main_hand",
				"first_person_crossbow_equipped": "animation.player.first_person.crossbow_equipped",
				"third_person_crossbow_equipped": "animation.player.crossbow_equipped",
				"third_person_bow_equipped": "animation.player.bow_equipped",
				"crossbow_hold": "animation.player.crossbow_hold",
				"crossbow_controller": "controller.animation.player.crossbow",
				"shield_block_main_hand": "animation.player.shield_block_main_hand",
				"shield_block_off_hand": "animation.player.shield_block_off_hand",
				"gunwalking": "controller.animation.gunwalking",
				"gunwalk_delay": "animation.gun.walking.delay",
				"gunwalk": "animation.gun.walking",
				"anjim": "controller.animation.setup",
				"blink": "controller.animation.persona.blink",
				"leftitem": "animation.leftitem",
				"guntarget": "animation.gun.target",
				"attachment": "controller.animation.attachment",
				"ss2v1_barrel": "animation.ss2v1.barrel",
				"ss2v1_fp_inspect": "animation.ss2v1.fp.inspect",
				"ss2v1_fp_inspect_grip": "animation.ss2v1.fp.inspect.grip",
				"ss2v1_fp": "controller.animation.ss2v1.fp",
				"ss2v1_tp": "animation.ss2v1.tp.hold",
				"ss2v1_tp_sight": "animation.ss2v1.tp.sight",
				"ss2v1_fp_sight_holo512": "animation.ss2v1.fp.sight.holo512",
				"ss2v1_fp_sight_grip": "animation.ss2v1.fp.sight.grip",
				"ss2v1_fp_sight_holo512_grip": "animation.ss2v1.fp.sight.holo512.grip",
				"ss2v1_karbin_muzzle": "animation.ss2v1.karbin.muzzle",
				"delay_shoot": "animation.delay.shoot",
				"ss2v1_hb_muzzle": "animation.ss2v1.hb.muzzle",
				"ss2v1_fp_draw": "animation.ss2v1.fp.draw",
				"ss2v1_fp_hold": "animation.ss2v1.fp.hold",
				"ss2v1_fp_hold_gl": "animation.ss2v1.fp.hold.gl",
				"ss2v1_fp_hold_grip": "animation.ss2v1.fp.hold.grip",
				"ss2v1_fp_sight": "animation.ss2v1.fp.sight",
				"ss2v1_fp_scope": "animation.ss2v1.fp.scope",
				"ss2v1_fp_sprint": "animation.ss2v1.fp.sprint",
				"ss2v1_fp_sprint_grip": "animation.ss2v1.fp.sprint.grip",
				"ss2v1_fp_reload": "animation.ss2v1.fp.reload",
				"ss2v1_fp_reload_gl": "animation.ss2v1.fp.reload.gl",
				"ss2v1_fp_reload_grip": "animation.ss2v1.fp.reload.grip",
				"ss2v1_suppressor": "animation.ss2v1.suppressor",
				"ss1v1_fp": "controller.animation.ss1v1.fp",
				"ss1v1_tp": "animation.ss1v1.tp.hold",
				"ss1v1_tp_sight": "animation.ss1v1.tp.sight",
				"ss1v1_fp_equip": "animation.ss1v1.fp.equip",
				"ss1v1_fp_draw": "animation.ss1v1.fp.draw",
				"ss1v1_fp_hold": "animation.ss1v1.fp.hold",
				"ss1v1_fp_sight": "animation.ss1v1.fp.sight",
				"ss1v1_fp_sight_holo512": "animation.ss1v1.fp.sight.holo512",
				"ss1v1_fp_sprint": "animation.ss1v1.fp.sprint",
				"ss1v1_fp_reload": "animation.ss1v1.fp.reload",
				"ss1v1_karbin_muzzle": "animation.ss1v1.karbin",
				"d5_fp": "controller.animation.d5.fp",
				"d5_tp": "animation.d5.tp.hold",
				"d5_tp_sight": "animation.d5.tp.sight",
				"d5_fp_draw": "animation.d5.fp.draw",
				"d5_fp_hold": "animation.d5.fp.hold",
				"d5_fp_sight": "animation.d5.fp.sight",
				"d5_fp_sprint": "animation.d5.fp.sprint",
				"d5_fp_reload": "animation.d5.fp.reload",
				"pm3_fp": "controller.animation.pm3.fp",
				"pm3_tp": "animation.pm3.tp.hold",
				"pm3_tp_sight": "animation.pm3.tp.sight",
				"pm3_fp_draw": "animation.pm3.fp.draw",
				"pm3_fp_hold": "animation.pm3.fp.hold",
				"pm3_fp_sight": "animation.pm3.fp.sight",
				"pm3_fp_sight_holo512": "animation.pm3.fp.sight.holo512",
				"pm3_fp_sprint": "animation.pm3.fp.sprint",
				"pm3_fp_reload": "animation.pm3.fp.reload",
				"d5_suppress": "animation.d5.suppressor",
				"fp_draw_ac": "controller.animation.ss2v1.fp.draw",
				"spr2_fp": "controller.animation.spr2.fp",
				"spr2_tp": "controller.animation.spr2.tp",
				"spr2_fp_hold": "animation.spr2.fp.hold",
				"spr2_fp_holddelay": "animation.spr2.fp.holddelay",
				"spr2_tp_hold": "animation.spr2.tp.hold",
				"spr2_fp_draw": "animation.spr2.fp.draw",
				"spr2_fp_equip": "animation.spr2.fp.equip",
				"spr2_fp_sight": "animation.spr2.fp.sight",
				"spr2_tp_scope": "animation.spr2.tp.scope",
				"spr2_fp_sprint": "animation.spr2.fp.sprint",
				"spr2_fp_reload": "animation.spr2.fp.reload",
				"spr2_fp_kokang": "animation.spr2.fp.kokang",
				"spr2_fp_shoot_nsight": "animation.spr2.fp.shoot.nsight",
				"spr2_bipod": "animation.spr2.bipod",
				"ballista_fp": "controller.animation.ballista.fp",
				"ballista_tp": "controller.animation.ballista.tp",
				"ballista_fp_hold": "animation.ballista.fp.hold",
				"ballista_fp_holddelay": "animation.ballista.fp.holddelay",
				"ballista_tp_hold": "animation.ballista.tp.hold",
				"ballista_fp_draw": "animation.ballista.fp.draw",
				"ballista_fp_equip": "animation.ballista.fp.equip",
				"ballista_fp_sight": "animation.ballista.fp.sight",
				"ballista_tp_scope": "animation.ballista.tp.scope",
				"ballista_fp_sprint": "animation.ballista.fp.sprint",
				"ballista_fp_reload": "animation.ballista.fp.reload",
				"ballista_fp_kokang": "animation.ballista.fp.kokang",
				"ballista_fp_shoot_nsight": "animation.ballista.fp.shoot.nsight",
				"ballista_bipod": "animation.ballista.bipod",
				"ak101_fp": "controller.animation.ak101.fp",
				"akm_fp_draw": "animation.akm.fp.draw",
				"ak101_tp": "animation.ak101.tp.hold",
				"ak101_fp_hold": "animation.ak101.fp.hold",
				"ak101_tp_hold": "animation.ak101.tp.hold",
				"ak101_fp_sight": "animation.ak101.fp.sight",
				"ak101_fp_sight_holo512": "animation.ak101.fp.sight.holo512",
				"ak101_fp_sprint": "animation.ak101.fp.sprint",
				"ak101_fp_reload": "animation.ak101.fp.reload",
				"ak101_tp_sight": "animation.ak101.tp.hold.sight",
				"ak101_bipod": "animation.ak101.bipod",
				"ak101_barrel_short": "animation.ak101.barrel.short",
				"ak101_barrel_heavy": "animation.ak101.barrel.heavy",
				"deagle_fp": "controller.animation.deagle.fp",
				"deagle_fp_draw": "animation.deagle.fp.draw",
				"deagle_tp": "animation.deagle.tp.hold",
				"deagle_fp_hold": "animation.deagle.fp.hold",
				"deagle_tp_hold": "animation.deagle.tp.hold",
				"deagle_fp_sight": "animation.deagle.fp.sight",
				"deagle_fp_sight_holo512": "animation.deagle.fp.sight.holo512",
				"deagle_fp_sprint": "animation.deagle.fp.sprint",
				"deagle_fp_reload": "animation.deagle.fp.reload",
				"deagle_tp_sight": "animation.deagle.tp.hold.sight",
				"deagle_bipod": "animation.deagle.bipod",
				"deagle_barrel_short": "animation.deagle.barrel.short",
				"deagle_barrel_heavy": "animation.deagle.barrel.heavy",
				"minimi_fp": "controller.animation.minimi.fp",
				"minimi_tp": "animation.minimi.tp.hold",
				"minimi_fp_hold": "animation.minimi.fp.hold",
				"minimi_fp_draw": "animation.minimi.fp.draw",
				"minimi_tp_hold": "animation.minimi.tp.hold",
				"minimi_fp_sight": "animation.minimi.fp.sight",
				"minimi_fp_sight_holo512": "animation.minimi.fp.sight.holo512",
				"minimi_fp_sprint": "animation.minimi.fp.sprint",
				"minimi_fp_reload": "animation.minimi.fp.reload",
				"minimi_noammo": "animation.minimi.noammo",
				"minimi_tp_sight": "animation.minimi.tp.sight"
			},
			"sound_effects": {
				"ss2v1.magless": "ss2v1.magless",
				"ss2v1.inspect": "ss2v1.inspect",
				"ss2v1.kokang": "ss2v1.kokang",
				"ss2v1.draw": "ss2v1.draw",
				"ss2v1.glslide": "ss2v1.glslide",
				"ss2v1.glslide1": "ss2v1.glslide1",
				"ss2v1.glinsert": "ss2v1.glinsert",
				"ifar22.magless": "ifar22.magless",
				"ballista.reload": "ballista.reload",
				"ballista_boltforward": "ballista_boltforward",
				"ballista_boltback": "ballista_boltback",
				"ballista.inspect": "ballista.inspect",
				"ballista.draw": "ballista.draw",
				"ss1v1.draw": "ss1v1.draw",
				"ss1v1.magless": "ss1v1.magless",
				"ss1v1.inspect": "ss1v1.inspect",
				"aug.magin": "aug.magin",
				"aug.kokang1": "aug.kokang1",
				"aug.kokang2": "aug.kokang2",
				"pm3.magless": "pm3.magless",
				"pm3.draw": "pm3.draw",
				"pm3.inspect": "pm3.inspect",
				"pm3.reload": "pm3.reload",
				"ak.magless": "ak101.magless",
				"deagle.magless": "deagle.magless",
				"deagle.inspect": "deagle.inspect",
				"deagle.draw": "deagle.draw",
				"ak101.inspect": "ak101.inspect",
				"ak101.draw": "ak101.draw",
				"ak.kokang": "ak101.kokang",
				"d5.magless": "d5.magless",
				"d5.inspect": "d5.inspect",
				"d5.draw": "d5.draw",
				"d5.magslap": "d5.magslap",
				"g2elite.magless": "g2elite.magless",
				"g2elite.magin": "g2elite.magin",
				"g2elite.slide": "g2elite.slide",
				"spr2.stock": "spr2.stock",
				"spr2.kokangfirst": "spr2.kokangfirst",
				"spr2.kokangmid": "spr2.kokangmid",
				"spr2.kokangfinish": "spr2.kokangfinish",
				"spr2.magless": "spr2.magless",
				"spr2.magin": "spr2.magin",
				"spr2.magslap": "spr2.magslap",
				"spr2.inspect": "spr2.inspect",
				"spr2.draw": "spr2.draw",
				"d7ch.magless": "d7ch.magless",
				"d7ch.kokang1": "d7ch.kokang1",
				"d7ch.kokang2": "d7ch.kokang2",
				"d7ch.magin": "d7ch.magin",
				"minimi.magless": "minimi.magless",
				"minimi.inspect": "minimi.inspect",
				"minimi.draw": "minimi.draw",
				"minimi.shoot": "minimi.shoot",
				"minimi.bullet": "minimi.bullet",
				"minimi.kokang": "minimi.kokang"
			},
			"particle_effects": {
				"krep.muzzlesmoke": "krep:muzzlesmoke",
				"krep.muzzlesmoke9mm": "krep:muzzlesmoke9mm",
				"krep.muzzleflash9mm": "krep:muzzleflash9mm",
				"krep.muzzleflash": "krep:muzzleflash",
				"krep.amrmuzzleflash": "krep:amrmuzzleflash",
				"krep.amrmuzzlesmoke": "krep:amrmuzzlesmoke"
			},
			"render_controllers": [
				{
					"controller.render.player.first_person": "v.is_first_person"
				},
				{
					"controller.render.player.third_person": "v.is_third_person"
				},
				{
					"controller.render.player.map": "v.map_face_icon"
				},
				{
					"controller.render.snb": "v.spr2b&&q.is_sneaking&&v.is_first_person"
				},
				{
					"controller.render.snb": "v.ballistab&&q.is_sneaking&&v.is_first_person"
				},
				{
					"controller.render.ak101": "v.ak101"
				},
				{
					"controller.render.deagle": "v.deagle"
				},
				{
					"controller.render.ss2v1.scope": "v.ss2v1b&&q.is_sneaking&&v.is_first_person&&q.property('krep:ss2grip')!='spg2'&&q.property('krep:ss2scope')<=1"
				},
				{
					"controller.render.pm3.scope": "v.pm3b&&q.is_sneaking&&v.is_first_person&&q.property('krep:pm3scope')==0"
				},
				{
					"controller.render.d5.scope": "v.d5b&&q.is_sneaking&&v.is_first_person"
				},
				{
					"controller.render.minimi.scope": "v.minimib&&q.is_sneaking&&v.is_first_person"
				},
				{
					"controller.render.ss1v1.scope": "v.ss1v1b&&q.is_sneaking&&v.is_first_person"
				},
				{
					"controller.render.ak101.scope": "v.ak101b&&q.is_sneaking&&v.is_first_person"
				},
				{
					"controller.render.ss1v1": "v.ss1v1"
				},
				{
					"controller.render.ss2v1": "v.ss2v1"
				},
				{
					"controller.render.minimi": "v.minimi"
				},
				{
					"controller.render.d5": "v.d5"
				},
				{
					"controller.render.pm3": "v.pm3"
				},
				{
					"controller.render.spr2": "v.spr2"
				},
				{
					"controller.render.ballista": "v.ballista"
				}
			],
			"enable_attachables": true
		}
	}
}