{
	"format_version": "1.8.0",
	"animations": {
		"animation.minimi.fp.hold": {
			"loop": true,
			"animation_length": 17,
			"bones": {
				"muzzleflash": {
					"position": [0, 0, 78]
				},
				"root": {
					"rotation": [0, 180, 0]
				},
				"waist": {
					"rotation": [2, 3, 0],
					"position": [0.5, -1.75, 70.5]
				},
				"root3": {
					"rotation": {
						"0.0": [0, 0, 0],
						"0.0417": [0, 0, -0.04],
						"0.0833": [0, 0, -0.17],
						"0.125": [0, 0, -0.23],
						"0.1667": [0, 0, -0.26],
						"0.2083": [0.01, 0, -0.26],
						"0.25": [0.03, 0, -0.2],
						"0.2917": [0.04, 0, -0.16],
						"0.3333": [0.05, 0, -0.14],
						"0.375": [0.06, 0, -0.12],
						"0.4167": [0.06, 0, -0.14],
						"0.4583": [0.06, 0, -0.16],
						"0.5": [0.06, 0, -0.19],
						"0.5417": [0.06, 0, -0.21],
						"0.5833": [0.06, 0, -0.26],
						"0.625": [0.06, 0, -0.27],
						"0.6667": [0.06, 0, -0.27],
						"0.7083": [0.06, 0, -0.27],
						"0.75": [0.05, 0, -0.22],
						"0.7917": [0.05, 0, -0.19],
						"0.8333": [0.05, 0, -0.15],
						"0.875": [0.04, 0, -0.1],
						"0.9167": [0.04, 0, -0.01],
						"0.9583": [0.03, 0, 0.03],
						"1.0": [0.03, 0, 0.08],
						"1.0417": [0.03, 0, 0.11],
						"1.0833": [0.02, 0, 0.16],
						"1.125": [0.02, 0, 0.17],
						"1.1667": [0.01, 0, 0.16],
						"1.2083": [0.01, 0, 0.15],
						"1.25": [0, 0, 0.1],
						"1.2917": [0, 0, 0.08],
						"1.3333": [0, 0, 0.07],
						"1.375": [0, 0, 0.07],
						"1.4167": [0, 0, 0.09],
						"1.4583": [0, 0, 0.11],
						"1.5": [0, 0, 0.14],
						"1.5417": [0, 0, 0.16],
						"1.5833": [0.01, 0, 0.22],
						"1.625": [0.01, 0, 0.25],
						"1.6667": [0.01, 0, 0.27],
						"1.7083": [0.01, 0, 0.3],
						"1.75": [0.02, 0, 0.34],
						"1.7917": [0.02, 0, 0.35],
						"1.8333": [0.02, 0, 0.36],
						"1.875": [0.03, 0, 0.36],
						"1.9167": [0.04, 0, 0.36],
						"1.9583": [0.05, 0, 0.35],
						"2.0": [0.06, 0, 0.35],
						"2.0417": [0.06, 0, 0.34],
						"2.0833": [0.08, 0, 0.33],
						"2.125": [0.08, 0, 0.33],
						"2.1667": [0.09, 0, 0.34],
						"2.2083": [0.09, 0, 0.36],
						"2.25": [0.09, 0, 0.44],
						"2.2917": [0.09, 0, 0.48],
						"2.3333": [0.09, 0, 0.51],
						"2.375": [0.1, 0, 0.53],
						"2.4167": [0.11, 0, 0.53],
						"2.4583": [0.11, 0, 0.52],
						"2.5": [0.12, 0, 0.52],
						"2.5417": [0.12, 0, 0.51],
						"2.5833": [0.14, 0, 0.48],
						"2.625": [0.14, 0, 0.47],
						"2.6667": [0.15, 0, 0.45],
						"2.7083": [0.16, 0, 0.44],
						"2.75": [0.16, 0, 0.41],
						"2.7917": [0.17, 0, 0.37],
						"2.8333": [0.16, 0, 0.32],
						"2.875": [0.16, 0, 0.27],
						"2.9167": [0.16, 0, 0.19],
						"2.9583": [0.16, 0, 0.16],
						"3.0": [0.18, 0, 0.16],
						"3.0417": [0.2, 0, 0.17],
						"3.0833": [0.24, 0, 0.21],
						"3.125": [0.26, 0, 0.23],
						"3.1667": [0.28, 0, 0.24],
						"3.2083": [0.3, 0, 0.22],
						"3.25": [0.31, 0, 0.17],
						"3.2917": [0.32, 0, 0.14],
						"3.3333": [0.34, 0.04, 0.07],
						"3.375": [0.36, 0.07, 0],
						"3.4167": [0.5, -0.16, 0.31],
						"3.4583": [0.63, -0.4, 0.65],
						"3.5": [0.76, -0.66, 1.02],
						"3.5417": [0.83, -0.87, 1.3],
						"3.5833": [0.51, -0.9, 1.21],
						"3.625": [0.05, -0.69, 0.76],
						"3.6667": [-0.41, -0.44, 0.28],
						"3.7083": [-0.68, -0.25, -0.06],
						"3.75": [-0.6, -0.1, -0.19],
						"3.7917": [-0.45, -0.06, -0.17],
						"3.8333": [-0.28, -0.03, -0.14],
						"3.875": [-0.17, 0, -0.12],
						"3.9167": [-0.07, 0.02, -0.12],
						"3.9583": [-0.04, 0.02, -0.11],
						"4.0": [-0.01, 0.01, -0.1],
						"4.0417": [0.01, 0, -0.09],
						"4.0833": [0.03, 0, -0.07],
						"4.125": [0.03, 0, -0.05],
						"4.1667": [0.03, 0, -0.03],
						"4.2083": [0.02, 0, -0.01],
						"4.25": [0, 0, 0.01],
						"4.2917": [0, 0, 0],
						"4.3333": [0, 0, -0.04],
						"4.375": [0, 0, -0.1],
						"4.4167": [0, 0, -0.23],
						"4.4583": [0, 0, -0.26],
						"4.5": [0.01, 0, -0.26],
						"4.5417": [0.02, 0, -0.23],
						"4.5833": [0.04, 0, -0.16],
						"4.625": [0.05, 0, -0.14],
						"4.6667": [0.06, 0, -0.12],
						"4.7083": [0.06, 0, -0.13],
						"4.75": [0.06, 0, -0.16],
						"4.7917": [0.06, 0, -0.19],
						"4.8333": [0.06, 0, -0.21],
						"4.875": [0.06, 0, -0.24],
						"4.9167": [0.06, 0, -0.27],
						"4.9583": [0.06, 0, -0.27],
						"5.0": [0.06, 0, -0.27],
						"5.0417": [0.06, 0, -0.25],
						"5.0833": [0.05, 0, -0.19],
						"5.125": [0.05, 0, -0.15],
						"5.1667": [0.04, 0, -0.1],
						"5.2083": [0.04, 0, -0.06],
						"5.25": [0.03, 0, 0.03],
						"5.2917": [0.03, 0, 0.08],
						"5.3333": [0.03, 0, 0.11],
						"5.375": [0.02, 0, 0.14],
						"5.4167": [0.02, 0, 0.17],
						"5.4583": [0.01, 0, 0.16],
						"5.5": [0.01, 0, 0.15],
						"5.5417": [0.01, 0, 0.12],
						"5.5833": [0, 0, 0.08],
						"5.625": [0, 0, 0.07],
						"5.6667": [0, 0, 0.07],
						"5.7083": [0, 0, 0.08],
						"5.75": [0, 0, 0.11],
						"5.7917": [0, 0, 0.14],
						"5.8333": [0, 0, 0.16],
						"5.875": [0, 0, 0.19],
						"5.9167": [0.01, 0, 0.25],
						"5.9583": [0.01, 0, 0.27],
						"6.0": [0.01, 0, 0.3],
						"6.0417": [0.01, 0, 0.32],
						"6.0833": [0.02, 0, 0.35],
						"6.125": [0.02, 0, 0.36],
						"6.1667": [0.03, 0, 0.36],
						"6.2083": [0.04, 0, 0.36],
						"6.25": [0.05, 0, 0.35],
						"6.2917": [0.06, 0, 0.35],
						"6.3333": [0.06, 0, 0.34],
						"6.375": [0.07, 0, 0.34],
						"6.4167": [0.08, 0, 0.33],
						"6.4583": [0.09, 0, 0.34],
						"6.5": [0.09, 0, 0.36],
						"6.5417": [0.09, 0, 0.4],
						"6.5833": [0.09, 0, 0.48],
						"6.625": [0.09, 0, 0.51],
						"6.6667": [0.1, 0, 0.53],
						"6.7083": [0.1, 0, 0.53],
						"6.75": [0.12, 0, 0.53],
						"6.7917": [0.12, 0, 0.52],
						"6.8333": [0.13, 0, 0.51],
						"6.875": [0.14, 0, 0.51],
						"6.9167": [0.16, 0, 0.48],
						"6.9583": [0.16, 0, 0.46],
						"7.0": [0.17, 0, 0.45],
						"7.0417": [0.17, 0, 0.43],
						"7.0833": [0.15, 0, 0.35],
						"7.125": [0.12, 0, 0.28],
						"7.1667": [0.09, 0, 0.19],
						"7.2083": [0.05, 0, 0.12],
						"7.25": [0, 0, 0],
						"8.0": [0, 0, 0],
						"8.0417": [0.24, -0.27, 0.59],
						"8.0833": [1.06, -1.02, 2.47],
						"8.125": [1.05, -1.84, 3.03],
						"8.1667": [0.36, -3.2, 2.84],
						"8.2083": [-0.75, -4.69, 2.04],
						"8.25": [-4.27, -8.89, -0.89],
						"8.2917": [-6.31, -11.21, -2.65],
						"8.3333": [-8.27, -13.43, -4.34],
						"8.375": [-9.96, -15.34, -5.8],
						"8.4167": [-12.58, -18.39, -7.81],
						"8.4583": [-12.88, -18.73, -7.81],
						"8.5": [-13.01, -18.88, -7.61],
						"8.5417": [-13.25, -19.16, -7.31],
						"8.5833": [-13.4, -19.31, -6.57],
						"8.625": [-13.45, -19.37, -6.73],
						"8.6667": [-13.5, -19.42, -7.05],
						"8.7083": [-13.54, -19.47, -7.43],
						"8.75": [-13.58, -19.52, -8.01],
						"8.7917": [-13.58, -19.52, -8.07],
						"8.8333": [-13.57, -19.5, -8.04],
						"8.875": [-13.55, -19.47, -7.97],
						"8.9167": [-13.49, -19.42, -7.85],
						"8.9583": [-13.46, -19.42, -7.88],
						"9.0": [-13.45, -19.42, -7.91],
						"9.0417": [-13.44, -19.43, -7.95],
						"9.0833": [-13.41, -19.45, -8.06],
						"9.125": [-13.4, -19.46, -8.12],
						"9.1667": [-13.38, -19.47, -8.19],
						"9.2083": [-13.37, -19.49, -8.26],
						"9.25": [-13.34, -19.51, -8.41],
						"9.2917": [-13.32, -19.53, -8.49],
						"9.3333": [-13.31, -19.54, -8.56],
						"9.375": [-13.29, -19.56, -8.63],
						"9.4167": [-13.27, -19.59, -8.75],
						"9.4583": [-13.25, -19.6, -8.8],
						"9.5": [-13.24, -19.61, -8.85],
						"9.5417": [-13.23, -19.62, -8.88],
						"9.5833": [-13.2, -19.65, -8.9],
						"9.625": [-13.18, -19.68, -8.82],
						"9.6667": [-13.16, -19.69, -8.69],
						"9.7083": [-13.15, -19.71, -8.57],
						"9.75": [-13.13, -19.7, -8.43],
						"9.7917": [-13.12, -19.7, -8.46],
						"9.8333": [-13.11, -19.71, -8.52],
						"9.875": [-13.1, -19.72, -8.6],
						"9.9167": [-13.06, -19.75, -8.83],
						"9.9583": [-13.04, -19.77, -8.96],
						"10.0": [-13.02, -19.79, -9.09],
						"10.0417": [-13.01, -19.8, -9.2],
						"10.0833": [-12.99, -19.79, -9.39],
						"10.125": [-12.99, -19.78, -9.44],
						"10.1667": [-13, -19.74, -9.46],
						"10.2083": [-13.02, -19.7, -9.44],
						"10.25": [-13.09, -19.54, -9.23],
						"10.2917": [-13.14, -19.43, -9.03],
						"10.3333": [-13.29, -19.19, -8.67],
						"10.375": [-13.43, -19, -8.51],
						"10.4167": [-13.93, -18.2, -7.03],
						"10.4583": [-14.42, -17.27, -4.82],
						"10.5": [-15.13, -15.77, -1.02],
						"10.5417": [-15.82, -14.29, 2.86],
						"10.5833": [-17.68, -10.18, 13.87],
						"10.625": [-18.75, -7.78, 20.3],
						"10.6667": [-19.85, -5.34, 26.89],
						"10.7083": [-20.92, -2.96, 33.29],
						"10.75": [-22.75, 1.1, 44.09],
						"10.7917": [-23.41, 2.53, 47.81],
						"10.8333": [-24.07, 3.91, 51.17],
						"10.875": [-24.46, 4.68, 52.74],
						"10.9167": [-24.76, 5.09, 52.78],
						"10.9583": [-24.83, 5.1, 52.39],
						"11.0": [-24.95, 5.22, 52.49],
						"11.0417": [-25.07, 5.36, 52.85],
						"11.0833": [-25.25, 5.46, 53.37],
						"11.125": [-25.31, 5.45, 53.56],
						"11.1667": [-25.37, 5.41, 53.73],
						"11.2083": [-25.41, 5.37, 53.89],
						"11.25": [-25.48, 5.31, 54.26],
						"11.2917": [-25.51, 5.3, 54.53],
						"11.3333": [-25.51, 5.28, 54.81],
						"11.375": [-25.51, 5.26, 55.1],
						"11.4167": [-25.48, 5.2, 55.63],
						"11.4583": [-25.47, 5.16, 55.84],
						"11.5": [-25.46, 5.11, 55.99],
						"11.5417": [-25.45, 5.06, 56.06],
						"11.5833": [-25.43, 4.92, 56.08],
						"11.625": [-25.42, 4.84, 56.06],
						"11.6667": [-25.41, 4.76, 56.02],
						"11.7083": [-25.4, 4.69, 55.97],
						"11.75": [-25.41, 4.61, 55.9],
						"11.7917": [-25.43, 4.61, 55.88],
						"11.8333": [-25.46, 4.63, 55.89],
						"11.875": [-25.49, 4.67, 55.93],
						"11.9167": [-25.6, 4.79, 56.04],
						"11.9583": [-25.65, 4.87, 56.11],
						"12.0": [-25.72, 4.96, 56.19],
						"12.0417": [-25.78, 5.05, 56.25],
						"12.0833": [-25.89, 5.22, 56.35],
						"12.125": [-25.93, 5.29, 56.37],
						"12.1667": [-25.97, 5.35, 56.36],
						"12.2083": [-25.99, 5.39, 56.31],
						"12.25": [-25.98, 5.42, 56.1],
						"12.2917": [-25.94, 5.39, 55.92],
						"12.3333": [-25.82, 5.3, 55.67],
						"12.375": [-25.69, 5.18, 55.66],
						"12.4167": [-25.16, 4.66, 54.69],
						"12.4583": [-24.68, 4.14, 52.9],
						"12.5": [-23.99, 3.38, 49.68],
						"12.5417": [-23.48, 2.81, 47.01],
						"12.5833": [-22.12, 1.26, 39.51],
						"12.625": [-21.33, 0.36, 35.04],
						"12.6667": [-20.5, -0.59, 30.33],
						"12.7083": [-19.66, -1.56, 25.56],
						"12.75": [-18.04, -3.4, 16.53],
						"12.7917": [-17.33, -4.21, 12.64],
						"12.8333": [-16.71, -4.9, 9.39],
						"12.875": [-16.21, -5.44, 6.98],
						"12.9167": [-15.16, -6.48, 3.86],
						"12.9583": [-14.93, -6.64, 4.39],
						"13.0": [-14.8, -6.68, 5.49],
						"13.0417": [-14.72, -6.69, 6.56],
						"13.0833": [-14.52, -6.82, 6.86],
						"13.125": [-14.47, -6.86, 6.68],
						"13.1667": [-14.46, -6.88, 6.48],
						"13.2083": [-14.48, -6.87, 6.26],
						"13.25": [-14.53, -6.85, 5.89],
						"13.2917": [-14.54, -6.84, 5.77],
						"13.3333": [-14.55, -6.84, 5.7],
						"13.375": [-14.57, -6.83, 5.65],
						"13.4167": [-14.61, -6.81, 5.6],
						"13.4583": [-14.63, -6.8, 5.61],
						"13.5": [-14.65, -6.79, 5.66],
						"13.5417": [-14.67, -6.78, 5.74],
						"13.5833": [-14.71, -6.76, 6.47],
						"13.625": [-14.72, -6.75, 7.32],
						"13.6667": [-14.61, -6.74, 8.01],
						"13.7083": [-14.46, -6.74, 8.22],
						"13.75": [-13.98, -6.74, 8.54],
						"13.7917": [-13.73, -6.74, 8.64],
						"13.8333": [-13.54, -6.74, 8.68],
						"13.875": [-13.43, -6.74, 8.68],
						"13.9167": [-13.46, -6.74, 8.56],
						"13.9583": [-13.52, -6.74, 8.45],
						"14.0": [-13.61, -6.74, 8.32],
						"14.0417": [-13.71, -6.74, 8.18],
						"14.0833": [-13.92, -6.74, 7.9],
						"14.125": [-14.01, -6.74, 7.77],
						"14.1667": [-14.09, -6.74, 7.66],
						"14.2083": [-14.14, -6.74, 7.59],
						"14.25": [-14.23, -6.74, 7.46],
						"14.2917": [-14.28, -6.74, 7.4],
						"14.3333": [-14.33, -6.74, 7.33],
						"14.375": [-14.37, -6.74, 7.27],
						"14.4167": [-14.46, -6.74, 7.16],
						"14.4583": [-14.5, -6.74, 7.11],
						"14.5": [-14.53, -6.74, 7.07],
						"14.5417": [-14.56, -6.74, 7.03],
						"14.5833": [-14.61, -6.74, 6.98],
						"14.625": [-14.62, -6.74, 6.97],
						"14.6667": [-14.63, -6.74, 6.97],
						"14.7083": [-14.63, -6.74, 6.97],
						"14.75": [-14.62, -6.74, 7],
						"14.7917": [-14.61, -6.74, 7.03],
						"14.8333": [-14.6, -6.74, 7.05],
						"14.875": [-14.59, -6.74, 7.08],
						"14.9167": [-14.56, -6.74, 7.13],
						"14.9583": [-14.55, -6.74, 7.15],
						"15.0": [-14.54, -6.74, 7.17],
						"15.0417": [-14.53, -6.74, 7.18],
						"15.0833": [-14.51, -6.74, 7.16],
						"15.125": [-14.49, -6.74, 7.11],
						"15.1667": [-14.48, -6.74, 7.04],
						"15.2083": [-14.46, -6.74, 6.98],
						"15.25": [-14.44, -6.74, 6.91],
						"15.2917": [-14.43, -6.74, 6.93],
						"15.3333": [-14.4, -6.74, 7.52],
						"15.375": [-14.4, -6.74, 7.86],
						"15.4167": [-14.4, -6.74, 6.2],
						"15.4583": [-14.61, -6.74, 5.63],
						"15.5": [-15.03, -6.74, 5.85],
						"15.5417": [-15.62, -6.74, 6.42],
						"15.5833": [-16.58, -6.74, 7.33],
						"15.625": [-16.69, -6.74, 6.53],
						"15.6667": [-16.42, -6.74, 6.05],
						"15.7083": [-16.14, -6.74, 7.27],
						"15.75": [-15.47, -6.74, 10.2],
						"15.7917": [-15.24, -6.72, 9.76],
						"15.8333": [-15.08, -6.71, 8.57],
						"15.875": [-15.13, -6.74, 7.68],
						"15.9167": [-15.52, -6.86, 7.47],
						"15.9583": [-15.82, -6.94, 7.46],
						"16.0": [-16.12, -7.02, 7.49],
						"16.0417": [-16.4, -7.1, 7.56],
						"16.0833": [-16.72, -7.17, 7.77],
						"16.125": [-17.13, -7.29, 8.47],
						"16.1667": [-17.25, -7.32, 9.33],
						"16.2083": [-15.65, -6.74, 9.33],
						"16.25": [-13.6, -6.02, 8.72],
						"16.2917": [-12.22, -5.54, 8.28],
						"16.3333": [-10.67, -5.01, 7.76],
						"16.375": [-9.01, -4.44, 7.19],
						"16.4167": [-5.61, -3.26, 5.96],
						"16.4583": [-3.97, -2.68, 5.33],
						"16.5": [-2.45, -2.14, 4.72],
						"16.5417": [-1.11, -1.65, 4.15],
						"16.5833": [0.81, -0.9, 3.16],
						"16.625": [1.74, -0.39, 2.15],
						"16.6667": [1.69, -0.14, 1.19],
						"16.7083": [1.09, -0.06, 0.34],
						"16.75": [0, 0, -0.72],
						"16.7917": [-0.06, 0.07, -0.6],
						"16.8333": [-0.03, 0.03, 0.11],
						"16.875": [0, 0, 0.6],
						"16.9167": [0, 0, 0.38],
						"16.9583": [0, 0, 0.15],
						"17.0": [0, 0, 0]
					},
					"position": {
						"0.0": [0, 0, 0],
						"0.0417": [0, 0, 0],
						"0.0833": [-0.01, 0.01, 0],
						"0.125": [-0.01, 0.01, 0],
						"0.1667": [-0.01, 0.01, 0],
						"0.2083": [-0.01, 0.01, 0],
						"0.25": [-0.02, 0.01, 0],
						"0.2917": [-0.01, 0, 0],
						"0.3333": [-0.01, -0.01, 0],
						"0.375": [0, -0.02, 0],
						"0.4167": [0, -0.03, 0],
						"0.4583": [0, -0.04, 0],
						"0.5": [-0.01, -0.04, 0],
						"0.5417": [-0.01, -0.04, 0],
						"0.5833": [-0.02, -0.05, 0],
						"0.625": [-0.02, -0.05, 0],
						"0.6667": [-0.02, -0.06, 0],
						"0.7083": [-0.03, -0.06, 0],
						"0.75": [-0.03, -0.06, 0],
						"0.7917": [-0.03, -0.06, 0],
						"0.8333": [-0.03, -0.06, 0],
						"0.875": [-0.03, -0.06, 0],
						"0.9167": [-0.02, -0.05, 0],
						"0.9583": [-0.02, -0.04, 0],
						"1.0": [-0.02, -0.04, 0],
						"1.0417": [-0.01, -0.04, 0],
						"1.0833": [0, -0.04, 0],
						"1.125": [0, -0.05, 0],
						"1.1667": [0, -0.05, 0],
						"1.2083": [0, -0.05, 0],
						"1.25": [-0.01, -0.05, 0],
						"1.2917": [-0.01, -0.05, 0],
						"1.3333": [-0.02, -0.04, 0],
						"1.375": [-0.02, -0.04, 0],
						"1.4167": [-0.03, -0.04, 0],
						"1.4583": [-0.04, -0.04, 0],
						"1.5": [-0.04, -0.04, 0],
						"1.5417": [-0.04, -0.04, 0],
						"1.5833": [-0.05, -0.04, 0],
						"1.625": [-0.05, -0.05, 0],
						"1.6667": [-0.05, -0.05, 0],
						"1.7083": [-0.05, -0.05, 0],
						"1.75": [-0.05, -0.06, 0],
						"1.7917": [-0.05, -0.07, 0],
						"1.8333": [-0.05, -0.07, 0],
						"1.875": [-0.05, -0.07, 0],
						"1.9167": [-0.05, -0.07, 0],
						"1.9583": [-0.05, -0.06, 0],
						"2.0": [-0.05, -0.05, 0],
						"2.0417": [-0.05, -0.05, 0],
						"2.0833": [-0.05, -0.05, 0],
						"2.125": [-0.05, -0.05, 0],
						"2.1667": [-0.05, -0.05, 0],
						"2.2083": [-0.05, -0.05, 0],
						"2.25": [-0.05, -0.05, 0],
						"2.2917": [-0.05, -0.05, 0],
						"2.3333": [-0.05, -0.05, 0],
						"2.375": [-0.05, -0.05, 0],
						"2.4167": [-0.05, -0.04, 0],
						"2.4583": [-0.05, -0.04, 0],
						"2.5": [-0.05, -0.04, 0],
						"2.5417": [-0.05, -0.04, 0],
						"2.5833": [-0.05, -0.04, 0],
						"2.625": [-0.05, -0.05, 0],
						"2.6667": [-0.04, -0.05, 0],
						"2.7083": [-0.04, -0.06, 0],
						"2.75": [-0.03, -0.07, 0],
						"2.7917": [-0.03, -0.08, 0],
						"2.8333": [-0.03, -0.09, 0],
						"2.875": [-0.02, -0.1, 0],
						"2.9167": [-0.02, -0.12, 0],
						"2.9583": [-0.02, -0.12, 0],
						"3.0": [-0.01, -0.12, 0],
						"3.0417": [-0.01, -0.12, 0],
						"3.0833": [0, -0.1, 0],
						"3.125": [0, -0.09, 0],
						"3.1667": [0, -0.09, 0],
						"3.2083": [0, -0.08, 0],
						"3.25": [-0.01, -0.07, 0],
						"3.2917": [-0.01, -0.06, 0],
						"3.3333": [-0.02, -0.06, 0],
						"3.375": [-0.03, -0.05, 0],
						"3.4167": [-0.03, -0.07, 0],
						"3.4583": [-0.04, -0.09, 0],
						"3.5": [-0.04, -0.12, 0],
						"3.5417": [-0.04, -0.14, 0],
						"3.5833": [-0.04, -0.15, 0],
						"3.625": [-0.05, -0.14, 0],
						"3.6667": [-0.05, -0.13, 0],
						"3.7083": [-0.05, -0.13, 0],
						"3.75": [-0.05, -0.14, 0],
						"3.7917": [-0.05, -0.16, 0],
						"3.8333": [-0.05, -0.17, 0],
						"3.875": [-0.05, -0.17, 0],
						"3.9167": [-0.04, -0.15, 0],
						"3.9583": [-0.03, -0.14, 0],
						"4.0": [-0.02, -0.12, 0],
						"4.0417": [-0.01, -0.11, 0],
						"4.0833": [0, -0.08, 0],
						"4.125": [0, -0.07, 0],
						"4.1667": [0, -0.06, 0],
						"4.2083": [0, -0.05, 0],
						"4.25": [0, -0.03, 0],
						"4.2917": [0, -0.02, 0],
						"4.3333": [0, -0.02, 0],
						"4.375": [0, -0.02, 0],
						"4.4167": [-0.01, -0.01, 0],
						"4.4583": [-0.01, -0.01, 0],
						"4.5": [-0.01, -0.01, 0],
						"4.5417": [-0.02, -0.01, 0],
						"4.5833": [-0.01, -0.02, 0],
						"4.625": [-0.01, -0.03, 0],
						"4.6667": [0, -0.05, 0],
						"4.7083": [0, -0.06, 0],
						"4.75": [0, -0.06, 0],
						"4.7917": [-0.01, -0.06, 0],
						"4.8333": [-0.01, -0.06, 0],
						"4.875": [-0.01, -0.06, 0],
						"4.9167": [-0.02, -0.06, 0],
						"4.9583": [-0.02, -0.06, 0],
						"5.0": [-0.03, -0.07, 0],
						"5.0417": [-0.03, -0.06, 0],
						"5.0833": [-0.03, -0.06, 0],
						"5.125": [-0.03, -0.06, 0],
						"5.1667": [-0.03, -0.06, 0],
						"5.2083": [-0.03, -0.05, 0],
						"5.25": [-0.02, -0.04, 0],
						"5.2917": [-0.02, -0.04, 0],
						"5.3333": [-0.01, -0.04, 0],
						"5.375": [-0.01, -0.04, 0],
						"5.4167": [0, -0.05, 0],
						"5.4583": [0, -0.05, 0],
						"5.5": [0, -0.05, 0],
						"5.5417": [0, -0.05, 0],
						"5.5833": [-0.01, -0.05, 0],
						"5.625": [-0.02, -0.04, 0],
						"5.6667": [-0.02, -0.04, 0],
						"5.7083": [-0.03, -0.04, 0],
						"5.75": [-0.04, -0.04, 0],
						"5.7917": [-0.04, -0.04, 0],
						"5.8333": [-0.04, -0.04, 0],
						"5.875": [-0.05, -0.04, 0],
						"5.9167": [-0.05, -0.05, 0],
						"5.9583": [-0.05, -0.05, 0],
						"6.0": [-0.05, -0.05, 0],
						"6.0417": [-0.05, -0.06, 0],
						"6.0833": [-0.05, -0.07, 0],
						"6.125": [-0.05, -0.07, 0],
						"6.1667": [-0.05, -0.07, 0],
						"6.2083": [-0.05, -0.07, 0],
						"6.25": [-0.05, -0.06, 0],
						"6.2917": [-0.05, -0.06, 0],
						"6.3333": [-0.05, -0.06, 0],
						"6.375": [-0.05, -0.05, 0],
						"6.4167": [-0.05, -0.04, 0],
						"6.4583": [-0.05, -0.04, 0],
						"6.5": [-0.05, -0.03, 0],
						"6.5417": [-0.05, -0.03, 0],
						"6.5833": [-0.05, -0.02, 0],
						"6.625": [-0.05, -0.02, 0],
						"6.6667": [-0.05, -0.02, 0],
						"6.7083": [-0.05, -0.02, 0],
						"6.75": [-0.05, -0.01, 0],
						"6.7917": [-0.05, -0.01, 0],
						"6.8333": [-0.05, -0.01, 0],
						"6.875": [-0.05, -0.02, 0],
						"6.9167": [-0.05, -0.03, 0],
						"6.9583": [-0.04, -0.03, 0],
						"7.0": [-0.04, -0.04, 0],
						"7.0417": [-0.04, -0.05, 0],
						"7.0833": [-0.03, -0.06, 0],
						"7.125": [-0.03, -0.05, 0],
						"7.1667": [-0.02, -0.04, 0],
						"7.2083": [-0.01, -0.02, 0],
						"7.25": [0, 0, 0],
						"8.0": [0, 0, 0],
						"8.0417": [0.05, -0.03, -0.01],
						"8.0833": [0.21, -0.1, -0.03],
						"8.125": [0.3, -0.13, -0.05],
						"8.1667": [0.41, -0.13, -0.09],
						"8.2083": [0.5, -0.1, -0.14],
						"8.25": [0.72, 0.01, -0.26],
						"8.2917": [0.83, 0.07, -0.33],
						"8.3333": [0.94, 0.13, -0.4],
						"8.375": [1.03, 0.18, -0.46],
						"8.4167": [1.18, 0.16, -0.54],
						"8.4583": [1.18, 0.03, -0.53],
						"8.5": [1.19, -0.08, -0.53],
						"8.5417": [1.19, -0.23, -0.52],
						"8.5833": [1.2, -0.42, -0.5],
						"8.625": [1.2, -0.42, -0.5],
						"8.6667": [1.2, -0.41, -0.5],
						"8.7083": [1.21, -0.38, -0.5],
						"8.75": [1.21, -0.3, -0.5],
						"8.7917": [1.21, -0.26, -0.5],
						"8.8333": [1.22, -0.21, -0.5],
						"8.875": [1.22, -0.18, -0.5],
						"8.9167": [1.22, -0.12, -0.5],
						"8.9583": [1.22, -0.09, -0.5],
						"9.0": [1.22, -0.1, -0.5],
						"9.0417": [1.22, -0.1, -0.5],
						"9.0833": [1.22, -0.11, -0.5],
						"9.125": [1.22, -0.11, -0.5],
						"9.1667": [1.22, -0.12, -0.5],
						"9.2083": [1.22, -0.12, -0.5],
						"9.25": [1.23, -0.12, -0.5],
						"9.2917": [1.23, -0.12, -0.5],
						"9.3333": [1.23, -0.11, -0.5],
						"9.375": [1.23, -0.1, -0.5],
						"9.4167": [1.22, -0.01, -0.5],
						"9.4583": [1.22, 0.05, -0.5],
						"9.5": [1.22, 0.11, -0.5],
						"9.5417": [1.22, 0.17, -0.5],
						"9.5833": [1.21, 0.25, -0.5],
						"9.625": [1.21, 0.26, -0.5],
						"9.6667": [1.2, 0.26, -0.5],
						"9.7083": [1.2, 0.26, -0.5],
						"9.75": [1.19, 0.23, -0.5],
						"9.7917": [1.19, 0.22, -0.5],
						"9.8333": [1.19, 0.21, -0.5],
						"9.875": [1.18, 0.2, -0.5],
						"9.9167": [1.18, 0.2, -0.5],
						"9.9583": [1.18, 0.2, -0.5],
						"10.0": [1.17, 0.21, -0.51],
						"10.0417": [1.17, 0.21, -0.51],
						"10.0833": [1.17, 0.22, -0.52],
						"10.125": [1.17, 0.22, -0.52],
						"10.1667": [1.16, 0.23, -0.52],
						"10.2083": [1.16, 0.24, -0.52],
						"10.25": [1.16, 0.27, -0.52],
						"10.2917": [1.16, 0.28, -0.52],
						"10.3333": [1.16, 0.3, -0.51],
						"10.375": [1.16, 0.33, -0.5],
						"10.4167": [1.18, 0.47, -0.42],
						"10.4583": [1.19, 0.56, -0.36],
						"10.5": [1.21, 0.66, -0.3],
						"10.5417": [1.21, 0.75, -0.25],
						"10.5833": [1.15, 0.9, -0.17],
						"10.625": [1.04, 0.96, -0.15],
						"10.6667": [0.89, 1.02, -0.14],
						"10.7083": [0.71, 1.06, -0.15],
						"10.75": [0.35, 1.03, -0.24],
						"10.7917": [0.13, 0.89, -0.38],
						"10.8333": [-0.1, 0.66, -0.57],
						"10.875": [-0.3, 0.43, -0.77],
						"10.9167": [-0.49, 0.25, -0.91],
						"10.9583": [-0.49, 0.26, -0.88],
						"11.0": [-0.48, 0.29, -0.84],
						"11.0417": [-0.47, 0.32, -0.78],
						"11.0833": [-0.46, 0.37, -0.67],
						"11.125": [-0.45, 0.39, -0.63],
						"11.1667": [-0.45, 0.4, -0.6],
						"11.2083": [-0.45, 0.4, -0.59],
						"11.25": [-0.46, 0.39, -0.58],
						"11.2917": [-0.46, 0.38, -0.58],
						"11.3333": [-0.47, 0.37, -0.58],
						"11.375": [-0.47, 0.36, -0.58],
						"11.4167": [-0.48, 0.34, -0.59],
						"11.4583": [-0.49, 0.33, -0.59],
						"11.5": [-0.5, 0.31, -0.6],
						"11.5417": [-0.5, 0.3, -0.6],
						"11.5833": [-0.52, 0.29, -0.61],
						"11.625": [-0.52, 0.28, -0.62],
						"11.6667": [-0.53, 0.28, -0.62],
						"11.7083": [-0.53, 0.28, -0.62],
						"11.75": [-0.54, 0.29, -0.63],
						"11.7917": [-0.55, 0.29, -0.63],
						"11.8333": [-0.56, 0.3, -0.63],
						"11.875": [-0.56, 0.31, -0.64],
						"11.9167": [-0.58, 0.33, -0.64],
						"11.9583": [-0.58, 0.34, -0.65],
						"12.0": [-0.59, 0.35, -0.65],
						"12.0417": [-0.6, 0.36, -0.66],
						"12.0833": [-0.61, 0.38, -0.66],
						"12.125": [-0.61, 0.38, -0.67],
						"12.1667": [-0.62, 0.39, -0.67],
						"12.2083": [-0.62, 0.39, -0.67],
						"12.25": [-0.63, 0.4, -0.68],
						"12.2917": [-0.63, 0.39, -0.68],
						"12.3333": [-0.63, 0.39, -0.68],
						"12.375": [-0.63, 0.38, -0.68],
						"12.4167": [-0.64, 0.33, -0.68],
						"12.4583": [-0.66, 0.3, -0.69],
						"12.5": [-0.68, 0.25, -0.69],
						"12.5417": [-0.67, 0.14, -0.69],
						"12.5833": [-0.45, -0.3, -0.6],
						"12.625": [-0.26, -0.61, -0.53],
						"12.6667": [0, -1.02, -0.43],
						"12.7083": [0.32, -1.5, -0.31],
						"12.75": [0.98, -2.51, -0.07],
						"12.7917": [1.29, -2.96, 0.05],
						"12.8333": [1.55, -3.33, 0.14],
						"12.875": [1.73, -3.58, 0.2],
						"12.9167": [1.89, -3.7, 0.23],
						"12.9583": [1.89, -3.61, 0.21],
						"13.0": [1.85, -3.47, 0.18],
						"13.0417": [1.8, -3.31, 0.15],
						"13.0833": [1.75, -3.1, 0.1],
						"13.125": [1.76, -3.07, 0.1],
						"13.1667": [1.78, -3.05, 0.1],
						"13.2083": [1.79, -3.05, 0.1],
						"13.25": [1.82, -3.06, 0.11],
						"13.2917": [1.83, -3.06, 0.11],
						"13.3333": [1.82, -3.06, 0.11],
						"13.375": [1.82, -3.06, 0.11],
						"13.4167": [1.81, -3.07, 0.11],
						"13.4583": [1.8, -3.07, 0.11],
						"13.5": [1.79, -3.08, 0.11],
						"13.5417": [1.78, -3.08, 0.1],
						"13.5833": [1.77, -3.09, 0.1],
						"13.625": [1.76, -3.09, 0.1],
						"13.6667": [1.75, -3.1, 0.1],
						"13.7083": [1.75, -3.1, 0.1],
						"13.75": [1.75, -3.11, 0.1],
						"13.7917": [1.75, -3.11, 0.1],
						"13.8333": [1.75, -3.11, 0.1],
						"13.875": [1.75, -3.12, 0.1],
						"13.9167": [1.75, -3.12, 0.11],
						"13.9583": [1.75, -3.12, 0.11],
						"14.0": [1.75, -3.12, 0.11],
						"14.0417": [1.75, -3.13, 0.11],
						"14.0833": [1.75, -3.13, 0.12],
						"14.125": [1.76, -3.13, 0.12],
						"14.1667": [1.76, -3.14, 0.13],
						"14.2083": [1.76, -3.14, 0.13],
						"14.25": [1.76, -3.14, 0.14],
						"14.2917": [1.76, -3.15, 0.14],
						"14.3333": [1.77, -3.15, 0.14],
						"14.375": [1.77, -3.15, 0.14],
						"14.4167": [1.77, -3.15, 0.15],
						"14.4583": [1.78, -3.15, 0.15],
						"14.5": [1.78, -3.16, 0.16],
						"14.5417": [1.78, -3.16, 0.16],
						"14.5833": [1.79, -3.16, 0.17],
						"14.625": [1.79, -3.17, 0.17],
						"14.6667": [1.79, -3.17, 0.18],
						"14.7083": [1.79, -3.17, 0.18],
						"14.75": [1.8, -3.17, 0.19],
						"14.7917": [1.8, -3.18, 0.19],
						"14.8333": [1.8, -3.18, 0.2],
						"14.875": [1.81, -3.18, 0.2],
						"14.9167": [1.81, -3.18, 0.21],
						"14.9583": [1.81, -3.19, 0.21],
						"15.0": [1.82, -3.19, 0.21],
						"15.0417": [1.82, -3.19, 0.22],
						"15.0833": [1.82, -3.19, 0.22],
						"15.125": [1.82, -3.19, 0.23],
						"15.1667": [1.83, -3.19, 0.23],
						"15.2083": [1.83, -3.19, 0.24],
						"15.25": [1.84, -3.19, 0.24],
						"15.2917": [1.84, -3.19, 0.25],
						"15.3333": [1.84, -3.19, 0.25],
						"15.375": [1.85, -3.19, 0.26],
						"15.4167": [1.85, -3.19, 0.26],
						"15.4583": [1.85, -3.19, 0.27],
						"15.5": [1.86, -3.19, 0.27],
						"15.5417": [1.86, -3.2, 0.27],
						"15.5833": [1.86, -3.2, 0.28],
						"15.625": [1.86, -3.2, 0.28],
						"15.6667": [1.86, -3.2, 0.28],
						"15.7083": [1.86, -3.2, 0.28],
						"15.75": [1.86, -3.21, 0.28],
						"15.7917": [1.86, -3.21, 0.28],
						"15.8333": [1.86, -3.23, 0.28],
						"15.875": [1.85, -3.25, 0.27],
						"15.9167": [1.84, -3.3, 0.25],
						"15.9583": [1.83, -3.32, 0.24],
						"16.0": [1.81, -3.34, 0.22],
						"16.0417": [1.8, -3.37, 0.2],
						"16.0833": [1.75, -3.4, 0.15],
						"16.125": [1.71, -3.44, 0.11],
						"16.1667": [1.65, -3.51, 0.08],
						"16.2083": [1.59, -3.57, 0.03],
						"16.25": [1.45, -3.55, -0.11],
						"16.2917": [1.36, -3.41, -0.23],
						"16.3333": [1.26, -3.13, -0.43],
						"16.375": [1.14, -2.73, -0.71],
						"16.4167": [0.89, -1.77, -1.3],
						"16.4583": [0.76, -1.35, -1.49],
						"16.5": [0.64, -1.03, -1.55],
						"16.5417": [0.5, -0.81, -1.39],
						"16.5833": [0.21, -0.66, -0.59],
						"16.625": [0.09, -0.62, -0.18],
						"16.6667": [0, -0.55, 0.08],
						"16.7083": [-0.04, -0.41, 0.15],
						"16.75": [-0.02, -0.1, -0.03],
						"16.7917": [0, 0, -0.1],
						"16.8333": [0, 0.05, -0.08],
						"16.875": [0, 0.04, -0.02],
						"16.9167": [0, 0.02, 0.02],
						"16.9583": [0, 0.01, 0.01],
						"17.0": [0, 0, 0]
					}
				},
				"lefthand2": {
					"rotation": {
						"0.0": [104.40258, -28.87725, -161.29061],
						"8.0": [104.4, -28.88, -161.29],
						"8.0417": [104.4, -28.88, -161.29],
						"8.0833": [104.4, -28.88, -161.29],
						"8.125": [104.4, -28.88, -161.29],
						"8.1667": [104.4, -28.88, -161.29],
						"8.2083": [104.4, -28.88, -161.29],
						"8.25": [104.4, -28.88, -161.29],
						"8.2917": [104.4, -28.88, -161.29],
						"8.3333": [104.4, -28.88, -161.29],
						"8.375": [104.4, -28.88, -161.29],
						"8.4167": [104.4, -28.88, -161.29],
						"8.4583": [104.4, -28.88, -161.29],
						"8.5": [104.4, -28.88, -161.29],
						"10.4167": [104.93, -28.43, -161.97],
						"10.4583": [105.46, -27.98, -162.66],
						"10.5": [104.4, -28.88, -161.29],
						"10.5417": [102.36, -30.68, -158.3],
						"10.5833": [96.05, -36.28, -148.94],
						"10.625": [92.78, -39, -144.91],
						"10.6667": [90.08, -40.96, -142.87],
						"10.7083": [89.18, -41.16, -144.18],
						"10.75": [87.39, -41.58, -146.81],
						"10.7917": [86.49, -41.79, -148.13],
						"10.8333": [85.59, -42, -149.44],
						"10.875": [84.69, -42.2, -150.76],
						"10.9167": [82.9, -42.62, -153.39],
						"10.9583": [82, -42.83, -154.7],
						"12.2917": [82.00116, -42.8282, -154.70362],
						"12.5833": [90.08092, -40.95515, -142.867],
						"12.875": [104.40258, -28.87725, -161.29061]
					},
					"position": {
						"0.0": [8.475, -14.55, -4],
						"8.0": [8.48, -14.55, -4],
						"8.0417": [8.48, -14.55, -4],
						"8.0833": [8.48, -14.55, -4],
						"8.125": [8.48, -14.55, -4],
						"8.1667": [8.48, -14.55, -4],
						"8.2083": [8.47, -14.55, -4],
						"8.25": [8.47, -14.55, -4],
						"8.2917": [8.47, -14.55, -4],
						"8.3333": [8.47, -14.55, -4],
						"8.375": [8.47, -14.55, -4],
						"8.4167": [8.47, -14.55, -4],
						"8.4583": [8.47, -14.55, -4],
						"8.5": [8.48, -14.55, -4],
						"10.4167": [8.51, -14.66, -3.96],
						"10.4583": [8.54, -14.77, -3.93],
						"10.5": [8.48, -14.55, -4],
						"10.5417": [8.34, -14.11, -4.15],
						"10.5833": [7.93, -12.75, -4.62],
						"10.625": [7.73, -12.09, -4.85],
						"10.6667": [7.6, -11.6, -5],
						"10.7083": [7.6, -11.53, -5],
						"10.75": [7.6, -11.4, -5],
						"10.7917": [7.6, -11.33, -5],
						"10.8333": [7.6, -11.27, -5],
						"10.875": [7.6, -11.2, -5],
						"10.9167": [7.6, -11.07, -5],
						"10.9583": [7.6, -11, -5],
						"12.2917": [7.6, -11, -5],
						"12.5833": [7.6, -11.6, -5],
						"12.875": [8.475, -14.55, -4],
						"16.8333": [8.48, -14.55, -4]
					},
					"scale": {
						"0.0": [1, 1.5, 1],
						"8.0": [1, 1.5, 1]
					}
				},
				"righthand2": {
					"rotation": {
						"0.0": [95.04292, 7.4713, -179.3426],
						"8.0": [95.04292, 7.4713, -179.3426],
						"13.1667": [95.04292, 7.4713, -179.3426],
						"13.375": [126.93, 4.11, -126.69],
						"13.5": [142.89711, 6.16673, -100.03162],
						"13.5833": [142.89711, 6.16673, -100.03162],
						"13.7917": [152.78717, 16.62588, -168.25119],
						"14.2083": [153.91647, 18.42059, -166.6022],
						"14.5833": [152.96968, 16.89914, -168.77976],
						"15.0833": [152.78717, 16.62588, -168.25119],
						"15.1667": [155.86307, 20.96904, -158.73187],
						"15.375": [155.79645, 18.25762, -111.89824],
						"15.4167": [155.79645, 18.25762, -111.89824],
						"15.5833": [121.85142, 48.10744, -178.87981],
						"15.6667": [119.98294, 63.28878, -161.02489],
						"15.7083": [119.98294, 63.28878, -161.02489],
						"15.9167": [126.93, 4.11, -126.69],
						"16.1667": [95.04292, 7.4713, -179.3426]
					},
					"position": {
						"0.0": [-6.625, -16, 6.8],
						"8.0": [-6.625, -16, 6.8],
						"13.1667": [-6.625, -16, 6.8],
						"13.375": [-8.3, -9.8, 7.8],
						"13.5": [-6.5, -9.1, 7.8],
						"13.5833": [-6.5, -9.1, 7.8],
						"13.7917": [-8.1, -1.6, 4.5],
						"14.0": [-8.1, -1.45, 4.225],
						"14.4167": [-8.1, -1.925, 4.43],
						"14.9167": [-8.1, -1.845, 4.405],
						"15.0833": [-8.1, -2.03, 4.57],
						"15.1667": [-8.025, -2.075, 4.675],
						"15.375": [-6.3, -8.65, 7.98],
						"15.4167": [-6.3, -8.65, 7.98],
						"15.5833": [-7.7, -6.35, 7.08],
						"15.6667": [-6.3, -8.65, 7.98],
						"15.7083": [-6.3, -8.65, 7.98],
						"15.9167": [-8.3, -9.8, 7.8],
						"16.1667": [-6.625, -16, 6.8]
					},
					"scale": {
						"0.0": [1, 1.5, 1],
						"8.0": [1, 1.5, 1]
					}
				},
				"cap2": {
					"rotation": {
						"8.0": [0, 0, 0],
						"13.5833": [0, 0, 0],
						"13.7917": [54, 0, 0],
						"14.0": [55.275, 0, 0],
						"14.4167": [53.125, 0, 0],
						"14.9167": [53.8, 0, 0],
						"15.1667": [51.25, 0, 0],
						"15.375": [0, 0, 0],
						"15.5833": [0, 0, 0]
					}
				},
				"rotate2": {
					"rotation": {
						"8.0": [0, 0, 0],
						"8.1667": [0, 0, -5],
						"8.4167": [0, 0, 1],
						"8.5833": [0, 0, -5],
						"8.7083": [0, 0, -3],
						"8.875": [0, 0, -5],
						"9.2083": [0, 0, 0],
						"9.5": [0, 0, -2],
						"10.4583": [0, 0, 0],
						"10.75": [0, 0, -13],
						"10.9167": [0, 0, -1],
						"11.0833": [0, 0, -9],
						"11.2083": [0, 0, 0],
						"11.375": [0, 0, -2],
						"11.5": [0, 0, 0],
						"12.4167": [0, 0, 0],
						"12.75": [0, 0, 9],
						"12.9167": [0, 0, -7],
						"13.0833": [0, 0, 0],
						"13.2083": [0, 0, -4],
						"13.375": [0, 0, 0],
						"15.2917": [0, 0, 9],
						"15.4167": [0, 0, -3],
						"15.5833": [0, 0, 3],
						"15.6667": [0, 0, -4],
						"15.7917": [0, 0, 9],
						"16.0": [0, 0, -3],
						"16.2083": [0, 0, 3],
						"16.4167": [0, 0, -3],
						"16.5833": [0, 0, 3],
						"16.75": [0, 0, -4],
						"16.9167": [0, 0, 0]
					}
				},
				"chain_anim": {
					"position": {
						"8.0": [0, 0, 0],
						"8.5": [0, 0, 0],
						"8.5417": [0.01, 0, 0],
						"8.5833": [0.03, 0, 0],
						"8.625": [0.04, 0, 0],
						"8.6667": [0.05, 0, 0],
						"8.7083": [0.05, 0, 0],
						"8.75": [0.03, 0, 0],
						"8.7917": [0.03, 0, 0],
						"8.8333": [0.02, 0, 0],
						"8.875": [0.01, 0, 0],
						"8.9167": [0, 0, 0],
						"8.9583": [0, 0, 0],
						"10.375": [0, 0, 0],
						"10.4167": [0.07, 0, 0],
						"10.4583": [0.11, 0, 0],
						"10.5": [0.13, 0, 0],
						"10.5417": [0.11, 0, 0],
						"10.5833": [0.02, 0, 0],
						"10.625": [-0.02, 0, 0],
						"10.6667": [-0.05, 0, 0],
						"10.7083": [-0.05, 0, 0],
						"10.75": [-0.01, 0, 0],
						"10.7917": [0, 0, 0],
						"12.9167": [0.02, 0, 0],
						"12.9583": [0.06, 0, 0],
						"13.0": [0.09, 0, 0],
						"13.0417": [0.12, 0, 0],
						"13.0833": [0.1, 0, 0],
						"13.125": [0.04, 0, 0],
						"13.1667": [-0.02, 0, 0],
						"13.2083": [-0.05, 0, 0],
						"13.25": [-0.04, 0, 0],
						"13.2917": [-0.03, 0, 0],
						"13.3333": [-0.01, 0, 0],
						"13.375": [0, 0, 0],
						"13.4167": [0, 0, 0],
						"13.4583": [0, 0, 0],
						"13.5": [0, 0, 0],
						"13.5417": [0, 0, 0],
						"13.5833": [0, 0, 0],
						"13.625": [0, 0, 0],
						"13.6667": [0, 0, 0],
						"13.7083": [0, 0, 0],
						"13.75": [0, 0, 0],
						"13.7917": [0, 0, 0],
						"15.2917": [0, 0, 0],
						"15.3333": [0.02, 0, 0],
						"15.375": [0.06, 0, 0],
						"15.4167": [0.12, 0, 0],
						"15.4583": [0.13, 0, 0],
						"15.5": [0.1, 0, 0],
						"15.5417": [0.04, 0, 0],
						"15.5833": [-0.05, 0, 0],
						"15.625": [-0.06, 0, 0],
						"15.6667": [-0.05, 0, 0],
						"15.7083": [-0.04, 0, 0],
						"15.75": [0, 0, 0],
						"15.7917": [0.03, 0, 0],
						"15.8333": [0.08, 0, 0],
						"15.875": [0.11, 0, 0],
						"15.9167": [0.11, 0, 0],
						"15.9583": [0.07, 0, 0],
						"16.0": [0.02, 0, 0],
						"16.0417": [-0.02, 0, 0],
						"16.0833": [-0.05, 0, 0],
						"16.125": [-0.04, 0, 0],
						"16.1667": [-0.01, 0, 0],
						"16.2083": [0, 0, 0],
						"16.25": [0, 0, 0],
						"16.2917": [0, 0, 0],
						"16.3333": [0, 0, 0],
						"16.375": [-0.01, 0, 0],
						"16.4167": [-0.01, 0, 0],
						"16.4583": [-0.01, 0, 0],
						"16.5": [0, 0, 0],
						"16.5417": [0.04, 0, 0],
						"16.5833": [0.13, 0, 0],
						"16.625": [0.11, 0, 0],
						"16.6667": [0.07, 0, 0],
						"16.7083": [0.02, 0, 0],
						"16.75": [-0.05, 0, 0],
						"16.7917": [-0.05, 0, 0],
						"16.8333": [-0.02, 0, 0],
						"16.875": [0, 0, 0]
					}
				}
			},
			"sound_effects": {
				"7.6667": {
					"effect": "minimi.inspect"
				}
			}
		},
		"animation.minimi.fp.sight": {
			"loop": "hold_on_last_frame",
			"bones": {
				"muzzleflash": {
					"position": [0, 0, 78]
				},
				"root": {
					"rotation": [0, 180, 0]
				},
				"waist": {
					"position": [5.4, 0.5, 144]
				},
				"bone": {
					"position": [-5, 1.6, -3]
				},
				"lefthand2": {
					"rotation": [104.40258, -28.87725, -161.29061],
					"position": [8.475, -14.55, -4],
					"scale": [1, 1.5, 1]
				},
				"righthand2": {
					"rotation": [95.04292, 7.4713, -179.3426],
					"position": [-6.625, -16, 6.8],
					"scale": [1, 1.5, 1]
				}
			}
		},
		"animation.minimi.fp.draw": {
			"loop": "hold_on_last_frame",
			"animation_length": 1.45,
			"bones": {
				"body": {
					"rotation": {
						"0.0": [32.09413, -54.38778, -8.29667],
						"0.35": [1.77698, -9.99529, -4.30852],
						"0.55": [0.58201, -1.04064, 2.6563],
						"0.65": [0.33587, 0.38756, -0.40013],
						"0.75": [0, 0, 0]
					},
					"position": {
						"0.0": [0, -8.65, 0],
						"0.2": [0, -3.705, -2.035],
						"0.35": [-0.2, -0.6, -1.375],
						"0.5": [0.2, 0, -0.95],
						"0.65": [0, 0, 0]
					}
				},
				"root3": {
					"rotation": {
						"0.0": [-67.88, -9.11, 3.86],
						"0.05": [-68.11, -9.13, 3.87],
						"0.1": [-68.34, -9.16, 3.88],
						"0.15": [-68.79, -9.21, 3.9],
						"0.2": [-68.93, -9.23, 3.91],
						"0.25": [-68.81, -9.21, 3.91],
						"0.3": [-68.47, -9.17, 3.89],
						"0.35": [-66.58, -8.95, 3.81],
						"0.4": [-64.83, -8.73, 3.76],
						"0.45": [-60.43, -8.19, 3.6],
						"0.5": [-58.01, -7.92, 3.49],
						"0.55": [-53.3, -7.48, 3.18],
						"0.6": [-49.46, -7.42, 2.77],
						"0.65": [-41.47, -7.48, 1.7],
						"0.7": [-37.08, -6.91, 1.16],
						"0.75": [-30.51, -4.77, 0.3],
						"0.8": [-27.01, -3.33, -0.16],
						"0.85": [-20.02, -0.7, -0.82],
						"0.9": [-16.73, 0.1, -0.87],
						"0.95": [-7.78, -0.2, 0.54],
						"1.0": [-3.31, -0.35, 1.24],
						"1.05": [0.64, -0.24, 2.05],
						"1.1": [0.11, 0.03, 2.14],
						"1.15": [-0.61, 0.36, -1.72],
						"1.2": [-0.48, 0.29, -0.13],
						"1.25": [-0.15, 0.1, 0.51],
						"1.3": [0, 0, -0.75],
						"1.35": [0.02, -0.01, -0.51],
						"1.4": [0.01, -0.01, -0.2],
						"1.45": [0, 0, 0]
					},
					"position": {
						"0.0": [-5.2, -38.37, 2.9],
						"0.05": [-4.93, -35.24, 3],
						"0.1": [-4.75, -33.08, 3.07],
						"0.15": [-4.32, -28.04, 3.24],
						"0.2": [-4.09, -25.34, 3.33],
						"0.25": [-3.62, -20.04, 3.49],
						"0.3": [-3.39, -17.64, 3.57],
						"0.35": [-2.97, -13.76, 3.67],
						"0.4": [-2.8, -12.47, 3.7],
						"0.45": [-2.2, -10.99, 3.66],
						"0.5": [-1.94, -11.58, 3.58],
						"0.55": [-1.5, -13.44, 3.38],
						"0.6": [-1.34, -13.89, 3.29],
						"0.65": [-1.16, -14.53, 3.32],
						"0.7": [-1.05, -13.55, 2.81],
						"0.75": [-0.77, -10.85, 1.42],
						"0.8": [-0.6, -8.99, 0.47],
						"0.85": [-0.24, -5.14, -1.4],
						"0.9": [-0.1, -3.53, -2.09],
						"0.95": [0.06, -1.53, -2.43],
						"1.0": [0.07, -1.26, -1.91],
						"1.05": [0, -1.43, -0.42],
						"1.1": [-0.02, -1.37, 0.05],
						"1.15": [-0.02, -0.64, 0.22],
						"1.2": [-0.01, -0.29, 0.12],
						"1.25": [-0.01, 0.07, 0.02],
						"1.3": [0, 0.04, -0.03],
						"1.35": [0, 0, -0.05],
						"1.4": [0, 0, -0.02],
						"1.45": [0, 0, 0]
					}
				}
			},
			"sound_effects": {
				"0.0": {
					"effect": "minimi.draw"
				}
			}
		},
		"animation.minimi.fp.sprint": {
			"loop": true,
			"animation_length": 0.7917,
			"bones": {
				"muzzleflash": {
					"position": [0, 0, 78]
				},
				"root": {
					"rotation": [0, 180, 0]
				},
				"waist": {
					"rotation": [2, 3, 0],
					"position": [0.5, -1.75, 140.5]
				},
				"root3": {
					"rotation": {
						"0.0": [-36.52, -35.74, 32.48],
						"0.0417": [-32.27, -37.05, 28.57],
						"0.0833": [-28.28, -39.11, 24.8],
						"0.1667": [-28.4, -41.87, 24.55],
						"0.2083": [-30.29, -45.12, 25.96],
						"0.25": [-32.29, -47.74, 27.79],
						"0.2917": [-34.73, -50.52, 30.11],
						"0.3333": [-36.18, -52.5, 31.56],
						"0.4167": [-35.37, -53.43, 30.99],
						"0.4583": [-33.57, -53.55, 29.56],
						"0.5": [-33.2, -52.65, 29.35],
						"0.5417": [-36.12, -50.26, 32.02],
						"0.5833": [-40.46, -46.84, 35.9],
						"0.6667": [-43, -43.56, 38.17],
						"0.7083": [-41.8, -40.57, 37.14],
						"0.75": [-38.8, -37.72, 34.49],
						"0.7917": [-36.52, -35.74, 32.48]
					},
					"position": {
						"0.0": [-3.18, -5.3, -0.64],
						"0.0417": [-2.41, -6.38, -0.64],
						"0.0833": [-1.48, -7.24, -0.64],
						"0.1667": [-0.74, -6.55, -0.64],
						"0.2083": [-0.17, -5.45, -0.64],
						"0.25": [0.21, -4.05, -0.64],
						"0.2917": [0.46, -3.88, -0.64],
						"0.3333": [0.62, -4.18, -0.64],
						"0.4167": [0.64, -4.9, -0.64],
						"0.4583": [0.58, -5.87, -0.64],
						"0.5": [0.32, -6.43, -0.64],
						"0.5417": [-0.67, -5.98, -0.64],
						"0.5833": [-1.8, -5.13, -0.64],
						"0.6667": [-2.63, -4.52, -0.64],
						"0.7083": [-3.19, -4.22, -0.64],
						"0.75": [-3.27, -4.7, -0.64],
						"0.7917": [-3.18, -5.3, -0.64]
					}
				},
				"lefthand2": {
					"rotation": [104.40258, -28.87725, -161.29061],
					"position": [8.475, -14.55, -4],
					"scale": [1, 1.5, 1]
				},
				"righthand2": {
					"rotation": [95.04292, 7.4713, -179.3426],
					"position": [-6.625, -16, 6.8],
					"scale": [1, 1.5, 1]
				}
			}
		},
		"animation.minimi.fp.reload": {
			"loop": "hold_on_last_frame",
			"animation_length": 8,
			"bones": {
				"muzzleflash": {
					"position": [0, 0, 78]
				},
				"root": {
					"rotation": [0, 180, 0]
				},
				"waist": {
					"rotation": [2, 3, 0],
					"position": [0.5, -1.75, 140.5]
				},
				"pull_handle": {
					"position": {
						"2.6": [0, 0, 0],
						"2.6667": [0, 0, 6],
						"2.7667": [0, 0, 0],
						"2.8": [0, 0, 0.2],
						"2.8333": [0, 0, 0],
						"2.8667": [0, 0, 0.1],
						"2.9333": [0, 0, 0]
					}
				},
				"root3": {
					"rotation": {
						"0.0": [0, 0, 0],
						"0.0333": [0.12, -0.01, -0.04],
						"0.0667": [0.34, -0.01, -0.14],
						"0.1": [0.52, -0.02, -0.19],
						"0.1333": [0.53, -0.05, -0.08],
						"0.1667": [0.23, -0.12, 0.31],
						"0.2": [-1.24, -0.31, 1.88],
						"0.2333": [-3.32, -0.56, 4.01],
						"0.2667": [-5.06, -0.86, 5.65],
						"0.3": [-5.84, -1.13, 6.19],
						"0.3333": [-6.39, -1.44, 6.38],
						"0.3667": [-6.82, -1.74, 6.43],
						"0.4": [-7.25, -1.96, 6.56],
						"0.4333": [-8.15, -2.14, 7.16],
						"0.4667": [-8.8, -2.2, 7.5],
						"0.5": [-8.99, -2.35, 6.98],
						"0.5333": [-8.99, -2.36, 6.36],
						"0.5667": [-9, -2.1, 6.29],
						"0.6": [-9, -1.73, 6.36],
						"0.6333": [-9, -1.47, 6.51],
						"0.6667": [-9.02, -1.45, 6.65],
						"0.7": [-9.04, -1.5, 6.86],
						"0.7333": [-9.07, -1.58, 7.08],
						"0.7667": [-9.09, -1.66, 7.24],
						"0.8": [-9.1, -1.7, 7.3],
						"0.8333": [-9.09, -1.71, 6.84],
						"0.8667": [-9.06, -1.6, 6.39],
						"0.9": [-9.03, -1.23, 6.88],
						"0.9333": [-9, -0.8, 7.3],
						"0.9667": [-9.02, -0.36, 6.53],
						"1.0": [-9, -0.28, 5.76],
						"1.0333": [-8.93, -0.87, 5.86],
						"1.0667": [-8.83, -1.74, 6.22],
						"1.1": [-8.7, -2.3, 6.61],
						"1.1333": [-8.58, -2.25, 6.92],
						"1.1667": [-8.45, -1.95, 7.27],
						"1.2": [-8.31, -1.62, 7.58],
						"1.2333": [-8.2, -1.5, 7.74],
						"1.2667": [-8.1, -2.16, 7.44],
						"1.3": [-7.92, -2.72, 7],
						"1.3333": [-7.63, -2.32, 7.15],
						"1.3667": [-7.24, -1.6, 7.39],
						"1.4": [-6.7, -1.11, 7.08],
						"1.4333": [-6.39, -1.08, 6.59],
						"1.4667": [-6.02, -1.11, 5.87],
						"1.5": [-5.61, -1.2, 5.02],
						"1.5333": [-5.2, -1.32, 4.13],
						"1.5667": [-4.81, -1.43, 3.3],
						"1.6": [-4.46, -1.53, 2.63],
						"1.6333": [-4.2, -1.57, 2.2],
						"1.6667": [-3.99, -1.58, 2.05],
						"1.7": [-3.85, -1.56, 2.17],
						"1.7333": [-3.76, -1.52, 2.45],
						"1.7667": [-3.72, -1.47, 2.8],
						"1.8": [-3.7, -1.42, 3.12],
						"1.8333": [-3.7, -1.37, 3.3],
						"1.8667": [-3.74, -1.32, 3.31],
						"1.9": [-3.85, -1.26, 3.22],
						"1.9333": [-3.98, -1.2, 3.11],
						"1.9667": [-4.11, -1.14, 3.05],
						"2.0": [-4.2, -1.1, 3.15],
						"2.0333": [-4.29, -1.07, 4.15],
						"2.0667": [-4.33, -1.07, 5.29],
						"2.1": [-4.39, -1.07, 5.76],
						"2.1333": [-4.45, -1.07, 6.11],
						"2.1667": [-4.5, -1.07, 6.32],
						"2.2": [-4.53, -1.1, 6.27],
						"2.2333": [-4.53, -1.14, 6.09],
						"2.2667": [-4.5, -1.23, 6.1],
						"2.3": [-4.46, -1.24, 5.87],
						"2.3333": [-4.41, -1.26, 5.54],
						"2.3667": [-4.35, -1.28, 5.15],
						"2.4": [-4.3, -1.3, 4.76],
						"2.4333": [-4.24, -1.31, 4.42],
						"2.4667": [-4.2, -1.32, 4.18],
						"2.5": [-4.15, -1.33, 4],
						"2.5333": [-4.12, -1.33, 4.02],
						"2.5667": [-4.1, -1.33, 4.09],
						"2.6": [-4.06, -1.33, 4.26],
						"2.6333": [-4.02, -1.32, 4.43],
						"2.6667": [-4, -1.32, 4.43],
						"2.7": [-3.97, -1.32, 4.41],
						"2.7333": [-3.93, -1.32, 4.37],
						"2.7667": [-3.9, -1.32, 4.34],
						"2.8": [-3.87, -1.31, 4.31],
						"2.8333": [-3.84, -1.31, 4.31],
						"2.8667": [-3.81, -1.3, 4.35],
						"2.9": [-3.77, -1.29, 4.43],
						"2.9333": [-3.74, -1.28, 4.51],
						"2.9667": [-3.71, -1.27, 4.57],
						"3.0": [-3.7, -1.25, 4.59],
						"3.0333": [-3.72, -1.2, 4.4],
						"3.0667": [-3.77, -1.13, 4.2],
						"3.1": [-3.8, -1.08, 4.25],
						"3.1333": [-3.84, -1.03, 4.37],
						"3.1667": [-3.88, -0.97, 4.46],
						"3.2": [-3.9, -0.9, 4.41],
						"3.2333": [-3.89, -0.72, 3.69],
						"3.2667": [-3.9, -0.55, 2.94],
						"3.3": [-4.07, -0.39, 2.92],
						"3.3333": [-4.27, -0.24, 3.06],
						"3.3667": [-4.2, -0.32, 2.9],
						"3.4": [-3.54, -0.97, 2],
						"3.4333": [-2.6, -1.86, 0.8],
						"3.4667": [-2, -2.22, 0.13],
						"3.5": [-1.97, -1.88, 0.27],
						"3.5333": [-2.12, -1.2, 0.71],
						"3.5667": [-2.36, -0.41, 1.29],
						"3.6": [-2.64, 0.26, 1.84],
						"3.6333": [-2.87, 0.57, 2.17],
						"3.6667": [-3.06, 0.45, 2.22],
						"3.7": [-3.29, 0.08, 2.14],
						"3.7333": [-3.52, -0.44, 2],
						"3.7667": [-3.72, -0.98, 1.85],
						"3.8": [-3.88, -1.44, 1.78],
						"3.8333": [-3.95, -1.7, 1.84],
						"3.8667": [-3.82, -1.73, 2.08],
						"3.9": [-3.47, -1.62, 2.45],
						"3.9333": [-3.07, -1.43, 2.89],
						"3.9667": [-2.78, -1.2, 3.34],
						"4.0": [-2.76, -1, 3.73],
						"4.0333": [-3.17, -0.87, 3.99],
						"4.0667": [-3.8, -0.84, 4.09],
						"4.1": [-4.7, -0.82, 4.16],
						"4.1333": [-5.8, -0.82, 4.2],
						"4.1667": [-7.03, -0.83, 4.21],
						"4.2": [-8.29, -0.85, 4.19],
						"4.2333": [-9.51, -0.86, 4.16],
						"4.2667": [-10.61, -0.88, 4.12],
						"4.3": [-11.51, -0.88, 4.07],
						"4.3333": [-12.12, -0.87, 4.01],
						"4.3667": [-12.5, -0.85, 3.9],
						"4.4": [-12.55, -0.8, 3.73],
						"4.4333": [-12.36, -0.75, 3.53],
						"4.4667": [-12.03, -0.7, 3.32],
						"4.5": [-11.66, -0.65, 3.14],
						"4.5333": [-11.35, -0.61, 3],
						"4.5667": [-11.17, -0.6, 2.93],
						"4.6": [-11.12, -0.61, 2.96],
						"4.6333": [-11.11, -0.65, 3.08],
						"4.6667": [-11.13, -0.7, 3.25],
						"4.7": [-11.16, -0.76, 3.43],
						"4.7333": [-11.19, -0.81, 3.58],
						"4.7667": [-11.2, -0.85, 3.65],
						"4.8": [-11.2, -0.9, 3.49],
						"4.8333": [-11.2, -0.9, 3.23],
						"4.8667": [-11.2, -0.82, 3.13],
						"4.9": [-11.19, -0.72, 3.07],
						"4.9333": [-11.2, -0.7, 3.19],
						"4.9667": [-11.26, -0.92, 3.72],
						"5.0": [-11.33, -1.23, 4.44],
						"5.0333": [-11.32, -1.3, 4.78],
						"5.0667": [-11.16, -0.86, 4.33],
						"5.1": [-10.91, -0.18, 3.5],
						"5.1333": [-10.72, 0.2, 2.98],
						"5.1667": [-10.68, -0.04, 3.2],
						"5.2": [-10.7, -0.58, 3.74],
						"5.2333": [-10.75, -0.93, 4.01],
						"5.2667": [-10.79, -0.91, 3.86],
						"5.3": [-10.83, -0.77, 3.54],
						"5.3333": [-10.89, -0.59, 3.15],
						"5.3667": [-10.95, -0.44, 2.82],
						"5.4": [-11.01, -0.4, 2.66],
						"5.4333": [-11.08, -0.47, 2.68],
						"5.4667": [-11.16, -0.62, 2.8],
						"5.5": [-11.24, -0.81, 2.99],
						"5.5333": [-11.32, -1, 3.2],
						"5.5667": [-11.39, -1.17, 3.37],
						"5.6": [-11.44, -1.28, 3.48],
						"5.6333": [-11.48, -1.35, 3.5],
						"5.6667": [-11.5, -1.37, 3.47],
						"5.7": [-11.51, -1.37, 3.4],
						"5.7333": [-11.51, -1.34, 3.34],
						"5.7667": [-11.51, -1.3, 3.33],
						"5.8": [-11.53, -1.23, 3.36],
						"5.8333": [-11.54, -1.11, 3.44],
						"5.8667": [-11.55, -0.99, 3.53],
						"5.9": [-11.56, -0.9, 3.61],
						"5.9333": [-11.58, -0.85, 3.65],
						"5.9667": [-11.59, -0.83, 3.67],
						"6.0": [-11.61, -0.82, 3.73],
						"6.0333": [-11.61, -0.8, 3.86],
						"6.0667": [-11.63, -0.78, 4.07],
						"6.1": [-11.64, -0.75, 4.35],
						"6.1333": [-11.65, -0.72, 4.66],
						"6.1667": [-11.65, -0.7, 4.93],
						"6.2": [-11.62, -0.7, 5.11],
						"6.2333": [-11.94, -0.78, 5.29],
						"6.2667": [-11.22, -0.9, 4.94],
						"6.3": [-9.56, -0.95, 4.24],
						"6.3333": [-7.18, -1, 3.22],
						"6.3667": [-4.78, -1.05, 2.29],
						"6.4": [-3.05, -1.1, 1.88],
						"6.4333": [-2.04, -1.16, 3.43],
						"6.4667": [-1.99, -1.24, 4.78],
						"6.5": [-2.09, -1.42, 2.49],
						"6.5333": [-1.52, -1.58, 0.08],
						"6.5667": [-0.5, -1.62, 0.09],
						"6.6": [0.99, -1.65, 0.52],
						"6.6333": [2.6, -1.66, 1.13],
						"6.6667": [4, -1.65, 1.68],
						"6.7": [4.86, -1.59, 1.95],
						"6.7333": [5.09, -1.48, 1.89],
						"6.7667": [4.92, -1.34, 1.69],
						"6.8": [4.48, -1.16, 1.35],
						"6.8333": [3.89, -0.95, 0.92],
						"6.8667": [3.31, -0.73, 0.42],
						"6.9": [2.4, -0.37, -0.47],
						"6.9333": [1.23, 0.07, -1.62],
						"6.9667": [0.14, 0.47, -2.68],
						"7.0": [-0.55, 0.73, -3.32],
						"7.0333": [-0.67, 0.78, -3.45],
						"7.0667": [-0.5, 0.74, -3.33],
						"7.1": [-0.2, 0.63, -3.04],
						"7.1333": [0.1, 0.52, -2.64],
						"7.1667": [0.26, 0.42, -2.2],
						"7.2": [0.07, 0.18, -0.41],
						"7.2333": [-0.2, 0, 1.04],
						"7.2667": [-0.13, 0.05, 0.42],
						"7.3": [0, 0.13, -0.52],
						"7.3333": [0.01, 0.07, -0.42],
						"7.3667": [0.01, -0.02, -0.06],
						"7.4": [0, -0.07, 0.19],
						"7.4333": [0, -0.07, 0.2],
						"7.4667": [0, -0.05, 0.14],
						"7.5": [0, -0.02, 0.06],
						"7.5333": [0, 0, 0]
					},
					"position": {
						"0.0": [0, 0, 0],
						"0.0333": [0.01, -0.05, -0.05],
						"0.0667": [0.01, -0.11, -0.13],
						"0.1": [0.03, -0.19, -0.17],
						"0.1333": [0.07, -0.27, -0.09],
						"0.1667": [0.13, -0.33, 0.17],
						"0.2": [0.2, -0.37, 0.56],
						"0.2333": [0.29, -0.45, 0.97],
						"0.2667": [0.36, -0.63, 1.33],
						"0.3": [0.41, -0.89, 1.56],
						"0.3333": [0.46, -1.25, 1.76],
						"0.3667": [0.5, -1.63, 1.95],
						"0.4": [0.53, -1.97, 2.12],
						"0.4333": [0.55, -2.2, 2.28],
						"0.4667": [0.55, -2.33, 2.51],
						"0.5": [0.52, -2.29, 2.69],
						"0.5333": [0.5, -2.22, 2.83],
						"0.5667": [0.5, -2.15, 2.88],
						"0.6": [0.5, -2.04, 2.88],
						"0.6333": [0.5, -1.97, 2.89],
						"0.6667": [0.5, -1.97, 2.9],
						"0.7": [0.5, -1.99, 2.89],
						"0.7333": [0.5, -2.02, 2.9],
						"0.7667": [0.5, -2.04, 2.93],
						"0.8": [0.5, -2.04, 3],
						"0.8333": [0.5, -1.99, 3.18],
						"0.8667": [0.5, -1.9, 3.44],
						"0.9": [0.5, -1.82, 3.7],
						"0.9333": [0.5, -1.81, 3.88],
						"0.9667": [0.5, -1.93, 3.96],
						"1.0": [0.5, -2.14, 3.94],
						"1.0333": [0.5, -2.27, 3.92],
						"1.0667": [0.5, -2.22, 3.94],
						"1.1": [0.5, -2.1, 3.94],
						"1.1333": [0.5, -2.03, 3.84],
						"1.1667": [0.5, -2.15, 3.33],
						"1.2": [0.5, -2.27, 2.87],
						"1.2333": [0.51, -2.2, 2.9],
						"1.2667": [0.51, -2.06, 3.06],
						"1.3": [0.5, -1.97, 3.15],
						"1.3333": [0.48, -1.91, 3.09],
						"1.3667": [0.45, -1.85, 2.98],
						"1.4": [0.41, -1.86, 2.85],
						"1.4333": [0.35, -2, 2.76],
						"1.4667": [0.3, -2.22, 2.73],
						"1.5": [0.23, -2.54, 2.71],
						"1.5333": [0.16, -2.91, 2.71],
						"1.5667": [0.08, -3.28, 2.7],
						"1.6": [-0.01, -3.59, 2.69],
						"1.6333": [-0.1, -3.8, 2.65],
						"1.6667": [-0.23, -3.9, 2.57],
						"1.7": [-0.37, -3.9, 2.47],
						"1.7333": [-0.52, -3.83, 2.35],
						"1.7667": [-0.67, -3.74, 2.25],
						"1.8": [-0.8, -3.67, 2.17],
						"1.8333": [-0.9, -3.63, 2.13],
						"1.8667": [-1, -3.58, 2.11],
						"1.9": [-1.09, -3.51, 2.1],
						"1.9333": [-1.18, -3.46, 2.09],
						"1.9667": [-1.25, -3.42, 2.08],
						"2.0": [-1.3, -3.41, 2.07],
						"2.0333": [-1.32, -3.42, 2.06],
						"2.0667": [-1.33, -3.44, 2.05],
						"2.1": [-1.34, -3.47, 2.05],
						"2.1333": [-1.35, -3.5, 2.04],
						"2.1667": [-1.35, -3.53, 2.03],
						"2.2": [-1.35, -3.57, 2.02],
						"2.2333": [-1.35, -3.61, 2.02],
						"2.2667": [-1.34, -3.65, 2.01],
						"2.3": [-1.34, -3.68, 2],
						"2.3333": [-1.34, -3.72, 1.99],
						"2.3667": [-1.33, -3.74, 1.98],
						"2.4": [-1.33, -3.76, 1.98],
						"2.4333": [-1.33, -3.77, 1.97],
						"2.4667": [-1.33, -3.78, 1.96],
						"2.5": [-1.33, -3.77, 1.95],
						"2.5333": [-1.33, -3.76, 1.95],
						"2.5667": [-1.32, -3.74, 1.94],
						"2.6": [-1.32, -3.72, 1.93],
						"2.6333": [-1.32, -3.69, 1.92],
						"2.6667": [-1.31, -3.67, 1.92],
						"2.7": [-1.31, -3.64, 1.91],
						"2.7333": [-1.31, -3.62, 1.9],
						"2.7667": [-1.3, -3.61, 1.9],
						"2.8": [-1.3, -3.6, 1.89],
						"2.8333": [-1.3, -3.6, 1.89],
						"2.8667": [-1.3, -3.61, 1.88],
						"2.9": [-1.31, -3.63, 1.88],
						"2.9333": [-1.31, -3.65, 1.87],
						"2.9667": [-1.32, -3.67, 1.87],
						"3.0": [-1.33, -3.7, 1.87],
						"3.0333": [-1.34, -3.74, 1.87],
						"3.0667": [-1.34, -3.77, 1.86],
						"3.1": [-1.33, -3.81, 1.86],
						"3.1333": [-1.32, -3.84, 1.86],
						"3.1667": [-1.3, -3.87, 1.86],
						"3.2": [-1.13, -4.01, 1.86],
						"3.2333": [-0.91, -4.15, 1.86],
						"3.2667": [-0.76, -4.22, 1.86],
						"3.3": [-0.75, -4.21, 1.86],
						"3.3333": [-0.8, -4.15, 1.86],
						"3.3667": [-0.86, -4.08, 1.86],
						"3.4": [-0.91, -4.02, 1.86],
						"3.4333": [-0.92, -4, 1.86],
						"3.4667": [-0.81, -4.07, 1.86],
						"3.5": [-0.63, -4.19, 1.86],
						"3.5333": [-0.48, -4.25, 1.86],
						"3.5667": [-0.36, -4.2, 1.86],
						"3.6": [-0.26, -4.09, 1.86],
						"3.6333": [-0.25, -4.04, 1.86],
						"3.6667": [-0.34, -4.08, 1.86],
						"3.7": [-0.5, -4.16, 1.86],
						"3.7333": [-0.67, -4.24, 1.86],
						"3.7667": [-0.82, -4.3, 1.86],
						"3.8": [-0.9, -4.32, 1.86],
						"3.8333": [-0.98, -4.34, 1.87],
						"3.8667": [-1.05, -4.36, 1.88],
						"3.9": [-1.12, -4.36, 1.89],
						"3.9333": [-1.18, -4.36, 1.9],
						"3.9667": [-1.22, -4.33, 1.9],
						"4.0": [-1.24, -4.28, 1.91],
						"4.0333": [-1.23, -4.16, 1.92],
						"4.0667": [-1.18, -3.98, 1.92],
						"4.1": [-1.11, -3.79, 1.92],
						"4.1333": [-1.03, -3.59, 1.93],
						"4.1667": [-0.97, -3.43, 1.93],
						"4.2": [-0.92, -3.34, 1.94],
						"4.2333": [-0.91, -3.33, 1.95],
						"4.2667": [-0.9, -3.36, 1.95],
						"4.3": [-0.9, -3.42, 1.96],
						"4.3333": [-0.9, -3.5, 1.97],
						"4.3667": [-0.91, -3.58, 1.97],
						"4.4": [-0.92, -3.64, 1.98],
						"4.4333": [-0.93, -3.67, 1.99],
						"4.4667": [-0.95, -3.68, 2],
						"4.5": [-0.97, -3.67, 2.01],
						"4.5333": [-1, -3.65, 2.02],
						"4.5667": [-1.03, -3.62, 2.03],
						"4.6": [-1.06, -3.58, 2.04],
						"4.6333": [-1.09, -3.54, 2.05],
						"4.6667": [-1.11, -3.51, 2.06],
						"4.7": [-1.14, -3.48, 2.07],
						"4.7333": [-1.17, -3.43, 2.08],
						"4.7667": [-1.19, -3.39, 2.09],
						"4.8": [-1.22, -3.35, 2.1],
						"4.8333": [-1.25, -3.31, 2.11],
						"4.8667": [-1.28, -3.27, 2.12],
						"4.9": [-1.31, -3.25, 2.13],
						"4.9333": [-1.36, -3.23, 2.14],
						"4.9667": [-1.42, -3.22, 2.15],
						"5.0": [-1.47, -3.22, 2.16],
						"5.0333": [-1.52, -3.23, 2.16],
						"5.0667": [-1.55, -3.25, 2.17],
						"5.1": [-1.58, -3.36, 2.18],
						"5.1333": [-1.55, -3.46, 2.18],
						"5.1667": [-1.47, -3.43, 2.18],
						"5.2": [-1.37, -3.37, 2.18],
						"5.2333": [-1.31, -3.33, 2.18],
						"5.2667": [-1.32, -3.33, 2.18],
						"5.3": [-1.35, -3.33, 2.18],
						"5.3333": [-1.4, -3.35, 2.18],
						"5.3667": [-1.45, -3.38, 2.18],
						"5.4": [-1.49, -3.41, 2.18],
						"5.4333": [-1.51, -3.44, 2.18],
						"5.4667": [-1.52, -3.47, 2.18],
						"5.5": [-1.54, -3.5, 2.18],
						"5.5333": [-1.56, -3.54, 2.18],
						"5.5667": [-1.58, -3.58, 2.17],
						"5.6": [-1.59, -3.62, 2.17],
						"5.6333": [-1.6, -3.66, 2.17],
						"5.6667": [-1.61, -3.7, 2.17],
						"5.7": [-1.62, -3.73, 2.17],
						"5.7333": [-1.62, -3.75, 2.17],
						"5.7667": [-1.61, -3.8, 2.17],
						"5.8": [-1.58, -3.82, 2.17],
						"5.8333": [-1.54, -3.83, 2.17],
						"5.8667": [-1.51, -3.84, 2.17],
						"5.9": [-1.5, -3.85, 2.17],
						"5.9333": [-1.51, -3.86, 2.17],
						"5.9667": [-1.51, -3.86, 2.17],
						"6.0": [-1.51, -3.87, 2.17],
						"6.0333": [-1.52, -3.88, 2.16],
						"6.0667": [-1.52, -3.89, 2.16],
						"6.1": [-1.52, -3.92, 2.16],
						"6.1333": [-1.52, -3.96, 2.16],
						"6.1667": [-1.52, -4.01, 2.16],
						"6.2": [-1.52, -4.05, 2.15],
						"6.2333": [-1.51, -4.07, 2.14],
						"6.2667": [-1.5, -4.06, 2.12],
						"6.3": [-1.48, -4.01, 2.07],
						"6.3333": [-1.45, -3.91, 2.01],
						"6.3667": [-1.41, -3.8, 1.94],
						"6.4": [-1.36, -3.69, 1.88],
						"6.4333": [-1.3, -3.6, 1.84],
						"6.4667": [-1.15, -3.47, 1.82],
						"6.5": [-0.97, -3.36, 1.84],
						"6.5333": [-0.8, -3.32, 1.8],
						"6.5667": [-0.74, -3.37, 1.77],
						"6.6": [-0.69, -3.46, 1.74],
						"6.6333": [-0.63, -3.57, 1.71],
						"6.6667": [-0.58, -3.69, 1.66],
						"6.7": [-0.53, -3.79, 1.6],
						"6.7333": [-0.48, -3.85, 1.52],
						"6.7667": [-0.42, -3.86, 1.4],
						"6.8": [-0.37, -3.78, 1.24],
						"6.8333": [-0.27, -3.45, 0.85],
						"6.8667": [-0.16, -2.94, 0.33],
						"6.9": [-0.06, -2.35, -0.23],
						"6.9333": [0.03, -1.78, -0.76],
						"6.9667": [0.09, -1.34, -1.15],
						"7.0": [0.12, -1, -1.52],
						"7.0333": [0.11, -0.77, -1.81],
						"7.0667": [0.08, -0.6, -1.94],
						"7.1": [0.06, -0.45, -1.86],
						"7.1333": [0.05, -0.32, -1.41],
						"7.1667": [0.03, -0.23, -0.68],
						"7.2": [0.01, -0.16, 0.06],
						"7.2333": [0, -0.1, 0.51],
						"7.2667": [0, -0.04, 0.5],
						"7.3": [0, -0.02, 0.15],
						"7.3333": [0, 0, -0.11],
						"7.3667": [0, 0.01, -0.13],
						"7.4": [0, 0.01, -0.1],
						"7.4333": [0, 0, -0.04],
						"7.4667": [0, 0, 0],
						"7.5": [0, 0, 0.01],
						"7.5333": [0, 0, 0.01],
						"7.5667": [0, 0, 0],
						"7.6": [0, 0, 0]
					}
				},
				"lefthand2": {
					"rotation": {
						"0.0": [104.4, -28.88, -161.29],
						"0.0333": [102.09, -30.5, -158.6],
						"0.0667": [98.74, -32.87, -154.69],
						"0.1": [94.84, -35.61, -150.14],
						"0.1333": [90.92, -38.35, -145.57],
						"0.1667": [87.49, -40.71, -141.54],
						"0.2": [85.05, -42.32, -138.66],
						"0.2333": [83.71, -43.07, -137.03],
						"0.2667": [83.08, -43.25, -136.19],
						"0.3": [82.94, -43.06, -135.9],
						"0.3333": [83.06, -42.67, -135.93],
						"0.3667": [83.24, -42.3, -136.04],
						"0.4": [83.25, -42.12, -135.97],
						"0.4333": [83.25, -42.12, -135.97],
						"0.4667": [83.25, -42.12, -135.97],
						"0.5": [83.25, -42.12, -135.97],
						"0.5333": [83.25, -42.12, -135.97],
						"0.5667": [83.25, -42.12, -135.97],
						"0.6": [83.25, -42.12, -135.97],
						"0.6333": [83.25, -42.12, -135.97],
						"0.6667": [83.25, -42.12, -135.97],
						"0.7": [83.25, -42.12, -135.97],
						"0.7333": [83.25, -42.12, -135.97],
						"0.7667": [83.25, -42.12, -135.97],
						"0.8": [83.25, -42.12, -135.97],
						"0.8333": [83.25, -42.12, -135.97],
						"0.8667": [83.25, -42.12, -135.97],
						"0.9": [83.25, -42.12, -135.97],
						"0.9333": [83.25, -42.12, -135.97],
						"0.9667": [83.25, -42.12, -135.97],
						"1.0": [83.25, -42.12, -135.97],
						"1.0333": [83.25, -42.12, -135.97],
						"1.0667": [83.25, -42.12, -135.97],
						"1.1": [83.25, -42.12, -135.97],
						"1.1333": [83.25, -42.12, -135.97],
						"1.1667": [83.25, -42.12, -135.97],
						"1.2": [83.25, -42.12, -135.97],
						"1.2333": [83.25, -42.12, -135.97],
						"1.2667": [83.25, -42.12, -135.97],
						"1.3": [83.25, -42.12, -135.97],
						"1.3333": [83.25, -42.12, -135.97],
						"1.3667": [83.25, -42.12, -135.97],
						"1.4": [83.25, -42.12, -135.97],
						"1.4333": [83.25, -42.12, -135.97],
						"1.4667": [83.25, -42.12, -135.97],
						"1.5": [83.25, -42.12, -135.97],
						"1.5333": [83.25, -42.12, -135.97],
						"1.5667": [83.25, -42.12, -135.97],
						"1.6": [83.25, -42.12, -135.97],
						"1.6333": [83.25, -42.12, -135.97],
						"1.6667": [83.25, -42.12, -135.97],
						"1.7": [92.76, -34.98, -153.05],
						"1.7333": [102.28, -27.84, -170.13],
						"1.7667": [111.8, -20.7, -187.21],
						"1.8": [121.32, -13.56, -204.28],
						"1.8333": [130.84, -6.42, -221.36],
						"1.8667": [140.36, 0.72, -238.44],
						"1.9": [149.88, 7.86, -255.52],
						"1.9333": [151.18, 8.43, -255.52],
						"1.9667": [152.48, 8.99, -255.52],
						"2.0": [153.78, 9.56, -255.52],
						"2.0333": [148.06, -0.37, -240.9],
						"2.0667": [142.34, -10.3, -226.28],
						"2.1": [136.62, -20.23, -211.67],
						"2.1333": [130.9, -30.15, -197.05],
						"2.1667": [125.19, -40.08, -182.43],
						"2.2": [125.52, -39.64, -183.21],
						"2.2333": [125.85, -39.2, -184],
						"2.2667": [126.18, -38.76, -184.79],
						"2.3": [127.78, -30.24, -195.5],
						"2.3333": [129.39, -21.72, -206.22],
						"2.3667": [130.99, -13.19, -216.94],
						"2.4": [132.59, -4.67, -227.65],
						"2.4333": [134.19, 3.85, -238.37],
						"2.4667": [135.79, 12.37, -249.09],
						"2.5": [137.09, 13.47, -249.09],
						"2.5333": [132.95, -2.39, -232.15],
						"2.5667": [128.8, -18.25, -215.21],
						"2.6": [124.66, -34.11, -198.27],
						"2.6333": [124.33, -34.39, -198.27],
						"2.6667": [124.01, -34.66, -198.27],
						"2.7": [123.68, -34.94, -198.27],
						"2.7333": [123.36, -35.21, -198.27],
						"2.7667": [123.76, -35.83, -196.99],
						"2.8": [124.66, -34.11, -198.27],
						"2.8333": [126.12, -25.9, -207.85],
						"2.8667": [127.35, -16.52, -218.72],
						"2.9": [127.96, -11.74, -224.41],
						"2.9333": [128.21, -7.74, -228.97],
						"2.9667": [126.85, -6.09, -229.02],
						"3.0": [122.37, -8.45, -220.79],
						"3.0333": [116.28, -13.16, -208.06],
						"3.0667": [111.86, -16.69, -198.69],
						"3.1": [110.8, -17.43, -196.56],
						"3.1333": [110.92, -17.35, -196.8],
						"3.1667": [111.51, -16.94, -197.98],
						"3.2": [111.86, -16.69, -198.69],
						"3.2333": [111.86, -16.69, -198.69],
						"3.2667": [111.86, -16.69, -198.69],
						"3.3": [111.86, -16.69, -198.69],
						"3.3333": [111.86, -16.69, -198.69],
						"3.3667": [111.86, -16.69, -198.69],
						"3.4": [111.86, -16.69, -198.69],
						"3.4333": [111.86, -16.69, -198.69],
						"3.4667": [111.86, -16.69, -198.69],
						"3.5": [111.86, -16.69, -198.69],
						"3.5333": [111.86, -16.69, -198.69],
						"3.5667": [111.86, -16.69, -198.69],
						"3.6": [111.86, -16.69, -198.69],
						"3.6333": [111.86, -16.69, -198.69],
						"3.6667": [111.86, -16.69, -198.69],
						"3.7": [111.86, -16.69, -198.69],
						"3.7333": [111.86, -16.69, -198.69],
						"3.7667": [111.86, -16.69, -198.69],
						"3.8": [111.86, -16.69, -198.69],
						"3.8333": [111.86, -16.69, -198.69],
						"3.8667": [111.86, -16.69, -198.69],
						"3.9": [111.86, -16.69, -198.69],
						"3.9333": [111.86, -16.69, -198.69],
						"3.9667": [111.86, -16.69, -198.69],
						"4.0": [111.86, -16.69, -198.69],
						"4.0333": [111.86, -16.69, -198.69],
						"4.0667": [111.86, -16.69, -198.69],
						"4.1": [111.86, -16.69, -198.69],
						"4.1333": [111.86, -16.69, -198.69],
						"4.1667": [111.86, -16.69, -198.69],
						"4.2": [111.86, -16.69, -198.69],
						"4.2333": [111.86, -16.69, -198.69],
						"4.2667": [111.86, -16.69, -198.69],
						"4.3": [111.86, -16.69, -198.69],
						"4.3333": [111.86, -16.69, -198.69],
						"4.3667": [111.86, -16.69, -198.69],
						"4.4": [111.86, -16.69, -198.69],
						"4.4333": [111.86, -16.69, -198.69],
						"4.4667": [111.86, -16.69, -198.69],
						"4.5": [111.86, -16.69, -198.69],
						"4.5333": [111.86, -16.69, -198.69],
						"4.5667": [111.86, -16.69, -198.69],
						"4.6": [111.86, -16.69, -198.69],
						"4.6333": [111.86, -16.69, -198.69],
						"4.6667": [111.86, -16.69, -198.69],
						"4.7": [111.86, -16.69, -198.69],
						"4.7333": [111.86, -16.69, -198.69],
						"4.7667": [111.86, -16.69, -198.69],
						"4.8": [111.86, -16.69, -198.69],
						"4.8333": [111.86, -16.69, -198.69],
						"4.8667": [111.86, -16.69, -198.69],
						"4.9": [111.86, -16.69, -198.69],
						"4.9333": [111.86, -16.69, -198.69],
						"4.9667": [111.86, -16.69, -198.69],
						"5.0": [111.86, -16.69, -198.69],
						"5.0333": [111.86, -16.69, -198.69],
						"5.0667": [111.86, -16.69, -198.69],
						"5.1": [111.86, -16.69, -198.69],
						"5.1333": [111.86, -16.69, -198.69],
						"5.1667": [111.86, -16.69, -198.69],
						"5.2": [116.94, -7.92, -205.31],
						"5.2333": [122.03, 0.85, -211.93],
						"5.2667": [127.11, 9.62, -218.56],
						"5.3": [132.2, 18.39, -225.18],
						"5.3333": [137.28, 27.16, -231.8],
						"5.3667": [137.28, 27.16, -231.8],
						"5.4": [135.8, 26.23, -234.13],
						"5.4333": [133.53, 24.95, -237.37],
						"5.4667": [131.13, 23.41, -241.22],
						"5.5": [129.24, 21.69, -245.39],
						"5.5333": [128.52, 19.89, -249.57],
						"5.5667": [129.74, 17.24, -255.45],
						"5.6": [132.47, 14.19, -262.05],
						"5.6333": [135.6, 11.27, -268.21],
						"5.6667": [138.02, 9, -272.74],
						"5.7": [139.94, 7.21, -275.56],
						"5.7333": [141.25, 6.28, -276.19],
						"5.7667": [142.14, 5.8, -276.2],
						"5.8": [142.43, 5.76, -275.97],
						"5.8333": [142.39, 6.06, -275.25],
						"5.8667": [142.29, 6.44, -274.48],
						"5.9": [142.36, 6.63, -274.1],
						"5.9333": [142.91, 6.47, -274.5],
						"5.9667": [143.64, 6.14, -275.34],
						"6.0": [144.16, 5.89, -275.97],
						"6.0333": [144.16, 5.89, -275.97],
						"6.0667": [146.21, -1.34, -260.72],
						"6.1": [148.25, -8.56, -245.47],
						"6.1333": [150.3, -15.79, -230.21],
						"6.1667": [152.34, -23.01, -214.96],
						"6.2": [154.39, -30.24, -199.71],
						"6.2333": [154.39, -30.24, -199.71],
						"6.2667": [157.22, -19.26, -208.6],
						"6.3": [160.06, -8.27, -217.48],
						"6.3333": [162.89, 2.71, -226.36],
						"6.3667": [165.72, 13.69, -235.24],
						"6.4": [168.55, 24.67, -244.13],
						"6.4333": [166.43, 23.5, -249.43],
						"6.4667": [164.32, 22.32, -254.73],
						"6.5": [158.64, 15.88, -253.9],
						"6.5333": [152.97, 9.43, -253.08],
						"6.5667": [147.3, 2.99, -252.25],
						"6.6": [143.43, -0.18, -245.53],
						"6.6333": [138.68, -3.86, -236.24],
						"6.6667": [133.33, -7.89, -225.12],
						"6.7": [127.65, -12.06, -212.9],
						"6.7333": [121.95, -16.21, -200.34],
						"6.7667": [116.48, -20.15, -188.15],
						"6.8": [111.55, -23.7, -177.09],
						"6.8333": [107.43, -26.67, -167.89],
						"6.8667": [104.4, -28.88, -161.29]
					},
					"position": {
						"0.0": [8.48, -14.55, -4],
						"0.0333": [8.29, -14.04, -4.21],
						"0.0667": [8, -13.29, -4.53],
						"0.1": [7.68, -12.46, -4.87],
						"0.1333": [7.39, -11.71, -5.19],
						"0.1667": [7.2, -11.2, -5.4],
						"0.2": [7.2, -11.2, -5.4],
						"0.2333": [7.2, -11.2, -5.4],
						"0.2667": [7.2, -11.2, -5.4],
						"0.3": [7.2, -11.2, -5.4],
						"0.3333": [7.2, -11.2, -5.4],
						"0.3667": [7.2, -11.2, -5.4],
						"0.4": [7.2, -11.2, -5.4],
						"0.4333": [7.2, -11.2, -5.4],
						"0.4667": [7.2, -11.2, -5.4],
						"0.5": [7.2, -11.2, -5.4],
						"0.5333": [7.2, -11.2, -5.4],
						"0.5667": [7.2, -11.2, -5.4],
						"0.6": [7.2, -11.2, -5.4],
						"0.6333": [7.2, -11.2, -5.4],
						"0.6667": [7.2, -11.2, -5.4],
						"0.7": [7.2, -11.2, -5.4],
						"0.7333": [7.2, -11.2, -5.4],
						"0.7667": [7.2, -11.2, -5.4],
						"0.8": [7.2, -11.2, -5.4],
						"0.8333": [7.2, -11.2, -5.4],
						"0.8667": [7.2, -11.2, -5.4],
						"0.9": [7.2, -11.2, -5.4],
						"0.9333": [7.2, -11.2, -5.4],
						"0.9667": [7.2, -11.2, -5.4],
						"1.0": [7.2, -11.2, -5.4],
						"1.0333": [7.2, -11.2, -5.4],
						"1.0667": [7.2, -11.2, -5.4],
						"1.1": [7.2, -11.2, -5.4],
						"1.1333": [7.2, -11.2, -5.4],
						"1.1667": [7.2, -11.2, -5.4],
						"1.2": [7.2, -11.2, -5.4],
						"1.2333": [7.2, -11.2, -5.4],
						"1.2667": [7.2, -11.2, -5.4],
						"1.3": [7.2, -11.2, -5.4],
						"1.3333": [7.2, -11.2, -5.4],
						"1.3667": [7.2, -11.2, -5.4],
						"1.4": [7.2, -11.2, -5.4],
						"1.4333": [7.2, -11.2, -5.4],
						"1.4667": [7.2, -11.2, -5.4],
						"1.5": [7.2, -11.2, -5.4],
						"1.5333": [7.2, -11.2, -5.4],
						"1.5667": [7.2, -11.2, -5.4],
						"1.6": [7.2, -11.2, -5.4],
						"1.6333": [7.2, -11.2, -5.4],
						"1.6667": [7.2, -11.2, -5.4],
						"1.7": [8.5, -10.6, -3.52],
						"1.7333": [8.82, -10.19, -2.47],
						"1.7667": [9.05, -9.7, -1.22],
						"1.8": [9, -9.4, 0.25],
						"1.8333": [8.44, -9.43, 2.2],
						"1.8667": [7.61, -9.64, 4.37],
						"1.9": [7, -9.8, 5.9],
						"1.9333": [7, -9.8, 5.9],
						"1.9667": [7, -9.8, 5.9],
						"2.0": [7, -9.8, 5.9],
						"2.0333": [7.32, -8.6, 4.98],
						"2.0667": [7.64, -7.4, 4.06],
						"2.1": [7.96, -6.2, 3.14],
						"2.1333": [8.28, -5, 2.22],
						"2.1667": [8.6, -3.8, 1.3],
						"2.2": [8.6, -3.8, 1.3],
						"2.2333": [8.6, -3.8, 1.3],
						"2.2667": [8.6, -3.8, 1.3],
						"2.3": [8.67, -4.49, 1.13],
						"2.3333": [8.78, -5.49, 0.89],
						"2.3667": [8.9, -6.65, 0.6],
						"2.4": [9.02, -7.81, 0.31],
						"2.4333": [9.13, -8.81, 0.07],
						"2.4667": [9.2, -9.5, -0.1],
						"2.5": [9.2, -9.5, -0.1],
						"2.5333": [9.19, -9.5, -0.1],
						"2.5667": [9.18, -9.48, -0.11],
						"2.6": [9.16, -9.47, -0.11],
						"2.6333": [9.14, -9.45, -0.12],
						"2.6667": [9.12, -9.44, -0.12],
						"2.7": [9.11, -9.43, -0.12],
						"2.7333": [9.12, -9.44, -0.12],
						"2.7667": [9.15, -9.46, -0.11],
						"2.8": [9.2, -9.5, -0.1],
						"2.8333": [9.77, -9.81, 0.03],
						"2.8667": [10.38, -10.38, 0.2],
						"2.9": [10.56, -10.98, 0.29],
						"2.9333": [10.64, -11.71, 0.39],
						"2.9667": [10.75, -12.45, 0.5],
						"3.0": [11.07, -13.56, 0.74],
						"3.0333": [11.28, -14.55, 0.97],
						"3.0667": [10.8, -15.6, 1.2],
						"3.1": [10.76, -15.67, 1.22],
						"3.1333": [10.76, -15.67, 1.21],
						"3.1667": [10.77, -15.62, 1.21],
						"3.2": [10.8, -15.6, 1.2],
						"3.2333": [11, -15.6, 1.2],
						"3.2667": [11, -15.6, 1.2],
						"3.3": [11, -15.6, 1.2],
						"3.3333": [11, -15.6, 1.2],
						"3.3667": [11, -15.6, 1.2],
						"3.4": [11, -15.6, 1.2],
						"3.4333": [11.9, -15.6, 1.2],
						"3.4667": [12.8, -15.6, 1.2],
						"3.5": [13.5, -15.7, 1.2],
						"3.5333": [14.2, -15.8, 1.2],
						"3.5667": [14.99, -15.61, 1.52],
						"3.6": [15.97, -15.28, 1.98],
						"3.6333": [17.02, -15.13, 2.52],
						"3.6667": [18, -15.5, 3.1],
						"3.7": [18.76, -16.33, 3.52],
						"3.7333": [19.55, -17.52, 3.91],
						"3.7667": [20.3, -18.92, 4.36],
						"3.8": [20.94, -20.36, 4.97],
						"3.8333": [21.4, -21.7, 5.8],
						"3.8667": [21.62, -23.02, 7.05],
						"3.9": [21.64, -24.44, 8.66],
						"3.9333": [21.56, -25.8, 10.36],
						"3.9667": [21.45, -26.97, 11.86],
						"4.0": [21.4, -27.8, 12.9],
						"4.0333": [21.4, -28.48, 13.69],
						"4.0667": [21.4, -28.48, 13.69],
						"4.1": [21.4, -27.8, 12.9],
						"4.1333": [21.48, -27.13, 12.1],
						"4.1667": [21.67, -26.21, 10.97],
						"4.2": [21.85, -25.12, 9.64],
						"4.2333": [21.93, -23.94, 8.24],
						"4.2667": [21.82, -22.78, 6.92],
						"4.3": [21.4, -21.7, 5.8],
						"4.3333": [20.8, -20.91, 5.07],
						"4.3667": [19.95, -20.08, 4.37],
						"4.4": [18.94, -19.23, 3.69],
						"4.4333": [17.85, -18.39, 3.06],
						"4.4667": [16.74, -17.6, 2.48],
						"4.5": [15.71, -16.88, 1.97],
						"4.5333": [14.84, -16.27, 1.54],
						"4.5667": [14.2, -15.8, 1.2],
						"4.6": [13.95, -15.69, 1.2],
						"4.6333": [13.71, -15.59, 1.2],
						"4.6667": [13.46, -15.48, 1.2],
						"4.7": [13.29, -15.48, 1.2],
						"4.7333": [13.15, -15.52, 1.2],
						"4.7667": [13.06, -15.55, 1.2],
						"4.8": [13.05, -15.55, 1.2],
						"4.8333": [13.06, -15.55, 1.2],
						"4.8667": [12.93, -15.58, 1.2],
						"4.9": [12.8, -15.6, 1.2],
						"4.9333": [12.8, -15.6, 1.2],
						"4.9667": [12.8, -15.6, 1.2],
						"5.0": [12.8, -15.6, 1.2],
						"5.0333": [12.3, -15.6, 1.2],
						"5.0667": [11.8, -15.6, 1.2],
						"5.1": [11.3, -15.6, 1.2],
						"5.1333": [10.8, -15.6, 1.2],
						"5.1667": [10.8, -15.6, 1.2],
						"5.2": [10.8, -15.04, 1.2],
						"5.2333": [10.8, -14.48, 1.2],
						"5.2667": [10.8, -13.92, 1.2],
						"5.3": [10.8, -13.36, 1.2],
						"5.3333": [10.8, -12.8, 1.2],
						"5.3667": [10.8, -12.8, 1.2],
						"5.4": [10.89, -12.37, 1.16],
						"5.4333": [11.06, -11.75, 1.1],
						"5.4667": [11.2, -11.05, 1.03],
						"5.5": [11.25, -10.4, 0.96],
						"5.5333": [11.13, -9.92, 0.89],
						"5.5667": [10.61, -9.57, 0.79],
						"5.6": [9.82, -9.39, 0.68],
						"5.6333": [9, -9.29, 0.57],
						"5.6667": [8.4, -9.22, 0.5],
						"5.7": [8.03, -9.2, 0.47],
						"5.7333": [7.9, -9.27, 0.49],
						"5.7667": [7.9, -9.32, 0.5],
						"5.8": [8, -9.33, 0.5],
						"5.8333": [8.2, -9.31, 0.5],
						"5.8667": [8.41, -9.3, 0.5],
						"5.9": [8.55, -9.3, 0.5],
						"5.9333": [8.58, -9.34, 0.5],
						"5.9667": [8.52, -9.36, 0.5],
						"6.0": [8.4, -9.27, 0.5],
						"6.0333": [8.4, -9.27, 0.5],
						"6.0667": [8.64, -7.82, 0.24],
						"6.1": [8.87, -6.37, -0.02],
						"6.1333": [9.11, -4.92, -0.29],
						"6.1667": [9.35, -3.47, -0.55],
						"6.2": [8.2, -1.2, -0.9],
						"6.2333": [8.2, -1.2, -0.9],
						"6.2667": [7.78, -1.8, 0.77],
						"6.3": [7.37, -2.4, 2.43],
						"6.3333": [6.95, -3, 4.1],
						"6.3667": [6.32, -5.5, 5.3],
						"6.4": [5.7, -8, 6.5],
						"6.4333": [5.7, -8, 6.5],
						"6.4667": [5.7, -8, 6.5],
						"6.5": [6.26, -8.09, 6.75],
						"6.5333": [7.27, -8.85, 6.46],
						"6.5667": [8.47, -10.46, 5.44],
						"6.6": [9.88, -12.57, 3.95],
						"6.6333": [10.8, -14.15, 2.18],
						"6.6667": [10.82, -14.74, -0.18],
						"6.7": [10.34, -14.8, -2.83],
						"6.7333": [9.82, -14.77, -4.64],
						"6.7667": [9.48, -14.77, -4.99],
						"6.8": [9.09, -14.7, -4.75],
						"6.8333": [8.73, -14.61, -4.29],
						"6.8667": [8.48, -14.55, -4]
					},
					"scale": [1, 1.5, 1]
				},
				"righthand2": {
					"rotation": {
						"0.0": [95.04292, 7.4713, -179.3426],
						"0.5333": [95.04292, 7.4713, -179.3426],
						"0.6333": [97.1453, 8.56103, -173.05252],
						"0.7333": [84.74387, 27.7455, -251.25206],
						"0.8667": [84.74387, 27.7455, -251.25206],
						"0.9667": [90.56501, 43.6642, -253.2524],
						"1.1667": [90.56501, 43.6642, -253.2524],
						"1.2333": [106.99389, -12.1285, -161.99792],
						"1.2667": [99.49189, -23.7281, -143.78105],
						"1.3333": [90.45824, -19.7284, -143.69931],
						"1.4333": [97.06542, -0.37014, -174.16749],
						"1.5667": [95.04292, 7.4713, -179.3426]
					},
					"position": {
						"0.0": [-6.625, -16, 6.8],
						"0.5333": [-6.625, -16, 6.8],
						"0.6333": [-8.98, -15.6, 4.16],
						"0.7": [-10.36, -12.53, 1.52],
						"0.7333": [-9.7, -11, 0.2],
						"0.8667": [-9.7, -11, 0.2],
						"0.9667": [-9.7, -11, 6.1],
						"1.1667": [-9.7, -11, 6.1],
						"1.2333": [-9.7, -11, 0.2],
						"1.3333": [-9.7, -11, 0.2],
						"1.3667": [-10.86, -12.53, 1.52],
						"1.4333": [-8.98, -15.6, 4.16],
						"1.5667": [-6.625, -16, 6.8]
					},
					"scale": [1, 1.5, 1]
				},
				"pull_handle2": {
					"position": {
						"0.8667": [0, 0, 0],
						"0.9667": [0, 0, 6],
						"1.1667": [0, 0, 6],
						"1.2667": [0, 0, 0]
					}
				},
				"iron2": {
					"rotation": {
						"2.5": [0, 0, 0],
						"2.6": [72.5, 0, 0],
						"2.8333": [72.5, 0, 0],
						"2.9333": [0, 0, 0],
						"3.0": [2, 0, 0],
						"3.0333": [0, 0, 0]
					}
				},
				"cap2": {
					"rotation": {
						"2.0": [0, 0, 0],
						"2.1667": [91.25, 0, 0],
						"2.2667": [87.5, 0, 0],
						"3.4": [87.5, 0, 0],
						"3.4667": [85.5, 0, 0],
						"3.5333": [87.5, 0, 0],
						"4.9333": [87.5, 0, 0],
						"5.0667": [85.25, 0, 0],
						"5.2333": [87.5, 0, 0],
						"6.2333": [87.5, 0, 0],
						"6.4": [0, 0, 0]
					}
				},
				"rotate2": {
					"rotation": {
						"0.1667": [0, 0, 0],
						"0.3333": [0, 0, -6],
						"0.4667": [0, 0, 3],
						"0.6": [0, 0, -1],
						"0.7": [0, 0, 2],
						"0.8667": [0, 0, 2],
						"0.9667": [0, 0, -3],
						"1.0333": [0, 0, 1],
						"1.1667": [0, 0, -1],
						"1.2333": [0, 0, 2.8],
						"1.3667": [0, 0, -1],
						"1.4667": [0, 0, 1],
						"1.7": [0, 0, -2],
						"1.8333": [0, 0, 0],
						"2.0333": [0, 0, 0],
						"2.2333": [0, 0, -6],
						"2.3667": [0, 0, -2],
						"2.5667": [0, 0, -4],
						"2.7667": [0, 0, -3],
						"3.1667": [0, 0, -3],
						"3.2667": [0, 0, 0],
						"3.4333": [0, 0, -2],
						"3.5333": [0, 0, 2],
						"3.6667": [0, 0, -1],
						"3.7667": [0, 0, 1],
						"4.7": [0, 0, 1],
						"4.9": [0, 0, -1],
						"5.0333": [0, 0, -3],
						"5.1667": [0, 0, 0],
						"5.3": [0, 0, -2],
						"5.4": [0, 0, -2],
						"5.9": [0, 0, -2],
						"6.1667": [0, 0, -4],
						"6.4": [0, 0, -3],
						"6.5": [0, 0, -8],
						"6.6333": [0, 0, -4],
						"6.7333": [0, 0, -7],
						"6.8667": [0, 0, -6],
						"6.9667": [0, 0, -0.29],
						"7.0667": [0, 0, -3.17],
						"7.1333": [0, 0, 0]
					}
				},
				"magazine": {
					"rotation": {
						"3.2": [0, 0, 0],
						"3.2333": [0, 0, 0],
						"3.4": [0, 0, 0],
						"3.4667": [0, 0, 0],
						"3.5333": [0, 0, -7],
						"3.6667": [-8.46534, -3.067, -26.77296],
						"4.5667": [0, 0, 3],
						"4.6667": [0, 0, -3.8],
						"4.7667": [0, 0, -1.52],
						"4.8": [0, 0, -0.26],
						"4.9": [0, 0, 0],
						"5.0": [0, 0, 0],
						"5.1333": [0, 0, 0]
					},
					"position": {
						"3.2": [0, 0, 0],
						"3.2333": [0.2, 0, 0],
						"3.4": [0.2, 0, 0],
						"3.4667": [2, 0, 0],
						"3.5333": [3.4, -0.2, 0],
						"3.6667": [7.2, 0.1, 1.9],
						"3.8333": [10.6, -6.1, 4.6],
						"4.0": [10.6, -12.2, 11.7],
						"4.1": [10.6, -12.2, 11.7],
						"4.3": [10.6, -6.1, 4.6],
						"4.5667": [3.4, -0.2, 0],
						"4.6667": [2.66, 0.12, 0],
						"4.7667": [2.26, 0.05, 0],
						"4.8333": [2.26, 0.05, 0],
						"4.9": [2, 0, 0],
						"5.0": [2, 0, 0],
						"5.1333": [0, 0, 0]
					}
				},
				"chain_anim": {
					"rotation": {
						"4.0": [0, 0, 0],
						"4.1": [0, 0, 73],
						"5.3667": [0, 0, 73],
						"5.4": [0, 0, 101.9],
						"5.4667": [0, 0, 93.35],
						"5.5333": [0, 0, 58.8],
						"5.6667": [0, 0, -6.5],
						"5.7667": [0, 0, -10],
						"5.9": [0, 0, 2],
						"6.0": [0, 0, 0],
						"6.0333": [0, 0, 0]
					},
					"position": {
						"4.0": [0, -4.7, 0],
						"4.1": [1.8, -1.8, 0],
						"5.0": [1.8, -1.8, 0],
						"5.0667": [1.8, -1.8, 0],
						"5.1667": [1.7, -1.8, 0],
						"5.3": [1.875, -1.8, 0],
						"5.3667": [1.8, -1.8, 0],
						"5.5333": [2.18, 0.62, 0],
						"5.6667": [-0.3, 0, 0],
						"5.7667": [-0.45, 0, 0],
						"5.9": [0.125, 0, 0],
						"6.0": [0, 0, 0],
						"6.0333": [0, 0, 0],
						"6.7333": [0, 0, 0],
						"6.8667": [0.175, 0, 0],
						"6.9667": [0.055, 0, 0],
						"7.0667": [0.075, 0, 0],
						"7.1333": [0, 0, 0]
					}
				},
				"bullet_chain_2": {
					"scale": {
						"0.0": [0, 0, 0],
						"4.0": [0, 0, 0],
						"4.0333": [1, 1, 1],
						"7.5333": [1, 1, 1],
						"7.5667": [0, 0, 0]
					}
				}
			},
			"sound_effects": {
				"0.0": {
					"effect": "minimi.magless"
				}
			}
		},
		"animation.minimi.fp.sight.holo512": {
			"loop": "hold_on_last_frame",
			"bones": {
				"muzzleflash": {
					"position": [0, 0, 78]
				}
			}
		},
		"animation.minimi.noammo": {
			"loop": "hold_on_last_frame",
			"bones": {
				"chain_anim": {
					"scale": 0
				}
			}
		},
		"animation.minimi.fp.reload.backup": {
			"loop": "hold_on_last_frame",
			"animation_length": 5.3167,
			"bones": {
				"root": {
					"rotation": [0, 180, 0]
				},
				"body": {
					"position": [0, 2, 0]
				},
				"ChargingHandle": {
					"position": {
						"4.5167": [0, 0, 0],
						"4.65": [0, 0, 3],
						"4.7167": [0, 0, 3],
						"4.85": [0, 0, 0]
					}
				},
				"Mag": {
					"rotation": {
						"0.8167": {
							"pre": [0, 0, 0],
							"post": [0, 0, 0],
							"lerp_mode": "catmullrom"
						},
						"1.1": {
							"post": [0, 0, -15],
							"lerp_mode": "catmullrom"
						},
						"1.4167": {
							"post": [122.5, -50, -15],
							"lerp_mode": "catmullrom"
						},
						"1.6833": {
							"post": [127.58, -52.07, -15],
							"lerp_mode": "catmullrom"
						},
						"1.8333": {
							"post": [0, 45, 0],
							"lerp_mode": "catmullrom"
						},
						"2.1333": [0, 0, 0],
						"2.2333": [0, 0, 0],
						"2.5": {
							"pre": [0, 0, 0],
							"post": [0, 0, 0],
							"lerp_mode": "catmullrom"
						}
					},
					"position": {
						"0.8167": {
							"pre": [0, 0, 0],
							"post": [0, 0, 0],
							"lerp_mode": "catmullrom"
						},
						"1.1": {
							"post": [5, -1, 0],
							"lerp_mode": "catmullrom"
						},
						"1.4167": {
							"post": [31, -1, -15],
							"lerp_mode": "catmullrom"
						},
						"1.6833": {
							"post": [48.21, -15.12, -31.76],
							"lerp_mode": "catmullrom"
						},
						"1.8333": {
							"post": [9, 0, 11],
							"lerp_mode": "catmullrom"
						},
						"2.1333": [3, 0, 0],
						"2.2333": [3, 0, 0],
						"2.5": {
							"pre": [0, 0, 0],
							"post": [0, 0, 0],
							"lerp_mode": "catmullrom"
						}
					},
					"scale": {
						"1.65": [1, 1, 1],
						"1.6833": [0, 0, 0],
						"1.8167": [0, 0, 0],
						"1.8333": [1, 1, 1]
					}
				},
				"bone105": {
					"rotation": {
						"0.3167": [0, 0, 0],
						"0.55": [72.5, 0, 0],
						"3.6": [72.5, 0, 0],
						"3.8333": [0, 0, 0]
					},
					"position": {
						"0.3167": [0, 0, 0],
						"0.55": [0, 0, 0],
						"3.6": [0, 0, 0],
						"3.8333": [0, 0, 0]
					}
				},
				"rightArm": {
					"rotation": {
						"4.0": [-112.5, 0, 0],
						"4.1667": [-112.5, 0, 0],
						"4.2333": [-112.5, 0, 0],
						"4.4167": [-141.8366, 4.70904, 8.97492],
						"4.5": [-141.84, 4.71, 8.97],
						"4.65": [-141.84, 4.71, 8.97],
						"4.7167": [-141.84, 4.71, 8.97],
						"4.85": [-141.84, 4.71, 8.97],
						"5.05": [-141.84, 4.71, 8.97],
						"5.3167": [-112.5, 0, 0]
					},
					"position": {
						"4.0": [-5, -7, 14],
						"4.1667": [3, -12, 3],
						"4.2333": [3, -12, 3],
						"4.4167": [-2, -8, -6],
						"4.5": [-2, -8, -6],
						"4.65": [-2, -9, -3],
						"4.7167": [-2, -9, -3],
						"4.85": [-2, -8, -6.5],
						"5.05": [-2, -8.6, -5.6],
						"5.3167": [-5, -7, 14]
					}
				}
			}
		},
		"animation.minimi.shoot.sight": {
			"animation_length": 0.7667,
			"bones": {
				"scope": {
					"rotation": {
						"0.0": [0, 0, 0],
						"0.1": [5, 0, 0],
						"0.2": [-5, 0, 0],
						"0.3": [0, 0, 0]
					},
					"position": {
						"0.0": [0, 0, 0],
						"0.0667": [0, 0, -1],
						"0.2": [0, 0, 0.2],
						"0.3": [0, 0, 0]
					}
				},
				"root2": {
					"rotation": {
						"0.0": [0, 0, 0],
						"0.0333": [1.08, 0, -1.4],
						"0.0667": [-1.92, 0, 0.21],
						"0.1": [-1.4, 0, -0.92],
						"0.1333": [-0.81, 0, -0.57],
						"0.1667": [-0.07, 0, 0.21],
						"0.2": [0.42, 0, 0.65],
						"0.2333": [0.3, 0, 0.42],
						"0.2667": [0.11, 0, 0.13],
						"0.3": [-0.08, 0, -0.15],
						"0.3333": [-0.17, 0, -0.31],
						"0.3667": [-0.11, 0, -0.23],
						"0.4": [-0.02, 0, -0.11],
						"0.4333": [0.06, 0, 0.01],
						"0.4667": [0.11, 0, 0.09],
						"0.5": [0.1, 0, 0.07],
						"0.5333": [0.08, 0, 0.05],
						"0.5667": [0.05, 0, 0.02],
						"0.6": [0.03, 0, 0],
						"0.6333": [0.02, 0, -0.01],
						"0.6667": [0.01, 0, 0],
						"0.7": [0, 0, 0],
						"0.7333": [0, 0, 0]
					},
					"position": {
						"0.0": [0, 0, 0],
						"0.0333": [0, -0.1, 1.9],
						"0.0667": [0, -0.09, 1.3],
						"0.1": [0, -0.06, 0.17],
						"0.1333": [0, -0.05, -0.57],
						"0.1667": [0, -0.05, -0.62],
						"0.2": [0, -0.04, -0.07],
						"0.2333": [0, -0.05, 0.13],
						"0.2667": [0, -0.06, 0.15],
						"0.3": [0, -0.07, 0.13],
						"0.3333": [0, -0.1, 0.03],
						"0.3667": [0, -0.11, 0],
						"0.4": [0, -0.1, 0],
						"0.4333": [0, -0.08, 0.01],
						"0.4667": [0, -0.03, 0.04],
						"0.5": [0, -0.01, 0.04],
						"0.5333": [0, -0.01, 0.04],
						"0.5667": [0, 0, 0.03],
						"0.6": [0, 0, 0.01],
						"0.6333": [0, 0, 0.01],
						"0.6667": [0, 0, 0],
						"0.7": [0, 0, 0],
						"0.7333": [0, 0, 0],
						"0.7667": [0, 0, 0]
					}
				},
				"root3": {
					"rotation": {
						"0.0": [0, 0, 0],
						"0.0333": [1.08, 0, -1.4],
						"0.0667": [-1.4, 0, -0.92],
						"0.1": [-0.81, 0, -0.57],
						"0.1333": [-0.07, 0, 0.21],
						"0.1667": [0.4, 0, 0.7],
						"0.2": [0.11, 0, 0.13],
						"0.2333": [-0.08, 0, -0.15],
						"0.2667": [-0.17, 0, -0.3],
						"0.3": [-0.17, 0, -0.31],
						"0.3333": [0.06, 0, 0.01],
						"0.3667": [0.11, 0, 0.08],
						"0.4": [0.11, 0, 0.09],
						"0.4333": [0.08, 0, 0.05],
						"0.4667": [0.04, 0, 0],
						"0.5": [0.03, 0, 0],
						"0.5333": [0.01, 0, 0],
						"0.5667": [0, 0, 0],
						"0.6": [0, 0, 0]
					},
					"position": {
						"0.0": [0, 0, 0],
						"0.0333": [0, -0.1, 1.9],
						"0.0667": [0, -0.09, 1.3],
						"0.1": [0, -0.05, -0.57],
						"0.1333": [0, -0.05, -0.62],
						"0.1667": [0, -0.04, -0.38],
						"0.2": [0, -0.06, 0.15],
						"0.2333": [0, -0.07, 0.13],
						"0.2667": [0, -0.09, 0.08],
						"0.3": [0, -0.11, 0],
						"0.3333": [0, -0.08, 0.01],
						"0.3667": [0, -0.06, 0.02],
						"0.4": [0, -0.01, 0.04],
						"0.4333": [0, -0.01, 0.04],
						"0.4667": [0, 0, 0.02],
						"0.5": [0, 0, 0.01],
						"0.5333": [0, 0, 0],
						"0.5667": [0, 0, 0],
						"0.6": [0, 0, 0]
					}
				},
				"rotate2": {
					"rotation": {
						"0.0": [0, 0, 0],
						"0.0667": [0, 0, -7.5],
						"0.1333": [0, 0, 3.875],
						"0.2": [0, 0, -2.5],
						"0.3333": [0, 0, 1.775],
						"0.4667": [0, 0, -0.475],
						"0.6": [0, 0, 0]
					}
				},
				"chain_anim": {
					"rotation": {
						"0.0": [0, 0, 12.5],
						"0.0667": [0, 0, 0],
						"0.1333": [0, 0, 4],
						"0.2": [0, 0, -2.5],
						"0.3333": [0, 0, 3.5],
						"0.4333": [0, 0, 0]
					},
					"position": {
						"0.0": [0.325, 0, 0],
						"0.0667": [0, 0, 0],
						"0.1333": [0.15, 0.225, 0],
						"0.2": [-0.10625, -0.0325, 0],
						"0.3333": [0.0375, 0.1125, 0],
						"0.4333": [0, 0, 0]
					}
				}
			},
			"particle_effects": {
				"0.0": {
					"effect": "krep.amrmuzzleflash",
					"locator": "muzzleminimi"
				}
			}
		},
		"animation.minimi.shoot.nsight": {
			"animation_length": 0.8951,
			"bones": {
				"waist": {
					"rotation": {
						"0.0": [0, 0, 0],
						"0.1231": [-2.5, 0, 0],
						"0.2308": [0, 0, 0],
						"0.3846": [0, 0, 0]
					},
					"position": {
						"0.0": [0, 0, 0],
						"0.0769": [0, 0.1, 2.3],
						"0.2308": [0, 0, 0.6],
						"0.3846": [0, 0, 0]
					}
				},
				"root2": {
					"rotation": {
						"0.0": [0, 0, 0],
						"0.0308": [1.08, 0, -1.4],
						"0.0615": [-1.84, 0, 1.23],
						"0.0923": [-1.92, 0, 0.21],
						"0.1231": [-1.4, 0, -0.92],
						"0.1538": [-0.81, 0, -0.57],
						"0.1846": [-0.07, 0, 0.21],
						"0.2154": [0.4, 0, 0.7],
						"0.2462": [0.42, 0, 0.65],
						"0.2769": [0.3, 0, 0.42],
						"0.3077": [0.11, 0, 0.13],
						"0.3385": [-0.08, 0, -0.15],
						"0.3692": [-0.17, 0, -0.3],
						"0.4": [-0.17, 0, -0.31],
						"0.4308": [-0.11, 0, -0.23],
						"0.4615": [-0.02, 0, -0.11],
						"0.4923": [0.06, 0, 0.01],
						"0.5231": [0.11, 0, 0.08],
						"0.5538": [0.11, 0, 0.09],
						"0.5846": [0.1, 0, 0.07],
						"0.6154": [0.08, 0, 0.05],
						"0.6462": [0.05, 0, 0.02],
						"0.6769": [0.04, 0, 0],
						"0.7077": [0.03, 0, 0],
						"0.7385": [0.02, 0, -0.01],
						"0.7692": [0.01, 0, 0],
						"0.8": [0, 0, 0],
						"0.8308": [0, 0, 0]
					},
					"position": {
						"0.0": [0, 0, 0],
						"0.0308": [0, -0.1, 1.9],
						"0.0615": [0, -0.1, 2.1],
						"0.0923": [0, -0.09, 1.3],
						"0.1231": [0, -0.06, 0.17],
						"0.1538": [0, -0.05, -0.57],
						"0.1846": [0, -0.05, -0.62],
						"0.2154": [0, -0.04, -0.38],
						"0.2462": [0, -0.04, -0.07],
						"0.2769": [0, -0.05, 0.13],
						"0.3077": [0, -0.06, 0.15],
						"0.3385": [0, -0.07, 0.13],
						"0.3692": [0, -0.09, 0.08],
						"0.4": [0, -0.1, 0.03],
						"0.4308": [0, -0.11, 0],
						"0.4615": [0, -0.1, 0],
						"0.4923": [0, -0.08, 0.01],
						"0.5231": [0, -0.06, 0.02],
						"0.5538": [0, -0.03, 0.04],
						"0.5846": [0, -0.01, 0.04],
						"0.6154": [0, -0.01, 0.04],
						"0.6462": [0, 0, 0.03],
						"0.6769": [0, 0, 0.02],
						"0.7077": [0, 0, 0.01],
						"0.7385": [0, 0, 0.01],
						"0.7692": [0, 0, 0],
						"0.8": [0, 0, 0],
						"0.8308": [0, 0, 0],
						"0.8615": [0, 0, 0],
						"0.8923": [0, 0, 0]
					}
				},
				"root3": {
					"rotation": {
						"0.0": [0, 0, 0],
						"0.0308": [1.08, 0, -1.4],
						"0.0615": [-1.84, 0, 1.23],
						"0.0923": [-1.4, 0, -0.92],
						"0.1231": [-0.81, 0, -0.57],
						"0.1538": [-0.07, 0, 0.21],
						"0.1846": [0.4, 0, 0.7],
						"0.2154": [0.42, 0, 0.65],
						"0.2462": [0.11, 0, 0.13],
						"0.2769": [-0.08, 0, -0.15],
						"0.3077": [-0.17, 0, -0.3],
						"0.3385": [-0.17, 0, -0.31],
						"0.3692": [-0.02, 0, -0.11],
						"0.4": [0.06, 0, 0.01],
						"0.4308": [0.11, 0, 0.08],
						"0.4615": [0.11, 0, 0.09],
						"0.4923": [0.08, 0, 0.05],
						"0.5231": [0.05, 0, 0.02],
						"0.5538": [0.04, 0, 0],
						"0.5846": [0.03, 0, 0],
						"0.6154": [0.01, 0, 0],
						"0.6462": [0, 0, 0],
						"0.6769": [0, 0, 0]
					},
					"position": {
						"0.0": [0, 0, 0],
						"0.0308": [0, -0.1, 1.9],
						"0.0615": [0, -0.1, 2.1],
						"0.0923": [0, -0.09, 1.3],
						"0.1231": [0, -0.05, -0.57],
						"0.1538": [0, -0.05, -0.62],
						"0.1846": [0, -0.04, -0.38],
						"0.2154": [0, -0.05, 0.13],
						"0.2462": [0, -0.06, 0.15],
						"0.2769": [0, -0.07, 0.13],
						"0.3077": [0, -0.09, 0.08],
						"0.3385": [0, -0.11, 0],
						"0.3692": [0, -0.1, 0],
						"0.4": [0, -0.08, 0.01],
						"0.4308": [0, -0.06, 0.02],
						"0.4615": [0, -0.01, 0.04],
						"0.4923": [0, -0.01, 0.04],
						"0.5231": [0, 0, 0.03],
						"0.5538": [0, 0, 0.02],
						"0.5846": [0, 0, 0.01],
						"0.6154": [0, 0, 0],
						"0.6462": [0, 0, 0],
						"0.6769": [0, 0, 0],
						"0.7077": [0, 0, 0]
					}
				},
				"rotate2": {
					"rotation": {
						"0.0": [0, 0, 0],
						"0.0615": [0, 0, -7.5],
						"0.1538": [0, 0, 3.875],
						"0.2462": [0, 0, -2.5],
						"0.3692": [0, 0, 1.775],
						"0.5231": [0, 0, -0.475],
						"0.6769": [0, 0, 0]
					}
				},
				"chain_anim": {
					"rotation": {
						"0.0": [0, 0, 12.5],
						"0.0923": [0, 0, 0],
						"0.1538": [0, 0, 4],
						"0.2462": [0, 0, -2.5],
						"0.3692": [0, 0, 3.5],
						"0.4923": [0, 0, 0]
					},
					"position": {
						"0.0": [0.325, 0, 0],
						"0.0923": [0, 0, 0],
						"0.1538": [0.15, 0.225, 0],
						"0.2462": [-0.10625, -0.0325, 0],
						"0.3692": [0.0375, 0.1125, 0],
						"0.4923": [0, 0, 0]
					}
				}
			},
			"particle_effects": {
				"0.0": {
					"effect": "krep.amrmuzzleflash",
					"locator": "muzzleminimi"
				}
			}
		},
		"animation.minimi.muzzleflash.1": {
			"animation_length": 0.05,
			"bones": {
				"muzzleflash": {
					"position": [0, 0, -76],
					"scale": 1
				},
				"muzzleflashfront": {
					"position": [0, 0, -8],
					"scale": [1.4, 1.4, 2.5]
				}
			}
		},
		"animation.minimi.muzzleflash.2": {
			"animation_length": 0.05,
			"bones": {
				"muzzleflash": {
					"position": [0, 0, -76],
					"scale": 1
				},
				"muzzleflashfront": {
					"position": [0, 0, -8],
					"scale": [1.4, 1.4, 2.5]
				},
				"muzzlestar": {
					"rotation": [0, 0, 45]
				}
			}
		},
		"animation.minimi.fp.new": {
			"loop": true,
			"bones": {
				"righthand_pos2": {
					"position": [0, 0, 0]
				}
			}
		},
		"animation.minimi.tp.hold": {
			"loop": "hold_on_last_frame",
			"bones": {
				"leftArm": {
					"rotation": [-97.06363, 22.56676, -25.06858],
					"position": [-3, -1, -2],
					"scale": [1, 1.2, 1]
				},
				"rightArm": {
					"rotation": [-80.03852, -9.99038, 0.44067],
					"position": [0, 0, 2]
				},
				"M249": {
					"position": [-4, 22, -12],
					"scale": 0.8
				},
				"muzzleflash": {
					"scale": 0
				},
				"bone": {
					"rotation": [0, -180, 0],
					"position": [-8, 3, -26],
					"scale": [0.7, 0.7, 0.6]
				},
				"lefthand_pos2": {
					"position": [0, 455, 0]
				},
				"righthand_pos2": {
					"position": [0, 416, 0]
				}
			}
		},
		"animation.minimi.tp.sight": {
			"loop": "hold_on_last_frame",
			"bones": {
				"leftArm": {
					"rotation": [-97.06363, 22.56676, -25.06858],
					"position": [-3, -1, -2],
					"scale": [1, 1.2, 1]
				},
				"rightArm": {
					"rotation": [-80.03852, -9.99038, 0.44067],
					"position": [0, 0, 2]
				},
				"M249": {
					"position": [-4, 22, -12],
					"scale": 0.8
				},
				"muzzleflash": {
					"scale": 0
				},
				"bone": {
					"rotation": [0, -180, 0],
					"position": [-8, 3, -26],
					"scale": [0.7, 0.7, 0.6]
				},
				"lefthand_pos2": {
					"position": [0, 455, 0]
				},
				"righthand_pos2": {
					"position": [0, 416, 0]
				}
			}
		}
	}
}