{
  "format_version": "1.20.30",
  "minecraft:item": {
    "description": {
      "identifier": "krep:bren_emp",
      "menu_category": {
        "category": "equipment"
      }
    },
    "components": {
      "minecraft:stacked_by_data": true,
      "minecraft:hand_equipped": true,
      "minecraft:max_stack_size": 1,
      "minecraft:use_duration": 999999,
      "minecraft:can_destroy_in_creative": false,
      "minecraft:food": {
        "can_always_eat": true
      },
      "minecraft:cooldown": {
        "category": "chorusfruit",
        "duration": 0
      },
      "minecraft:icon": {
        "texture": "bren"
      },
      "minecraft:display_name": {
        "value": "SMR Bren .300 British Empty"
      },
      "minecraft:creative_category": {
        "parent": "equipment"
      },
      "minecraft:chargeable": {
        "movement_modifier": 1.0
      }
    }
  }
}