{
	"format_version": "1.13",
	"minecraft:entity": {
		"description": {
			"identifier": "bullet:spr2sight",
			"is_spawnable": false,
			"is_summonable": true,
			"is_experimental": false,
			"runtime_identifier": "minecraft:snowball"
		},
		"components": {
			"minecraft:collision_box": {
				"width": 0.3,
				"height": 0.3
			},
			"minecraft:explode": {
				"fuseLength": 8,
				"fuse_lit": true,
				"power": 0,
				"fire_affected_by_griefing": true,
				"destroy_affected_by_griefing": true
			},
			"minecraft:type_family": {
				"family": [
					"127mm",
					"bullet"
				]
			},
			"minecraft:projectile": {
				"on_hit": {
					"impact_damage": {
						"damage": 1000,
						"knockback": true,
						"destroy_on_hit": false
					}
				},
				"multiple_targets": true,
				"stop_on_hurt": false,
				"uncertaintyBase": 0.2,
				"power": 74.3,
				"offset": [
					0,
					0,
					0
				],
				"inertia": 1,
				"gravity": 0.02,
				"anchor": 1
			},
			"minecraft:physics": {}
		}
	}
}