{
	"format_version": "1.10.0",
	"animation_controllers": {
		"controller.animation.ss1v1.fp": {
			"initial_state": "hold",
			"states": {
				"hold": {
					"blend_transition": 0.1,
					"blend_via_shortest_path": true,
					"animations": [
						{
							"ss1v1_fp_hold": "variable.ss1v1"
						}
					],
					"transitions": [
						{
							"sprint": "variable.ss1v1&&query.is_sprinting&&!q.is_using_item"
						},
						{
							"reload": "variable.ss1v1emp&&query.mark_variant==1"
						},
						{
							"sight": "variable.ss1v1&&query.is_sneaking&&q.property('krep:ss1scope')!=1&&q.property('krep:ss1scope')!=0"
						},
						{
							"hold": "!variable.ss1v1"
						}
					]
				},
				"sprint": {
					"blend_transition": 0.1,
					"blend_via_shortest_path": true,
					"animations": [
						{
							"ss1v1_fp_sprint": "variable.ss1v1"
						}
					],
					"transitions": [
						{
							"hold": "variable.ss1v1&&!query.is_sprinting"
						},
						{
							"hold": "variable.ss1v1&&q.is_using_item"
						},
						{
							"reload": "variable.ss1v1emp&&query.mark_variant==1"
						},
						{
							"hold": "!variable.ss1v1"
						},
						{
							"sight": "variable.ss1v1&&query.is_sneaking&&q.property('krep:ss1scope')!=1&&q.property('krep:ss1scope')!=0"
						}
					]
				},
				"reload": {
					"blend_transition": 0.1,
					"blend_via_shortest_path": true,
					"animations": [
						{
							"ss1v1_fp_reload": "variable.ss1v1"
						}
					],
					"transitions": [
						{
							"hold": "variable.ss1v1&&query.all_animations_finished"
						},
						{
							"hold": "!variable.ss1v1"
						}
					]
				},
				"sight": {
					"blend_transition": 0.1,
					"blend_via_shortest_path": true,
					"animations": [
						{
							"ss1v1_fp_sight": "variable.ss1v1&&q.property('krep:ss1scope')==2"
						},
						{
							"ss1v1_fp_sight_holo512": "variable.ss1v1&&q.property('krep:ss1scope')==3"
						}
					],
					"transitions": [
						{
							"hold": "variable.ss1v1&&!query.is_sneaking"
						},
						{
							"hold": "!variable.ss1v1"
						},
						{
							"reload": "variable.ss1v1emp&&query.mark_variant==1"
						}
					]
				}
			}
		},
		"controller.animation.gunwalking.ss1v1": {
			"initial_state": "setup",
			"states": {
				"setup": {
					"blend_transition": 0.1,
					"blend_via_shortest_path": true,
					"animations": [
						{
							"gunwalk_delay": "variable.ss1v1"
						}
					],
					"transitions": [
						{
							"walking": "variable.ss1v1&&query.is_moving&&!q.is_sneaking&&q.any_animation_finished"
						}
					]
				},
				"walking": {
					"blend_transition": 0.5,
					"blend_via_shortest_path": true,
					"animations": [
						{
							"gunwalk": "variable.ss1v1"
						}
					],
					"transitions": [
						{
							"setup": "!query.is_moving"
						},
						{
							"setup": "!variable.ss1v1"
						},
						{
							"setup": "q.is_sneaking"
						}
					]
				}
			}
		}
	}
}