{
	"format_version": "1.13",
	"minecraft:entity": {
		"description": {
			"identifier": "bullet:ss2v1nsight",
			"is_spawnable": false,
			"is_summonable": true,
			"is_experimental": false,
			"runtime_identifier": "minecraft:snowball"
		},
		"component_groups": {
			"bullet:normal": {
				"minecraft:projectile": {
					"on_hit": {
						"impact_damage": {
							"damage": 79,
							"knockback": false
						},
						"remove_on_hit": {},
						"stick_in_ground": {
							"shake_time": 0
						}
					},
					"uncertaintyBase": 6.4,
					"power": 33.5,
					"offset": [
						0,
						0,
						0
					],
					"inertia": 1,
					"liquid_inertia": 0.0001,
					"should_bounce": true,
					"gravity": 0.132,
					"anchor": 1
				}
			},
			"bullet:hb": {
				"minecraft:projectile": {
					"on_hit": {
						"impact_damage": {
							"damage": 85,
							"knockback": true
						},
						"remove_on_hit": {},
						"stick_in_ground": {
							"shake_time": 0
						}
					},
					"uncertaintyBase": 9.2,
					"power": 50.2,
					"offset": [
						0,
						0,
						0
					],
					"inertia": 1,
					"liquid_inertia": 0.0001,
					"should_bounce": true,
					"gravity": 0.08,
					"anchor": 1
				}
			},
			"bullet:karbin": {
				"minecraft:projectile": {
					"on_hit": {
						"impact_damage": {
							"damage": 80,
							"knockback": false
						},
						"remove_on_hit": {},
						"stick_in_ground": {
							"shake_time": 0
						}
					},
					"uncertaintyBase": 2.3,
					"power": 25.6,
					"offset": [
						0,
						0,
						0
					],
					"liquid_inertia": 0.0001,
					"inertia": 1,
					"should_bounce": true,
					"gravity": 0.157,
					"anchor": 1
				}
			}
		},
		"components": {
			"minecraft:collision_box": {
				"width": 0.1,
				"height": 0.1
			},
			"minecraft:type_family": {
				"family": [
					"bullet"
				]
			},
			"minecraft:break_blocks": {
				"breakable_blocks": [
					"glass",
					"glass_pane",
					"stained_glass",
					"stained_glass_pane",
					"wheat"
				]
			},
			"minecraft:explode": {
				"fuseLength": 4,
				"fuse_lit": true,
				"power": 0,
				"fire_affected_by_griefing": true,
				"destroy_affected_by_griefing": true
			},
			"minecraft:physics": {}
		},
		"events": {
			"bullet:normal": {
				"add": {
					"component_groups": [
						"bullet:normal"
					]
				}
			},
			"bullet:hb": {
				"add": {
					"component_groups": [
						"bullet:hb"
					]
				}
			},
			"bullet:karbin": {
				"add": {
					"component_groups": [
						"bullet:karbin"
					]
				}
			}
		}
	}
}