{
	"format_version": "1.10.0",
	"animation_controllers": {
		"controller.animation.ak101.muzzleflash": {
			"initial_state": "setup",
			"states": {
				"setup": {
					"transitions": [
						{
							"shoot.fixed": "v.ak101b&&q.is_using_item"
						}
					]
				},
				"shoot.fixed": {
					"animations": [
						{
							"delay_shoot": "query.is_using_item"
						}
					],
					"transitions": [
						{
							"shoot.full": "v.ak101b&&q.is_using_item&&query.all_animations_finished"
						}
					]
				},
				"shoot.full": {
					"on_entry": [
						"v.random=math.random_integer(1,2);"
					],
					"animations": [
						{
							"ak101_muzzleflash_1": "v.random==1"
						},
						{
							"ak101_muzzleflash_2": "v.random==2"
						}
					],
					"transitions": [
						{
							"setup": "v.ak101&&q.any_animation_finished"
						}
					]
				}
			}
		}
	}
}