{
	"format_version": "1.8.0",
	"animations": {
		"animation.spr2.tp.hold": {
			"loop": true,
			"bones": {
				"leftArm": {
					"rotation": [-96.74957, 29.82676, -6.00348],
					"position": [0, 0, -1]
				},
				"rightArm": {
					"rotation": [-97.5, -17.5, 0],
					"position": [0, -0.7, 0]
				},
				"bone26": {
					"position": [-3, 26, -13],
					"scale": 0.5
				},
				"scope": {
					"scale": 0
				},
				"leftbipod": {
					"rotation": [-90, 22.5, 0]
				},
				"bipodright": {
					"rotation": [-90, -22.5, 0]
				},
				"bone2": {
					"rotation": [0, -180, 0],
					"position": [-1, 5, -34],
					"scale": [0.8, 0.7, 0.5]
				},
				"righthand_pos2": {
					"position": [0, 918, 0]
				},
				"lefthand_pos2": {
					"position": [0, 615, 0]
				}
			}
		},
		"animation.spr2.tp.scope": {
			"loop": true,
			"bones": {
				"leftArm": {
					"rotation": [-96.74957, 29.82676, -6.00348],
					"position": [0, 0, -1]
				},
				"rightArm": {
					"rotation": [-97.5, -17.5, 0],
					"position": [0, -0.7, 0]
				},
				"bone26": {
					"position": [-3, 26, -13],
					"scale": 0.5
				},
				"scope": {
					"scale": 0
				},
				"leftbipod": {
					"rotation": [-90, 22.5, 0]
				},
				"bipodright": {
					"rotation": [-90, -22.5, 0]
				},
				"bone2": {
					"rotation": [0, -180, 0],
					"position": [-1, 5, -34],
					"scale": [0.8, 0.7, 0.5]
				},
				"righthand_pos2": {
					"position": [0, 918, 0]
				},
				"lefthand_pos2": {
					"position": [0, 615, 0]
				}
			}
		}
	}
}