{
	"format_version": "1.10.0",
	"animations": {
		"animation.ballista.shoot": {
			"loop": false,
			"animation_length": 1.70,
			"timeline": {}
		},
		"animation.ballista.reload": {
			"loop": "hold_on_last_frame",
			"animation_length": 3.05,
			"timeline": {
				"0": [
					"/camerashake add @s 0.0125 0.45 rotational"
				],
				"0.001": [
					"/title @s actionbar \n------\n§l Reloading..."
				],
				"0.45": [
					"/camerashake add @s 0.0255 0.15 rotational"
				],
				"0.6": [
					"/camerashake add @s 0.0125 1 rotational"
				],
				"1.6": [
					"/camerashake add @s 0.0255 0.3 rotational"
				],
				"1.9": [
					"/camerashake add @s 0.0125 0.25 rotational"
				],
				"2.15": [
					"/camerashake add @s 0.0255 0.25 rotational"
				],
				"2.5": [
					"/camerashake add @s 0.0255 0.3 rotational"
				],
				"2.8": [
					"/camerashake add @s 0.0125 0.45 rotational"
				],
				"2.9": [
					"/clear @s[m=!c] krep:mm128 0 1"
				],
				"2.975": [
					"/replaceitem entity @s slot.weapon.mainhand 0 krep:ballista 1 0"
				],
				"3.0": [
					"/title @s actionbar \n------\n§l 10/10"
				]
			}
		}
	}
}