{
	"format_version": "1.10.0",
	"animations": {
		"animation.deagle.shoot": {
			"loop": true,
			"animation_length": 0.4,
			"timeline": {}
		},
		"animation.deagle.reload": {
			"loop": "hold_on_last_frame",
			"animation_length": 1.9,
			"timeline": {
				"0": [
					"/camerashake add @s 0.0255 0.4 rotational"
				],
				"1": [
					"/camerashake add @s 0.0125 0.35 rotational"
				],
				"0.001": [
					"/title @s actionbar \n------\n§l Reloading..."
				],
				"0.4": [
					"/camerashake add @s 0.0125 0.45 rotational"
				],
				"0.85": [
					"/camerashake add @s 0.0255 0.15 rotational"
				],
				"1.35": [
					"/camerashake add @s 0.0255 0.15 rotational"
				],
				"1.5": [
					"/camerashake add @s 0.0125 0.425 rotational"
				],
				"1.775": [
					"/replaceitem entity @s slot.weapon.mainhand 0 krep:deagle 1 0",
					"/title @s actionbar \n------\n§l 8/8"
				],
				"1.825": [
					"/clear @s[m=!c] krep:50ae 0 1"
				]
			}
		}
	}
}