{
	"format_version": "1.10.0",
	"animations": {
		"animation.minimi.shoot": {
			"loop": false,
			"animation_length": 0,
			"timeline": {}
		},
		"animation.minimi.reload": {
			"loop": false,
			"animation_length": 5.0333,
			"timeline": {
				"0": [
					"/camerashake add @s 0.0125 0.3 rotational"
				],
				"0.001": [
					"/title @s actionbar \n------\n§l Reloading..."
				],
				"0.3": [
					"/camerashake add @s 0.0175 0.7 rotational"
				],
				"1.0": [
					"/camerashake add @s 0.0125 0.9 rotational"
				],
				"1.9": [
					"/camerashake add @s 0.0255 0.3 rotational"
				],
				"2.2": [
					"/camerashake add @s 0.0125 0.5 rotational"
				],
				"2.7": [
					"/camerashake add @s 0.0175 0.5 rotational"
				],
				"3.2": [
					"/camerashake add @s 0.0125 1.1 rotational"
				],
				"4.3": [
					"/camerashake add @s 0.0255 0.3 rotational"
				],
				"4.6": [
					"/camerashake add @s 0.0125 0.65 rotational"
				],
				"4.8": [
					"/clear @s[m=!c] krep:mm556 0 1"
				],
				"1.86": [
					"@s krep:minimifullreload"
				],
				"4.97": [
					"/replaceitem entity @s slot.weapon.mainhand 1 krep:minimi 1 0"
				],
				"5.0": [
					"/title @s actionbar \n------\n§l 100/100"
				]
			}
		},
		"animation.minimi.reload1": {
			"loop": false,
			"animation_length": 6,
			"timeline": {
				"4.8": [
					"/clear @s[m=!c] krep:mm556 0 3"
				],
				"1.86": [
					"@s krep:minimifullreload"
				],
				"5.3167": [
					"/replaceitem entity @s slot.weapon.mainhand 1 krep:minimi 1 0"
				]
			}
		},
		"animation.minimi.reload2": {
			"loop": false,
			"animation_length": 6,
			"timeline": {
				"4.8": [
					"/clear @s[m=!c] krep:mm556 0 2"
				],
				"1.86": [
					"@s krep:minimifullreload"
				],
				"5.3167": [
					"/replaceitem entity @s slot.weapon.mainhand 1 krep:minimi 1 0"
				]
			}
		},
		"animation.minimi.reload3": {
			"loop": false,
			"animation_length": 6,
			"timeline": {
				"4.8": [
					"/clear @s[m=!c] krep:mm556 0 1"
				],
				"1.86": [
					"@s krep:minimifullreload"
				],
				"5.3167": [
					"/replaceitem entity @s slot.weapon.mainhand 1 krep:minimi 1 0"
				]
			}
		}
	}
}