{
	"format_version": "1.10.0",
	"animations": {
		"animation.pm3.shoot": {
			"loop": false,
			"animation_length": 0.1,
			"timeline": {}
		},
		"animation.pm3.reload": {
			"loop": "hold_on_last_frame",
			"animation_length": 3.0417,
			"timeline": {
				"0.0": [
					"/camerashake add @s 0.0125 0.1 rotational"
				],
				"0.001": [
					"/title @s actionbar \n------\n§l Reloading..."
				],
				"0.1": [
					"/camerashake add @s 0.0255 0.4 rotational"
				],
				"0.5": [
					"/camerashake add @s 0.0125 0.4 rotational"
				],
				"0.9": [
					"/camerashake add @s 0.0255 0.3 rotational"
				],
				"1.2": [
					"/camerashake add @s 0.0125 0.6 rotational"
				],
				"1.8": [
					"/camerashake add @s 0.0255 0.3 rotational"
				],
				"2.1": [
					"/camerashake add @s 0.0125 0.3 rotational"
				],
				"2.4": [
					"/camerashake add @s 0.0255 0.2 rotational"
				],
				"2.6": [
					"/camerashake add @s 0.0125 0.65 rotational"
				],
				"2.985": [
					"/replaceitem entity @s slot.weapon.mainhand 0 krep:pm3 1 0",
					"/clear @s[m=!c] krep:mm9 0 1"
				],
				"3.0": [
					"/title @s actionbar \n------\n§l 17/17"
				]
			}
		}
	}
}