{
	"format_version": "1.10.0",
	"animations": {
		"animation.spr2.shoot": {
			"loop": false,
			"animation_length": 1.0417,
			"timeline": {}
		},
		"animation.spr2.reload": {
			"loop": "hold_on_last_frame",
			"animation_length": 3.77835,
			"timeline": {
				"0": [
					"/camerashake add @s 0.0125 0.7 rotational"
				],
				"0.001": [
					"/title @s actionbar \n------\n§l Reloading..."
				],
				"0.7": [
					"/camerashake add @s 0.0175 0.3 rotational"
				],
				"1.0": [
					"/camerashake add @s 0.0255 0.2 rotational"
				],
				"1.2": [
					"/camerashake add @s 0.0125 0.8 rotational"
				],
				"2.0": [
					"/camerashake add @s 0.0255 0.4 rotational"
				],
				"2.4": [
					"/camerashake add @s 0.0125 0.37 rotational"
				],
				"2.77": [
					"/camerashake add @s 0.0125 0.23 rotational"
				],
				"3.0": [
					"/camerashake add @s 0.0125 0.55 rotational"
				],
				"3.4": [
					"/clear @s[m=!c] krep:mm127 0 1"
				],
				"3.75": [
					"/title @s actionbar \n------\n§l 5/5"
				],
				"3.77835": [
					"/replaceitem entity @s slot.weapon.mainhand 0 krep:spr2 1 0"
				]
			}
		}
	}
}