{
	"format_version": "1.10.0",
	"animations": {
		"animation.ss1v1.shoot": {
			"loop": false,
			"animation_length": 0.00,
			"timeline": {}
		},
		"animation.ss1v1.reload": {
			"loop": false,
			"animation_length": 2.6667,
			"timeline": {
				"0": [
					"/camerashake add @s 0.0125 0.4 rotational"
				],
				"0.001": [
					"/title @s actionbar \n------\n§l Reloading..."
				],
				"0.4": [
					"/camerashake add @s 0.0255 0.2 rotational"
				],
				"0.6": [
					"/camerashake add @s 0.0125 0.4 rotational"
				],
				"1.0": [
					"/camerashake add @s 0.0255 0.2 rotational"
				],
				"1.2": [
					"/camerashake add @s 0.0125 0.33 rotational"
				],
				"1.53": [
					"/camerashake add @s 0.0255 0.47 rotational"
				],
				"2.0": [
					"/camerashake add @s 0.0125 0.45 rotational"
				],
				"2.1": [
					"/clear @s[m=!c] krep:mm762 0 1"
				],
				"2.58333": [
					"/replaceitem entity @s slot.weapon.mainhand 1 krep:ss1v1 1 0",
					"/title @s actionbar \n------\n§l 30/30"
				]
			}
		}
	}
}