{
	"format_version": "1.13",
	"minecraft:entity": {
		"description": {
			"identifier": "bullet:spr2nsight",
			"is_spawnable": false,
			"is_summonable": true,
			"is_experimental": false,
			"runtime_identifier": "minecraft:snowball"
		},
		"components": {
			"minecraft:collision_box": {
				"width": 0.3,
				"height": 0.3
			},
			"minecraft:type_family": {
				"family": [
					"127mm",
					"bullet"
				]
			},
			"minecraft:explode": {
				"fuseLength": 8,
				"fuse_lit": true,
				"power": 0,
				"fire_affected_by_griefing": true,
				"destroy_affected_by_griefing": true
			},
			"minecraft:break_blocks": {
				"breakable_blocks": [
					"glass",
					"glass_pane",
					"stained_glass",
					"stained_glass_pane",
					"wheat"
				]
			},
			"minecraft:projectile": {
				"on_hit": {
					"impact_damage": {
						"damage": 1000,
						"knockback": true
					}
				},
				"multiple_targets": true,
				"uncertaintyBase": 10,
				"power": 74.3,
				"offset": [
					0,
					0,
					0
				],
				"inertia": 1,
				"should_bounce": true,
				"gravity": 0.0264,
				"anchor": 1
			},
			"minecraft:physics": {}
		}
	}
}