{
  "format_version": "1.20.30",
  "minecraft:item": {
    "description": {
      "identifier": "krep:ss1v1_emp",
      "menu_category": {
        "category": "equipment"
      }
    },
    "components": {
      "minecraft:stacked_by_data": true,
      "minecraft:hand_equipped": true,
      "minecraft:max_stack_size": 1,
      "minecraft:use_duration": 999999,
      "minecraft:can_destroy_in_creative": false,
      "minecraft:food": {
        "can_always_eat": true
      },
      "minecraft:cooldown": {
        "category": "chorusfruit",
        "duration": 0
      },
      "minecraft:icon": {
        "texture": "ss1v1"
      },
      "minecraft:display_name": {
        "value": "AKM\n§7From jungles to bays is always present§f\n§e§l7.62×39 Bullet§r\n§f§7Type: §sAssault Rifle\n§f§7Fire Mode: §sfull-Auto\n§f§7Bullets: §s30\n\n§o§1TAC Zero Default Pack"
      },
      "minecraft:creative_category": {
        "parent": "equipment"
      },
      "minecraft:chargeable": {
        "movement_modifier": 1.0
      }
    }
  }
}