{
  "resource_pack_name": "M2543",
  "texture_name": "atlas.items",
  "texture_data": {
    "ak101": {
      "textures": "textures/items/ak101"
    },
    "ss2v1": {
      "textures": "textures/items/ss2v1"
    },
    "ss1v1": {
      "textures": "textures/items/ss1v1"
    },
    "d5": {
      "textures": "textures/items/d5"
    },
    "d7ch": {
      "textures": "textures/items/d7ch"
    },
    "minimi": {
      "textures": "textures/items/minimi"
    },
    "g2elite": {
      "textures": "textures/items/g2elite"
    },
    "pm3": {
      "textures": "textures/items/pm3"
    },
    "spr2": {
      "textures": "textures/items/spr2"
    },
    "ballista": {
      "textures": "textures/items/ballista"
    },
    "556mm": {
      "textures": "textures/items/556mm"
    },
    "762mm": {
      "textures": "textures/items/762mm"
    },
    "9mm": {
      "textures": "textures/items/9mm"
    },
    "127mm": {
      "textures": "textures/items/127mm"
    },
     "12Gauge": {
      "textures": "textures/items/12Gauge"
    },
     "338Lapua": {
      "textures": "textures/items/338Lapua"
    },
    "deagle": {
      "textures": "textures/items/deagle"
    },
    "50ae": {
      "textures": "textures/items/50ae"
    },
    "blueprint": {
      "textures": "textures/items/blueprint"
    },
    "armor_defenderchestplate": {
      "textures": "textures/items/defenderchestplate"
    },
    "armor_defenderhelmet": {
      "textures": "textures/items/defenderhelmet"
    },
    "armor_defenderleggings": {
      "textures": "textures/items/defenderleggings"
    },
    "armor_defenderboots": {
      "textures": "textures/items/defenderboots"
    },
    "cooked_flesh": {
      "textures": "textures/items/cooked_flesh"
    },
    "sulfur_powder": {
     "textures":"textures/items/sulfur_powder"
    }
  }
}