{
	"format_version": "1.10.0",
	"animation_controllers": {
		"controller.animation.ss2v1": {
			"initial_state": "setup",
			"states": {
				"setup": {
					"transitions": [
						{
							"ss2v1.30": "(query.get_equipped_item_name=='ss2v1'&&query.is_using_item&&q.property('krep:ss2grip')=='spg2'&&!q.is_sneaking&&q.property('krep:ss2glreload')!=2)||(query.get_equipped_item_name=='ss2v1'&&query.is_using_item&&q.property('krep:ss2grip')!='spg2')"
						},
						{
							"reload": "query.get_equipped_item_name=='ss2v1_emp'&&query.mark_variant==3&&query.is_using_item&&q.property('krep:ss2glreload')!=2"
						}
					]
				},
				"ss2v1.30": {
					"animations": [
						{
							"ss2v1shoot": "q.property('krep:ss2barrel') != 'hb'"
						},
						{
							"ss2v1shoot": "q.property('krep:ss2barrel') == 'hb' && !q.is_using_item"
						}
					],
					"transitions": [
						{
							"delay.29": "query.any_animation_finished"
						}
					],
					"on_entry": [
						"@s krep:ss2v1",
						"@s krep:ss2recoil_grip",
						"@s krep:ss2recoil_stock",
						"@s krep:ss2barrel_shoot",
						"/title @s actionbar \n------\n§l 1/2",
						"@s krep:ss2_sound"
					]
				},
				"delay.29": {
					"transitions": [
						{
							"ss2v1.29": "(query.get_equipped_item_name=='ss2v1'&&query.is_using_item&&q.property('krep:ss2grip')=='spg2'&&!q.is_sneaking&&q.property('krep:ss2glreload')!=2)||(query.get_equipped_item_name=='ss2v1'&&query.is_using_item&&q.property('krep:ss2grip')!='spg2')"
						},
						{
							"reload": "query.get_equipped_item_name=='ss2v1_emp'&&query.mark_variant==3&&query.is_using_item&&q.property('krep:ss2glreload')!=2"
						}
					]
				},
				"ss2v1.29": {
					"animations": [
						{
							"ss2v1shoot": "q.property('krep:ss2barrel') != 'hb'"
						},
						{
							"ss2v1shoot": "q.property('krep:ss2barrel') == 'hb' && !q.is_using_item"
						}
					],
					"transitions": [
						{
							"delay.27": "query.any_animation_finished"
						}
					],
					"on_entry": [
						"@s krep:ss2v1",
						"@s krep:ss2recoil_grip",
						"@s krep:ss2recoil_stock",
						"@s krep:ss2barrel_shoot",
						"/title @s actionbar \n------\n§l 0/2",
						"@s krep:ss2_sound"
					]
				},
				"delay.27": {
					"transitions": [
						{
							"ss2v1.27": "(query.get_equipped_item_name=='ss2v1'&&query.is_using_item&&q.property('krep:ss2grip')=='spg2'&&!q.is_sneaking&&q.property('krep:ss2glreload')!=2)||(query.get_equipped_item_name=='ss2v1'&&query.is_using_item&&q.property('krep:ss2grip')!='spg2')"
						},
						{
							"reload": "query.get_equipped_item_name=='ss2v1_emp'&&query.mark_variant==3&&query.is_using_item&&q.property('krep:ss2glreload')!=2"
						}
					]
				},
				"ss2v1.1": {
					"animations": [
						{
							"ss2v1shoot": "!q.is_using_item"
						}
					],
					"transitions": [
						{
							"delay.0": "query.any_animation_finished&&!q.is_using_item"
						}
					],
					"on_entry": [
						"@s krep:ss2v1",
						"@s krep:ss2recoil_grip",
						"@s krep:ss2recoil_stock",
						"@s krep:ss2barrel_shoot",
						"/title @s actionbar \n------\n§l 0/2",
						"/replaceitem entity @s slot.weapon.mainhand 0 krep:ss2v1_emp 1 0",
						"@s krep:ss2_sound"
					]
				},
				"delay.0": {
					"on_entry": [
						"/replaceitem entity @s slot.weapon.mainhand 0 krep:ss2v1_emp 1 0"
					],
					"transitions": [
						{
							"ss2v1.0": "query.get_equipped_item_name=='ss2v1_emp'&&!query.is_using_item"
						}
					]
				},
				"ss2v1.0": {
					"transitions": [
						{
							"setup": "query.get_equipped_item_name=='ss2v1'"
						},
						{
							"reload": "query.get_equipped_item_name=='ss2v1_emp'&&query.mark_variant==3&&query.is_using_item&&q.property('krep:ss2glreload')!=2"
						}
					]
				},
				"reload": {
					"animations": [
						{
							"ss2v1reload": "query.get_equipped_item_name('main_hand')=='ss2v1_emp' || query.get_equipped_item_name('main_hand')=='ss2v1'"
						}
					],
					"on_entry": [
						"@s krep:reload"
					],
					"on_exit": [
						"@s krep:noreload"
					],
					"transitions": [
						{
							"ss2v1.0": "query.get_equipped_item_name!='ss2v1_emp'||query.any_animation_finished"
						}
					]
				}
			}
		}
	}
}