{
    "format_version": "1.10.0",
    "animation_controllers": {
        "controller.animation.ak101": {
            "initial_state": "setup",
            "states": {
                "setup": {
                    "on_entry": [
                        "@s krep:noreload"
                    ],
                    "transitions": [
                        {
                            "ak101.10": "query.get_equipped_item_name=='ak101'&&query.is_using_item"
                        },
                        {
                            "reload": "query.get_equipped_item_name=='ak101_emp'&&query.mark_variant==3&&query.is_using_item"
                        }
                    ]
                },
                "ak101.10": {
                    "animations": [
                        "ak101shoot"
                    ],
                    "transitions": [
                        {
                            "delay.9": "query.all_animations_finished"
                        }
                    ],
                    "on_entry": [
                        "@s krep:ak101",
                        "@s krep:ak101recoil_grip",
                        "@s krep:ak101recoil_stock",
                        "@s krep:ak101barrel_shoot",
                        "/title @s actionbar \n------\n§l 9/10",
                        "/playsound ak101.shoot @a[r=150]"
                    ]
                },
                "delay.9": {
                    "transitions": [
                        {
                            "ak101.9": "query.get_equipped_item_name=='ak101'&&query.is_using_item"
                        }
                    ]
                },
                "ak101.9": {
                    "animations": [
                        "ak101shoot"
                    ],
                    "transitions": [
                        {
                            "delay.8": "query.all_animations_finished"
                        }
                    ],
                    "on_entry": [
                        "@s krep:ak101",
                        "@s krep:ak101recoil_grip",
                        "@s krep:ak101recoil_stock",
                        "@s krep:ak101barrel_shoot",
                        "/title @s actionbar \n------\n§l 8/10",
                        "/playsound ak101.shoot @a[r=150]"
                    ]
                },
                "delay.8": {
                    "transitions": [
                        {
                            "ak101.8": "query.get_equipped_item_name=='ak101'&&query.is_using_item"
                        }
                    ]
                },
                "ak101.8": {
                    "animations": [
                        "ak101shoot"
                    ],
                    "transitions": [
                        {
                            "delay.7": "query.all_animations_finished"
                        }
                    ],
                    "on_entry": [
                        "@s krep:ak101",
                        "@s krep:ak101recoil_grip",
                        "@s krep:ak101recoil_stock",
                        "@s krep:ak101barrel_shoot",
                        "/title @s actionba \n------\n§l 7/10",
                        "/playsound ak101.shoot @a[r=150]"
                    ]
                },
                "delay.7": {
                    "transitions": [
                        {
                            "ak101.7": "query.get_equipped_item_name=='ak101'&&query.is_using_item"
                        }
                    ]
                },
                "ak101.7": {
                    "animations": [
                        "ak101shoot"
                    ],
                    "transitions": [
                        {
                            "delay.6": "query.all_animations_finished"
                        }
                    ],
                    "on_entry": [
                        "@s krep:ak101",
                        "@s krep:ak101recoil_grip",
                        "@s krep:ak101recoil_stock",
                        "@s krep:ak101barrel_shoot",
                        "/title @s actionbar \n------\n§l 6/10",
                        "/playsound ak101.shoot @a[r=150]"
                    ]
                },
                "delay.6": {
                    "transitions": [
                        {
                            "ak101.6": "query.get_equipped_item_name=='ak101'&&query.is_using_item"
                        }
                    ]
                },
                "ak101.6": {
                    "animations": [
                        "ak101shoot"
                    ],
                    "transitions": [
                        {
                            "delay.5": "query.all_animations_finished"
                        }
                    ],
                    "on_entry": [
                        "@s krep:ak101",
                        "@s krep:ak101recoil_grip",
                        "@s krep:ak101recoil_stock",
                        "@s krep:ak101barrel_shoot",
                        "/title @s actionbar \n------\n§l 5/10",
                        "/playsound ak101.shoot @a[r=150]"
                    ]
                },
                "delay.5": {
                    "transitions": [
                        {
                            "ak101.5": "query.get_equipped_item_name=='ak101'&&query.is_using_item"
                        }
                    ]
                },
                "ak101.5": {
                    "animations": [
                        "ak101shoot"
                    ],
                    "transitions": [
                        {
                            "delay.4": "query.all_animations_finished"
                        }
                    ],
                    "on_entry": [
                        "@s krep:ak101",
                        "@s krep:ak101recoil_grip",
                        "@s krep:ak101recoil_stock",
                        "@s krep:ak101barrel_shoot",
                        "/title @s actionbar \n------\n§l 4/10",
                        "/playsound ak101.shoot @a[r=150]"
                    ]
                },
                "delay.4": {
                    "transitions": [
                        {
                            "ak101.4": "query.get_equipped_item_name=='ak101'&&query.is_using_item"
                        }
                    ]
                },
                "ak101.4": {
                    "animations": [
                        "ak101shoot"
                    ],
                    "transitions": [
                        {
                            "delay.3": "query.all_animations_finished"
                        }
                    ],
                    "on_entry": [
                        "@s krep:ak101",
                        "@s krep:ak101recoil_grip",
                        "@s krep:ak101recoil_stock",
                        "@s krep:ak101barrel_shoot",
                        "/title @s actionbar \n------\n§l 3/10",
                        "/playsound ak101.shoot @a[r=150]"
                    ]
                },
                "delay.3": {
                    "transitions": [
                        {
                            "ak101.3": "query.get_equipped_item_name=='ak101'&&query.is_using_item"
                        }
                    ]
                },
                "ak101.3": {
                    "animations": [
                        "ak101shoot"
                    ],
                    "transitions": [
                        {
                            "delay.2": "query.all_animations_finished"
                        }
                    ],
                    "on_entry": [
                        "@s krep:ak101",
                        "@s krep:ak101recoil_grip",
                        "@s krep:ak101recoil_stock",
                        "@s krep:ak101barrel_shoot",
                        "/title @s actionbar \n------\n§l 2/10",
                        "/playsound ak101.shoot @a[r=150]"
                    ]
                },
                "delay.2": {
                    "transitions": [
                        {
                            "ak101.2": "query.get_equipped_item_name=='ak101'&&query.is_using_item"
                        }
                    ]
                },
                "ak101.2": {
                    "animations": [
                        "ak101shoot"
                    ],
                    "transitions": [
                        {
                            "delay.1": "query.all_animations_finished"
                        }
                    ],
                    "on_entry": [
                        "@s krep:ak101",
                        "@s krep:ak101recoil_grip",
                        "@s krep:ak101recoil_stock",
                        "@s krep:ak101barrel_shoot",
                        "/title @s actionbar \n------\n§l 1/10",
                        "/playsound ak101.shoot @a[r=150]"
                    ]
                },
                "delay.1": {
                    "transitions": [
                        {
                            "ak101.1": "query.get_equipped_item_name=='ak101'&&query.is_using_item"
                        }
                    ]
                },
                "ak101.1": {
                    "animations": [
                        {
                            "ak101shoot": "!q.is_using_item"
                        }
                    ],
                    "transitions": [
                        {
                            "delay.0": "query.all_animations_finished&&!q.is_using_item"
                        }
                    ],
                    "on_entry": [
                        "@s krep:ak101",
                        "@s krep:ak101recoil_grip",
                        "@s krep:ak101recoil_stock",
                        "@s krep:ak101barrel_shoot",
                        "/title @s actionbar \n------\n§l 0/10",
                        "/replaceitem entity @s slot.weapon.mainhand 0 krep:ak101_emp 1 0",
                        "/playsound ak101.shoot @a[r=150]"
                    ]
                },
                "delay.0": {
                    "on_entry": [
                        "/replaceitem entity @s slot.weapon.mainhand 0 krep:ak101_emp 1 0"
                    ],
                    "transitions": [
                        {
                            "ak101.0": "query.get_equipped_item_name=='ak101_emp'&&!query.is_using_item"
                        }
                    ]
                },
                "ak101.0": {
                    "transitions": [
                        {
                            "setup": "query.get_equipped_item_name=='ak101'"
                        },
                        {
                            "reload": "query.get_equipped_item_name=='ak101_emp'&&query.mark_variant==3&&query.is_using_item"
                        }
                    ]
                },
                "reload": {
                    "animations": [
                        {
                            "ak101reload": "query.get_equipped_item_name('main_hand')=='ak101_emp' || query.get_equipped_item_name('main_hand')=='ak101'"
                        }
                    ],
                    "on_entry": [
                        "@s krep:reload"
                    ],
                    "on_exit": [
                        "@s krep:noreload"
                    ],
                    "transitions": [
                        {
                            "ak101.0": "query.get_equipped_item_name!='ak101_emp'||query.all_animations_finished"
                        }
                    ]
                }
            }
        }
    }
}
