{
	"format_version": "1.10.0",
	"animation_controllers": {
		"controller.animation.d5.fp": {
			"initial_state": "hold",
			"states": {
				"hold": {
					"blend_transition": 0.1,
					"blend_via_shortest_path": true,
					"animations": [
						{
							"d5_fp_hold": "variable.d5"
						}
					],
					"transitions": [
						{
							"sprint": "variable.d5&&query.is_sprinting&&!q.is_using_item"
						},
						{
							"reload": "variable.d5emp&&query.mark_variant==1"
						},
						{
							"sight": "variable.d5&&query.is_sneaking&&q.property('krep:d5scope')!=0&&q.property('krep:d5scope')!=1"
						},
						{
							"hold": "!variable.d5"
						}
					]
				},
				"sprint": {
					"blend_transition": 0.1,
					"blend_via_shortest_path": true,
					"animations": [
						{
							"d5_fp_sprint": "variable.d5"
						}
					],
					"transitions": [
						{
							"hold": "variable.d5&&!query.is_sprinting"
						},
						{
							"reload": "variable.d5emp&&query.mark_variant==1"
						},
						{
							"hold": "variable.d5&&q.is_using_item"
						},
						{
							"hold": "!variable.d5"
						},
						{
							"sight": "variable.d5&&query.is_sneaking&&q.property('krep:d5scope')!=0&&q.property('krep:d5scope')!=1"
						}
					]
				},
				"reload": {
					"blend_transition": 0.1,
					"blend_via_shortest_path": true,
					"animations": [
						{
							"d5_fp_reload": "variable.d5"
						}
					],
					"transitions": [
						{
							"hold": "variable.d5&&query.all_animations_finished"
						},
						{
							"hold": "!variable.d5"
						}
					]
				},
				"sight": {
					"blend_transition": 0.1,
					"blend_via_shortest_path": true,
					"animations": [
						{
							"d5_fp_sight": "variable.d5"
						}
					],
					"transitions": [
						{
							"hold": "variable.d5&&!query.is_sneaking"
						},
						{
							"hold": "!variable.d5"
						},
						{
							"reload": "variable.d5emp&&query.mark_variant==1"
						}
					]
				}
			}
		},
		"controller.animation.gunwalking.d5": {
			"initial_state": "setup",
			"states": {
				"setup": {
					"blend_transition": 0.1,
					"blend_via_shortest_path": true,
					"animations": [
						{
							"gunwalk_delay": "variable.d5"
						}
					],
					"transitions": [
						{
							"walking": "variable.d5&&query.is_moving&&!q.is_sneaking&&q.any_animation_finished"
						}
					]
				},
				"walking": {
					"blend_transition": 0.5,
					"blend_via_shortest_path": true,
					"animations": [
						{
							"gunwalk": "variable.d5"
						}
					],
					"transitions": [
						{
							"setup": "!query.is_moving"
						},
						{
							"setup": "!variable.d5"
						},
						{
							"setup": "q.is_sneaking"
						}
					]
				}
			}
		}
	}
}