{
	"format_version": "1.8.0",
	"animations": {
		"animation.ss1v1.fp.draw": {
			"loop": "hold_on_last_frame",
			"animation_length": 0.85,
			"bones": {
				"switch": {
					"rotation": {
						"0.0": [-33.25, 0, 0],
						"0.45": [-33.25, 0, 0],
						"0.5333": [0, 0, 0]
					},
					"position": {
						"0.0": [0, 0, 0],
						"0.5333": [0, 0, 0]
					}
				},
				"root3": {
					"rotation": {
						"0.0": [22.5, -22.5, 32.5],
						"0.05": [20.06, -18.7, 31.22],
						"0.1": [16.81, -14.77, 27.74],
						"0.15": [13.95, -14.79, 18.79],
						"0.2": [10.39, -13.75, 10.06],
						"0.25": [4.22, -5.52, 8.04],
						"0.3": [-0.89, 2.46, 7.09],
						"0.35": [-1.11, 3.39, 4.02],
						"0.4": [0.15, 2.42, 0.27],
						"0.45": [1.11, 1.43, -2],
						"0.5": [0.39, 0.29, 2.28],
						"0.55": [0.04, 0.2, -1.89],
						"0.6": [0.01, 0.16, -0.83],
						"0.65": [0.03, 0.12, 0.67],
						"0.7": [0.02, 0.09, 0.71],
						"0.75": [0.01, 0.05, 0.5],
						"0.8": [0.01, 0.02, 0.2],
						"0.85": [0, 0, 0]
					},
					"position": {
						"0.0": [-5, -14, 0],
						"0.05": [-4.77, -12.25, -0.1],
						"0.1": [-4.41, -9.74, -0.25],
						"0.15": [-3.79, -7.23, -0.38],
						"0.2": [-2.68, -4.71, -0.51],
						"0.25": [-1.31, -2.18, -0.63],
						"0.3": [-0.3, -0.4, -0.6],
						"0.35": [0.01, 0.1, -0.37],
						"0.4": [0.07, 0.06, -0.01],
						"0.45": [0.03, -0.18, 0.33],
						"0.5": [0.01, -0.3, 0.5],
						"0.55": [0.02, -0.18, 0.14],
						"0.6": [-0.01, -0.07, -0.32],
						"0.65": [-0.01, -0.03, -0.29],
						"0.7": [0, -0.01, -0.13],
						"0.75": [0, 0, 0]
					}
				}
			},
			"sound_effects": {
				"0.0": {
					"effect": "ss1v1.draw"
				}
			}
		},
		"animation.ss1v1.karbin": {
			"loop": "hold_on_last_frame",
			"bones": {
				"muzzleflash": {
					"position": [0, 0, 9]
				},
				"muzzle": {
					"position": [0, 0, 9]
				}
			}
		},
		"animation.ss1v1.fp.hold": {
			"loop": true,
			"animation_length": 16.3021,
			"bones": {
				"root": {
					"rotation": [0, -180, 0]
				},
				"bone27": {
					"scale": 0
				},
				"muzzleflash": {
					"position": [0, 0, 78]
				},
				"aimscopeanimidk": {
					"scale": 0
				},
				"leftArm": {
					"position": [0, 0, 225]
				},
				"rightArm": {
					"position": [0, 0, 125]
				},
				"root3": {
					"rotation": {
						"0.0": [0, 0, 0],
						"0.0435": [0, 0, -0.04],
						"0.087": [0, 0, -0.17],
						"0.1304": [0, 0, -0.23],
						"0.1739": [0, 0, -0.26],
						"0.2174": [0.01, 0, -0.26],
						"0.2609": [0.03, 0, -0.2],
						"0.3043": [0.04, 0, -0.16],
						"0.3478": [0.05, 0, -0.14],
						"0.3913": [0.06, 0, -0.12],
						"0.4348": [0.06, 0, -0.14],
						"0.4783": [0.06, 0, -0.16],
						"0.5217": [0.06, 0, -0.19],
						"0.5652": [0.06, 0, -0.21],
						"0.6087": [0.06, 0, -0.26],
						"0.6522": [0.06, 0, -0.27],
						"0.6957": [0.06, 0, -0.27],
						"0.7391": [0.06, 0, -0.27],
						"0.7826": [0.05, 0, -0.22],
						"0.8261": [0.05, 0, -0.19],
						"0.8696": [0.05, 0, -0.15],
						"0.913": [0.04, 0, -0.1],
						"0.9565": [0.04, 0, -0.01],
						"1.0": [0.03, 0, 0.03],
						"1.0435": [0.03, 0, 0.08],
						"1.087": [0.03, 0, 0.11],
						"1.1304": [0.02, 0, 0.16],
						"1.1739": [0.02, 0, 0.17],
						"1.2174": [0.01, 0, 0.16],
						"1.2609": [0.01, 0, 0.15],
						"1.3043": [0, 0, 0.1],
						"1.3478": [0, 0, 0.08],
						"1.3913": [0, 0, 0.07],
						"1.4348": [0, 0, 0.07],
						"1.4783": [0, 0, 0.09],
						"1.5217": [0, 0, 0.11],
						"1.5652": [0, 0, 0.14],
						"1.6087": [0, 0, 0.16],
						"1.6522": [0.01, 0, 0.22],
						"1.6957": [0.01, 0, 0.25],
						"1.7391": [0.01, 0, 0.27],
						"1.7826": [0.01, 0, 0.3],
						"1.8261": [0.02, 0, 0.34],
						"1.8696": [0.02, 0, 0.35],
						"1.913": [0.02, 0, 0.36],
						"1.9565": [0.03, 0, 0.36],
						"2.0": [0.04, 0, 0.36],
						"2.0435": [0.05, 0, 0.35],
						"2.087": [0.06, 0, 0.35],
						"2.1304": [0.06, 0, 0.34],
						"2.1739": [0.08, 0, 0.33],
						"2.2174": [0.08, 0, 0.33],
						"2.2609": [0.09, 0, 0.34],
						"2.3043": [0.09, 0, 0.36],
						"2.3478": [0.09, 0, 0.44],
						"2.3913": [0.09, 0, 0.48],
						"2.4348": [0.09, 0, 0.51],
						"2.4783": [0.1, 0, 0.53],
						"2.5217": [0.11, 0, 0.53],
						"2.5652": [0.11, 0, 0.52],
						"2.6087": [0.12, 0, 0.52],
						"2.6522": [0.12, 0, 0.51],
						"2.6957": [0.14, 0, 0.48],
						"2.7391": [0.14, 0, 0.47],
						"2.7826": [0.15, 0, 0.45],
						"2.8261": [0.16, 0, 0.44],
						"2.8696": [0.16, 0, 0.41],
						"2.913": [0.17, 0, 0.37],
						"2.9565": [0.16, 0, 0.32],
						"3.0": [0.16, 0, 0.27],
						"3.0435": [0.16, 0, 0.19],
						"3.087": [0.16, 0, 0.16],
						"3.1304": [0.18, 0, 0.16],
						"3.1739": [0.2, 0, 0.17],
						"3.2174": [0.24, 0, 0.21],
						"3.2609": [0.26, 0, 0.23],
						"3.3043": [0.28, 0, 0.24],
						"3.3478": [0.3, 0, 0.22],
						"3.3913": [0.31, 0, 0.17],
						"3.4348": [0.32, 0, 0.14],
						"3.4783": [0.34, 0.04, 0.07],
						"3.5217": [0.36, 0.07, 0],
						"3.5652": [0.5, -0.16, 0.31],
						"3.6087": [0.63, -0.4, 0.65],
						"3.6522": [0.76, -0.66, 1.02],
						"3.6957": [0.83, -0.87, 1.3],
						"3.7391": [0.51, -0.9, 1.21],
						"3.7826": [0.05, -0.69, 0.76],
						"3.8261": [-0.41, -0.44, 0.28],
						"3.8696": [-0.68, -0.25, -0.06],
						"3.913": [-0.6, -0.1, -0.19],
						"3.9565": [-0.45, -0.06, -0.17],
						"4.0": [-0.28, -0.03, -0.14],
						"4.0435": [-0.17, 0, -0.12],
						"4.087": [-0.07, 0.02, -0.12],
						"4.1304": [-0.04, 0.02, -0.11],
						"4.1739": [-0.01, 0.01, -0.1],
						"4.2174": [0.01, 0, -0.09],
						"4.2609": [0.03, 0, -0.07],
						"4.3043": [0.03, 0, -0.05],
						"4.3478": [0.03, 0, -0.03],
						"4.3913": [0.02, 0, -0.01],
						"4.4348": [0, 0, 0.01],
						"4.4783": [0, 0, 0],
						"4.5217": [0, 0, -0.04],
						"4.5652": [0, 0, -0.1],
						"4.6087": [0, 0, -0.23],
						"4.6522": [0, 0, -0.26],
						"4.6957": [0.01, 0, -0.26],
						"4.7391": [0.02, 0, -0.23],
						"4.7826": [0.04, 0, -0.16],
						"4.8261": [0.05, 0, -0.14],
						"4.8696": [0.06, 0, -0.12],
						"4.913": [0.06, 0, -0.13],
						"4.9565": [0.06, 0, -0.16],
						"5.0": [0.06, 0, -0.19],
						"5.0435": [0.06, 0, -0.21],
						"5.087": [0.06, 0, -0.24],
						"5.1304": [0.06, 0, -0.27],
						"5.1739": [0.06, 0, -0.27],
						"5.2174": [0.06, 0, -0.27],
						"5.2609": [0.06, 0, -0.25],
						"5.3043": [0.05, 0, -0.19],
						"5.3478": [0.05, 0, -0.15],
						"5.3913": [0.04, 0, -0.1],
						"5.4348": [0.04, 0, -0.06],
						"5.4783": [0.03, 0, 0.03],
						"5.5217": [0.03, 0, 0.08],
						"5.5652": [0.03, 0, 0.11],
						"5.6087": [0.02, 0, 0.14],
						"5.6522": [0.02, 0, 0.17],
						"5.6957": [0.01, 0, 0.16],
						"5.7391": [0.01, 0, 0.15],
						"5.7826": [0.01, 0, 0.12],
						"5.8261": [0, 0, 0.08],
						"5.8696": [0, 0, 0.07],
						"5.913": [0, 0, 0.07],
						"5.9565": [0, 0, 0.08],
						"6.0": [0, 0, 0.11],
						"6.0435": [0, 0, 0.14],
						"6.087": [0, 0, 0.16],
						"6.1304": [0, 0, 0.19],
						"6.1739": [0.01, 0, 0.25],
						"6.2174": [0.01, 0, 0.27],
						"6.2609": [0.01, 0, 0.3],
						"6.3043": [0.01, 0, 0.32],
						"6.3478": [0.02, 0, 0.35],
						"6.3913": [0.02, 0, 0.36],
						"6.4348": [0.03, 0, 0.36],
						"6.4783": [0.04, 0, 0.36],
						"6.5652": [0.05, 0, 0.35],
						"6.6087": [0.06, 0, 0.35],
						"6.6522": [0.06, 0, 0.34],
						"6.6957": [0.07, 0, 0.34],
						"6.7391": [0.08, 0, 0.33],
						"6.7826": [0.09, 0, 0.34],
						"6.8261": [0.09, 0, 0.36],
						"6.8696": [0.09, 0, 0.4],
						"6.913": [0.09, 0, 0.48],
						"6.9565": [0.09, 0, 0.51],
						"7.0": [0.1, 0, 0.53],
						"7.0435": [0.1, 0, 0.53],
						"7.087": [0.12, 0, 0.53],
						"7.1304": [0.12, 0, 0.52],
						"7.1739": [0.13, 0, 0.51],
						"7.2174": [0.14, 0, 0.51],
						"7.2609": [0.16, 0, 0.48],
						"7.3043": [0.16, 0, 0.46],
						"7.3478": [0.17, 0, 0.45],
						"7.3913": [0.17, 0, 0.43],
						"7.4348": [0.15, 0, 0.35],
						"7.4783": [0.12, 0, 0.28],
						"7.5217": [0.09, 0, 0.19],
						"7.5652": [0.05, 0, 0.12],
						"7.6087": [0, 0, 0],
						"8.4348": [0, 0, 0],
						"8.4783": [-0.62, 0.43, -0.94],
						"8.5217": [-1.68, 0.82, -2.72],
						"8.6087": [-3.95, -0.36, -7.56],
						"8.6522": [-8.54, -4.6, -18.61],
						"8.6957": [-14.33, -10.41, -32.73],
						"8.7391": [-18.77, -14.74, -42.66],
						"8.7826": [-20.73, -16.13, -44.45],
						"8.8696": [-21.35, -16.04, -42.06],
						"8.913": [-21.53, -15.87, -40.06],
						"8.9565": [-21.34, -15.94, -40.19],
						"9.0": [-20.72, -15.92, -40.72],
						"9.0435": [-20.26, -16.24, -41.03],
						"9.1304": [-20.22, -16.64, -40.95],
						"9.1739": [-20.25, -17.18, -40.76],
						"9.2174": [-20.33, -17.81, -40.51],
						"9.2609": [-20.42, -18.47, -40.27],
						"9.3043": [-20.5, -19.1, -40.09],
						"9.3913": [-20.53, -19.65, -40.05],
						"9.4348": [-20.52, -20.59, -40.36],
						"9.4783": [-20.45, -21.43, -40.94],
						"9.5217": [-20.31, -22.22, -41.47],
						"9.5652": [-19.9, -23.44, -41.99],
						"9.6522": [-19.5, -24.31, -42.51],
						"9.6957": [-19.41, -24.38, -43.02],
						"9.7391": [-19.4, -24.2, -43.57],
						"9.7826": [-19.4, -24.04, -43.96],
						"9.8261": [-19.47, -24.11, -44.03],
						"9.913": [-19.61, -24.27, -43.96],
						"9.9565": [-19.64, -24.31, -43.9],
						"10.0": [-19.4, -24.04, -43.96],
						"10.0435": [-18.2, -23.17, -45.14],
						"10.087": [-16.62, -21.87, -46.48],
						"10.1739": [-15.99, -20.15, -45.35],
						"10.2174": [-17.21, -17.52, -39.08],
						"10.2609": [-19.37, -14.47, -30.34],
						"10.3043": [-21.04, -12.52, -24.55],
						"10.3478": [-21.69, -14.72, -30.29],
						"10.4348": [-22.85, -15.52, -32.06],
						"10.4783": [-23.93, -16.04, -33.1],
						"10.5217": [-23.93, -16.04, -33.1],
						"10.5652": [-23.82, -18.75, -38.32],
						"10.6087": [-25.34, -16.99, -36.54],
						"10.6957": [-26.69, -14.89, -34.23],
						"10.7391": [-26.07, -14.81, -34.6],
						"10.7826": [-25.15, -14.84, -35.23],
						"10.8261": [-25.17, -14.01, -34.85],
						"10.8696": [-25.42, -12.86, -34.14],
						"10.9565": [-25.65, -11.93, -33.23],
						"11.0": [-25.76, -11.55, -32.25],
						"11.0435": [-25.87, -11.31, -31.02],
						"11.087": [-25.95, -11.17, -29.94],
						"11.1304": [-26.02, -11.06, -29.42],
						"11.2174": [-26.04, -11.01, -29.55],
						"11.2609": [-26.04, -11.01, -30.02],
						"11.3043": [-26.04, -11.03, -30.67],
						"11.3478": [-26.03, -11.06, -31.37],
						"11.3913": [-26.02, -11.09, -31.98],
						"11.4783": [-26.02, -11.09, -32.35],
						"11.5217": [-26.03, -11.08, -32.45],
						"11.5652": [-26.04, -11.07, -32.48],
						"11.6087": [-26.06, -11.05, -32.44],
						"11.6522": [-26.07, -11.03, -32.36],
						"11.7391": [-26.09, -11.01, -32.27],
						"11.7826": [-26.1, -10.99, -32.16],
						"11.8261": [-26.11, -10.96, -32.07],
						"11.8696": [-26.11, -10.94, -32.01],
						"11.913": [-26.1, -10.91, -32.01],
						"12.0": [-26.1, -10.89, -32.04],
						"12.0435": [-26.1, -10.87, -32.12],
						"12.087": [-26.12, -10.84, -32.22],
						"12.1304": [-26.14, -10.82, -32.34],
						"12.1739": [-26.15, -10.79, -32.47],
						"12.2609": [-26.16, -10.77, -32.6],
						"12.3043": [-26.15, -10.74, -32.71],
						"12.3478": [-26.13, -10.72, -32.8],
						"12.3913": [-26.08, -10.69, -32.86],
						"12.4348": [-26.01, -10.66, -32.88],
						"12.5217": [-24.68, -10.24, -31.08],
						"12.5652": [-23.25, -9.88, -28.89],
						"12.6087": [-22.18, -10.23, -28.68],
						"12.6957": [-21.77, -12.08, -32.58],
						"12.7391": [-21.72, -14.66, -38.45],
						"12.7826": [-21.84, -16.35, -42.44],
						"12.8261": [-22.09, -16.28, -42.57],
						"12.8696": [-22.51, -15.34, -40.82],
						"12.9565": [-23.02, -14.59, -39.21],
						"13.0": [-24.38, -14.76, -38.72],
						"13.0435": [-25.01, -14.56, -37.23],
						"13.087": [-20.36, -9.81, -25.97],
						"13.1304": [-19.38, -12.98, -35.76],
						"13.2174": [-22.53, -10.51, -29.94],
						"13.2609": [-22.52, -11.57, -32.43],
						"13.3043": [-22.36, -11.69, -32.99],
						"13.3478": [-22.97, -9.33, -28.93],
						"13.3913": [-23.83, -5.72, -22.15],
						"13.4783": [-24.36, -1.68, -11.65],
						"13.5217": [-24.18, 3.11, 5.86],
						"13.5652": [-23.66, 8.33, 27.1],
						"13.6087": [-23.47, 12.24, 43.26],
						"13.6522": [-25.38, 14.44, 52.36],
						"13.7391": [-26.57, 14.68, 54.28],
						"13.7826": [-27.94, 14.71, 55.66],
						"13.8261": [-29.01, 14.71, 56.61],
						"13.8696": [-29.59, 14.74, 57.12],
						"13.913": [-29.89, 14.81, 57.05],
						"14.0": [-30.69, 15.17, 56.97],
						"14.0435": [-31.32, 15.4, 56.65],
						"14.087": [-31.32, 15.22, 56.27],
						"14.1304": [-31.15, 14.88, 55.74],
						"14.1739": [-30.94, 14.55, 55.29],
						"14.2609": [-30.79, 14.41, 55.15],
						"14.3043": [-30.73, 14.5, 55.34],
						"14.3478": [-30.68, 14.69, 55.74],
						"14.3913": [-30.64, 14.94, 56.25],
						"14.4348": [-30.62, 15.19, 56.75],
						"14.5217": [-30.61, 15.39, 57.15],
						"14.5652": [-30.63, 15.49, 57.34],
						"14.6087": [-30.7, 15.46, 57.26],
						"14.6522": [-30.8, 15.35, 57],
						"14.6957": [-30.92, 15.19, 56.63],
						"14.7826": [-31.05, 15.01, 56.24],
						"14.8261": [-31.16, 14.83, 55.89],
						"14.8696": [-31.25, 14.71, 55.68],
						"14.913": [-31.31, 14.63, 55.8],
						"14.9565": [-31.33, 14.6, 56.13],
						"15.0435": [-31.42, 14.31, 55.95],
						"15.087": [-32.27, 11.64, 51.6],
						"15.1304": [-32.72, 9.6, 47.39],
						"15.1739": [-33.22, 7.15, 42.23],
						"15.2174": [-33.57, 5.33, 38.62],
						"15.3043": [-33.55, 4.74, 39.6],
						"15.3478": [-33.06, 2.25, 33.02],
						"15.3913": [-31.68, 1.35, 30.92],
						"15.4348": [-29.66, 0.47, 28.95],
						"15.4783": [-26.67, -0.08, 27.51],
						"15.5652": [-19.21, 0.12, 27.94],
						"15.6087": [-11.7, 0.59, 26.88],
						"15.6522": [-8.76, 0.62, 22.16],
						"15.6957": [-6.74, 0.56, 15.58],
						"15.7391": [-4.93, 0.46, 9.54],
						"15.8261": [-2.23, 0.23, 1.97],
						"15.8696": [0, 0, -3],
						"15.913": [3, -0.05, 0.4],
						"15.9565": [1.5, -0.03, 1.02],
						"16.0": [0, 0, 1.64],
						"16.087": [0, 0, 0.82],
						"16.1304": [0, 0, 0],
						"16.1739": [0, 0, 0],
						"16.2174": [0, 0, 0],
						"16.2609": [0, 0, 0]
					},
					"position": {
						"0.0": [0, 0, 0],
						"0.0435": [0, 0, 0],
						"0.087": [-0.01, 0.01, 0],
						"0.1304": [-0.01, 0.01, 0],
						"0.1739": [-0.01, 0.01, 0],
						"0.2174": [-0.01, 0.01, 0],
						"0.2609": [-0.02, 0.01, 0],
						"0.3043": [-0.01, 0, 0],
						"0.3478": [-0.01, -0.01, 0],
						"0.3913": [0, -0.02, 0],
						"0.4348": [0, -0.03, 0],
						"0.4783": [0, -0.04, 0],
						"0.5217": [-0.01, -0.04, 0],
						"0.5652": [-0.01, -0.04, 0],
						"0.6087": [-0.02, -0.05, 0],
						"0.6522": [-0.02, -0.05, 0],
						"0.6957": [-0.02, -0.06, 0],
						"0.7391": [-0.03, -0.06, 0],
						"0.7826": [-0.03, -0.06, 0],
						"0.8261": [-0.03, -0.06, 0],
						"0.8696": [-0.03, -0.06, 0],
						"0.913": [-0.03, -0.06, 0],
						"0.9565": [-0.02, -0.05, 0],
						"1.0": [-0.02, -0.04, 0],
						"1.0435": [-0.02, -0.04, 0],
						"1.087": [-0.01, -0.04, 0],
						"1.1304": [0, -0.04, 0],
						"1.1739": [0, -0.05, 0],
						"1.2174": [0, -0.05, 0],
						"1.2609": [0, -0.05, 0],
						"1.3043": [-0.01, -0.05, 0],
						"1.3478": [-0.01, -0.05, 0],
						"1.3913": [-0.02, -0.04, 0],
						"1.4348": [-0.02, -0.04, 0],
						"1.4783": [-0.03, -0.04, 0],
						"1.5217": [-0.04, -0.04, 0],
						"1.5652": [-0.04, -0.04, 0],
						"1.6087": [-0.04, -0.04, 0],
						"1.6522": [-0.05, -0.04, 0],
						"1.6957": [-0.05, -0.05, 0],
						"1.7391": [-0.05, -0.05, 0],
						"1.7826": [-0.05, -0.05, 0],
						"1.8261": [-0.05, -0.06, 0],
						"1.8696": [-0.05, -0.07, 0],
						"1.913": [-0.05, -0.07, 0],
						"1.9565": [-0.05, -0.07, 0],
						"2.0": [-0.05, -0.07, 0],
						"2.0435": [-0.05, -0.06, 0],
						"2.087": [-0.05, -0.05, 0],
						"2.1304": [-0.05, -0.05, 0],
						"2.1739": [-0.05, -0.05, 0],
						"2.2174": [-0.05, -0.05, 0],
						"2.2609": [-0.05, -0.05, 0],
						"2.3043": [-0.05, -0.05, 0],
						"2.3478": [-0.05, -0.05, 0],
						"2.3913": [-0.05, -0.05, 0],
						"2.4348": [-0.05, -0.05, 0],
						"2.4783": [-0.05, -0.05, 0],
						"2.5217": [-0.05, -0.04, 0],
						"2.5652": [-0.05, -0.04, 0],
						"2.6087": [-0.05, -0.04, 0],
						"2.6522": [-0.05, -0.04, 0],
						"2.6957": [-0.05, -0.04, 0],
						"2.7391": [-0.05, -0.05, 0],
						"2.7826": [-0.04, -0.05, 0],
						"2.8261": [-0.04, -0.06, 0],
						"2.8696": [-0.03, -0.07, 0],
						"2.913": [-0.03, -0.08, 0],
						"2.9565": [-0.03, -0.09, 0],
						"3.0": [-0.02, -0.1, 0],
						"3.0435": [-0.02, -0.12, 0],
						"3.087": [-0.02, -0.12, 0],
						"3.1304": [-0.01, -0.12, 0],
						"3.1739": [-0.01, -0.12, 0],
						"3.2174": [0, -0.1, 0],
						"3.2609": [0, -0.09, 0],
						"3.3043": [0, -0.09, 0],
						"3.3478": [0, -0.08, 0],
						"3.3913": [-0.01, -0.07, 0],
						"3.4348": [-0.01, -0.06, 0],
						"3.4783": [-0.02, -0.06, 0],
						"3.5217": [-0.03, -0.05, 0],
						"3.5652": [-0.03, -0.07, 0],
						"3.6087": [-0.04, -0.09, 0],
						"3.6522": [-0.04, -0.12, 0],
						"3.6957": [-0.04, -0.14, 0],
						"3.7391": [-0.04, -0.15, 0],
						"3.7826": [-0.05, -0.14, 0],
						"3.8261": [-0.05, -0.13, 0],
						"3.8696": [-0.05, -0.13, 0],
						"3.913": [-0.05, -0.14, 0],
						"3.9565": [-0.05, -0.16, 0],
						"4.0": [-0.05, -0.17, 0],
						"4.0435": [-0.05, -0.17, 0],
						"4.087": [-0.04, -0.15, 0],
						"4.1304": [-0.03, -0.14, 0],
						"4.1739": [-0.02, -0.12, 0],
						"4.2174": [-0.01, -0.11, 0],
						"4.2609": [0, -0.08, 0],
						"4.3043": [0, -0.07, 0],
						"4.3478": [0, -0.06, 0],
						"4.3913": [0, -0.05, 0],
						"4.4348": [0, -0.03, 0],
						"4.4783": [0, -0.02, 0],
						"4.5217": [0, -0.02, 0],
						"4.5652": [0, -0.02, 0],
						"4.6087": [-0.01, -0.01, 0],
						"4.6522": [-0.01, -0.01, 0],
						"4.6957": [-0.01, -0.01, 0],
						"4.7391": [-0.02, -0.01, 0],
						"4.7826": [-0.01, -0.02, 0],
						"4.8261": [-0.01, -0.03, 0],
						"4.8696": [0, -0.05, 0],
						"4.913": [0, -0.06, 0],
						"4.9565": [0, -0.06, 0],
						"5.0": [-0.01, -0.06, 0],
						"5.0435": [-0.01, -0.06, 0],
						"5.087": [-0.01, -0.06, 0],
						"5.1304": [-0.02, -0.06, 0],
						"5.1739": [-0.02, -0.06, 0],
						"5.2174": [-0.03, -0.07, 0],
						"5.2609": [-0.03, -0.06, 0],
						"5.3043": [-0.03, -0.06, 0],
						"5.3478": [-0.03, -0.06, 0],
						"5.3913": [-0.03, -0.06, 0],
						"5.4348": [-0.03, -0.05, 0],
						"5.4783": [-0.02, -0.04, 0],
						"5.5217": [-0.02, -0.04, 0],
						"5.5652": [-0.01, -0.04, 0],
						"5.6087": [-0.01, -0.04, 0],
						"5.6522": [0, -0.05, 0],
						"5.6957": [0, -0.05, 0],
						"5.7391": [0, -0.05, 0],
						"5.7826": [0, -0.05, 0],
						"5.8261": [-0.01, -0.05, 0],
						"5.8696": [-0.02, -0.04, 0],
						"5.913": [-0.02, -0.04, 0],
						"5.9565": [-0.03, -0.04, 0],
						"6.0": [-0.04, -0.04, 0],
						"6.0435": [-0.04, -0.04, 0],
						"6.087": [-0.04, -0.04, 0],
						"6.1304": [-0.05, -0.04, 0],
						"6.1739": [-0.05, -0.05, 0],
						"6.2174": [-0.05, -0.05, 0],
						"6.2609": [-0.05, -0.05, 0],
						"6.3043": [-0.05, -0.06, 0],
						"6.3478": [-0.05, -0.07, 0],
						"6.3913": [-0.05, -0.07, 0],
						"6.4348": [-0.05, -0.07, 0],
						"6.4783": [-0.05, -0.07, 0],
						"6.5652": [-0.05, -0.06, 0],
						"6.6087": [-0.05, -0.06, 0],
						"6.6522": [-0.05, -0.06, 0],
						"6.6957": [-0.05, -0.05, 0],
						"6.7391": [-0.05, -0.04, 0],
						"6.7826": [-0.05, -0.04, 0],
						"6.8261": [-0.05, -0.03, 0],
						"6.8696": [-0.05, -0.03, 0],
						"6.913": [-0.05, -0.02, 0],
						"6.9565": [-0.05, -0.02, 0],
						"7.0": [-0.05, -0.02, 0],
						"7.0435": [-0.05, -0.02, 0],
						"7.087": [-0.05, -0.01, 0],
						"7.1304": [-0.05, -0.01, 0],
						"7.1739": [-0.05, -0.01, 0],
						"7.2174": [-0.05, -0.02, 0],
						"7.2609": [-0.05, -0.03, 0],
						"7.3043": [-0.04, -0.03, 0],
						"7.3478": [-0.04, -0.04, 0],
						"7.3913": [-0.04, -0.05, 0],
						"7.4348": [-0.03, -0.06, 0],
						"7.4783": [-0.03, -0.05, 0],
						"7.5217": [-0.02, -0.04, 0],
						"7.5652": [-0.01, -0.02, 0],
						"7.6087": [0, 0, 0],
						"8.4348": [0, 0, 0],
						"8.4783": [-0.08, -0.25, 0.01],
						"8.5217": [-0.19, -0.56, 0.03],
						"8.6087": [-0.3, -0.65, 0],
						"8.6522": [-0.41, -0.28, -0.12],
						"8.6957": [-0.52, 0.32, -0.29],
						"8.7391": [-0.6, 0.8, -0.4],
						"8.7826": [-0.62, 1.09, -0.38],
						"8.8696": [-0.6, 1.2, -0.3],
						"8.913": [-0.6, 1.21, -0.29],
						"8.9565": [-0.6, 1.19, -0.29],
						"9.0": [-0.6, 1.21, -0.28],
						"9.0435": [-0.6, 1.24, -0.27],
						"9.1304": [-0.6, 1.3, -0.27],
						"9.1739": [-0.6, 1.38, -0.3],
						"9.2174": [-0.6, 1.49, -0.36],
						"9.2609": [-0.6, 1.64, -0.43],
						"9.3043": [-0.6, 1.8, -0.52],
						"9.3913": [-0.6, 1.96, -0.62],
						"9.4348": [-0.6, 2.08, -0.72],
						"9.4783": [-0.6, 2.21, -0.83],
						"9.5217": [-0.6, 2.34, -0.95],
						"9.5652": [-0.6, 2.45, -1.05],
						"9.6522": [-0.6, 2.53, -1.12],
						"9.6957": [-0.6, 2.58, -1.17],
						"9.7391": [-0.6, 2.61, -1.2],
						"9.7826": [-0.6, 2.61, -1.21],
						"9.8261": [-0.6, 2.59, -1.22],
						"9.913": [-0.6, 2.53, -1.22],
						"9.9565": [-0.61, 2.36, -1.28],
						"10.0": [-0.6, 1.8, -1.22],
						"10.0435": [-0.6, 0.78, -1.08],
						"10.087": [-0.58, -0.52, -0.85],
						"10.1739": [-0.45, -1.39, -0.43],
						"10.2174": [-0.1, -1.45, 0.38],
						"10.2609": [0.36, -1.09, 1.38],
						"10.3043": [0.7, -0.8, 2.1],
						"10.3478": [0.7, -0.9, 2.1],
						"10.4348": [0.69, -0.81, 2.1],
						"10.4783": [0.7, -0.7, 2.1],
						"10.5217": [0.85, -0.7, 2.1],
						"10.5652": [1, -0.7, 2.1],
						"10.6087": [0.97, -0.91, 2.1],
						"10.6957": [0.47, -1, 2.1],
						"10.7391": [-0.05, -1.1, 2.1],
						"10.7826": [-0.28, -1.4, 2.1],
						"10.8261": [-0.26, -1.52, 2.1],
						"10.8696": [-0.2, -1.6, 2.1],
						"10.9565": [-0.16, -1.59, 2.1],
						"11.0": [-0.12, -1.54, 2.1],
						"11.0435": [-0.12, -1.5, 2.1],
						"11.087": [-0.15, -1.48, 2.1],
						"11.1304": [-0.19, -1.47, 2.1],
						"11.2174": [-0.23, -1.45, 2.1],
						"11.2609": [-0.28, -1.43, 2.1],
						"11.3043": [-0.33, -1.41, 2.1],
						"11.3478": [-0.37, -1.4, 2.1],
						"11.3913": [-0.4, -1.4, 2.1],
						"11.4783": [-0.41, -1.4, 2.1],
						"11.5217": [-0.41, -1.4, 2.1],
						"11.5652": [-0.42, -1.41, 2.1],
						"11.6087": [-0.43, -1.41, 2.1],
						"11.6522": [-0.43, -1.42, 2.1],
						"11.7391": [-0.44, -1.43, 2.1],
						"11.7826": [-0.45, -1.44, 2.1],
						"11.8261": [-0.45, -1.45, 2.1],
						"11.8696": [-0.46, -1.46, 2.1],
						"11.913": [-0.46, -1.47, 2.1],
						"12.0": [-0.47, -1.48, 2.1],
						"12.0435": [-0.47, -1.48, 2.1],
						"12.087": [-0.47, -1.49, 2.1],
						"12.1304": [-0.47, -1.5, 2.1],
						"12.1739": [-0.47, -1.51, 2.1],
						"12.2609": [-0.47, -1.51, 2.1],
						"12.3043": [-0.46, -1.52, 2.1],
						"12.3478": [-0.46, -1.52, 2.1],
						"12.3913": [-0.45, -1.52, 2.1],
						"12.4348": [-0.44, -1.52, 2.1],
						"12.5217": [-0.4, -1.5, 2.1],
						"12.5652": [-0.17, -1.34, 2.1],
						"12.6087": [0.16, -1.11, 2.1],
						"12.6957": [0.39, -0.92, 2.1],
						"12.7391": [0.45, -0.78, 2.1],
						"12.7826": [0.4, -0.7, 2.1],
						"12.8261": [0.35, -0.64, 2.1],
						"12.8696": [0.3, -0.6, 2.1],
						"12.9565": [0.3, -0.54, 2.1],
						"13.0": [0.3, -0.5, 2.1],
						"13.0435": [0.2, -0.5, 2.1],
						"13.087": [0.24, -0.61, 2.1],
						"13.1304": [0.3, -0.8, 2.1],
						"13.2174": [0.29, -0.93, 2.12],
						"13.2609": [0.27, -1.1, 2.14],
						"13.3043": [0.3, -1.43, 2.1],
						"13.3478": [0.39, -2.1, 1.95],
						"13.3913": [0.53, -2.94, 1.74],
						"13.4783": [0.7, -3.56, 1.5],
						"13.5217": [0.94, -3.63, 1.21],
						"13.5652": [1.18, -3.7, 0.93],
						"13.6087": [1.43, -3.76, 0.64],
						"13.6522": [1.61, -3.6, 0.47],
						"13.7391": [1.76, -3.36, 0.35],
						"13.7826": [1.87, -3.19, 0.31],
						"13.8261": [1.95, -3.17, 0.37],
						"13.8696": [2, -3.23, 0.52],
						"13.913": [2.03, -3.35, 0.68],
						"14.0": [2.04, -3.65, 0.98],
						"14.0435": [2.03, -3.97, 1.23],
						"14.087": [2.02, -4.16, 1.21],
						"14.1304": [2, -4.26, 1.14],
						"14.1739": [1.97, -4.26, 1.15],
						"14.2609": [1.92, -4.24, 1.18],
						"14.3043": [1.88, -4.21, 1.21],
						"14.3478": [1.84, -4.17, 1.24],
						"14.3913": [1.81, -4.13, 1.27],
						"14.4348": [1.8, -4.1, 1.29],
						"14.5217": [1.8, -4.06, 1.3],
						"14.5652": [1.8, -4.03, 1.32],
						"14.6087": [1.81, -3.99, 1.34],
						"14.6522": [1.82, -3.95, 1.35],
						"14.6957": [1.83, -3.92, 1.36],
						"14.7826": [1.83, -3.9, 1.36],
						"14.8261": [1.83, -3.87, 1.35],
						"14.8696": [1.84, -3.84, 1.32],
						"14.913": [1.84, -3.82, 1.29],
						"14.9565": [1.84, -3.81, 1.26],
						"15.0435": [1.84, -3.84, 1.24],
						"15.087": [1.84, -4.38, 1.23],
						"15.1304": [1.84, -4.14, 1.23],
						"15.1739": [1.84, -4.26, 1.24],
						"15.2174": [1.84, -4.57, 1.24],
						"15.3043": [1.86, -5.83, 1.23],
						"15.3478": [1.88, -5.31, 1.21],
						"15.3913": [1.86, -5.5, 0.92],
						"15.4348": [1.81, -5.71, 0.44],
						"15.4783": [1.73, -5.57, -0.17],
						"15.5652": [1.6, -5.25, -1.06],
						"15.6087": [1.36, -4.88, -2.62],
						"15.6522": [1.08, -4.2, -4],
						"15.6957": [0.8, -2.71, -4.52],
						"15.7391": [0.52, -1.23, -4.04],
						"15.8261": [0.23, -0.6, -1.48],
						"15.8696": [0, -0.3, 0.95],
						"15.913": [-0.03, -0.09, 0.7],
						"15.9565": [0, 0.02, -0.14],
						"16.0": [0, 0.07, -0.03],
						"16.087": [0, 0.12, 0.08],
						"16.1304": [0, 0.08, 0.05],
						"16.1739": [0, 0.04, 0.03],
						"16.2174": [0, 0, 0]
					}
				},
				"lefthand_and_mag2": {
					"rotation": {
						"10.3478": [0, 0, 0],
						"10.3913": [-7.25, -0.03, -1],
						"10.4348": [-14.5, -0.07, -2],
						"10.5217": [-16.25, -0.13, -6.02],
						"10.5652": [-18, -0.19, -10.04],
						"10.6087": [-30.21, -4.88, -35.06],
						"10.6522": [-23.47, -1.54, -37.8],
						"10.6957": [-15.17, 2.84, -37.16],
						"10.7826": [-14.09, 5.06, -36.59],
						"10.8261": [-14.92, 6.52, -35.04],
						"10.8696": [-14.98, 7.3, -33.24],
						"10.913": [-15.1, 7.85, -31.03],
						"10.9565": [-15.17, 8.07, -29.2],
						"11.0435": [-15.17, 8.06, -28.8],
						"11.087": [-15.14, 8.01, -28.68],
						"11.1304": [-15.11, 7.9, -28.69],
						"11.1739": [-15.07, 7.72, -28.66],
						"11.2174": [-15.03, 7.46, -28.43],
						"11.3043": [-15, 7.12, -27.84],
						"11.3478": [-14.99, 6.67, -26.72],
						"11.3913": [-16.36, 2.97, -21.6],
						"11.4348": [-15.16, 1.05, -9.17],
						"11.4783": [-9.28, 4.04, 9.35],
						"11.5652": [-1.08, 9.07, 32.68],
						"11.6087": [5.57, 13.8, 51.69],
						"11.6522": [10.39, 19.58, 66.7],
						"11.6957": [12.39, 23.87, 73.57],
						"11.7391": [12.39, 24.85, 73.96],
						"11.8261": [11.43, 24.79, 71.44],
						"11.8696": [10.62, 24.67, 69.27],
						"11.913": [10.31, 24.8, 68.53],
						"11.9565": [10.17, 24.85, 68.19],
						"12.0": [9.84, 24.91, 67.56],
						"12.087": [9.71, 25.02, 67.1],
						"12.1304": [9.79, 25.1, 67.12],
						"12.1739": [9.93, 25.21, 67.24],
						"12.2174": [10.11, 25.34, 67.41],
						"12.2609": [10.31, 25.46, 67.57],
						"12.3478": [10.5, 25.56, 67.65],
						"12.3913": [10.67, 25.61, 67.6],
						"12.4348": [10.8, 25.61, 67.35],
						"12.4783": [10.94, 25.04, 64.61],
						"12.5217": [10.31, 16.85, 21.65],
						"12.5652": [11.46, 9.14, -19.76],
						"12.6087": [21.58, 7.7, -32.91],
						"12.6522": [27.03, 7.27, -34.77],
						"12.6957": [-9.91, 0, -26.18],
						"12.7826": [-13.21, 0, -19.95],
						"12.8261": [-16.5, 0, -13.72],
						"12.8696": [-26, 0, 0],
						"12.913": [-24.5, 0, 0],
						"12.9565": [-22.5, 0, 0],
						"13.0435": [-25.25, 0, 0],
						"13.087": [0, 0, 0]
					},
					"position": {
						"10.3478": [0, 0, 0],
						"10.3913": [0, -0.15, -0.05],
						"10.4348": [0, -0.3, -0.1],
						"10.5217": [0.15, -0.45, -0.35],
						"10.5652": [0.3, -0.6, -0.6],
						"10.6087": [1.4, -6.7, -5.4],
						"10.6522": [1.97, -7.63, -3.93],
						"10.6957": [2.6, -7.38, -1.51],
						"10.7826": [3.14, -6.51, -0.39],
						"10.8261": [3.72, -5.19, 0.63],
						"10.8696": [4.2, -4.02, 1.39],
						"10.913": [4.64, -2.81, 1.9],
						"10.9565": [4.91, -1.99, 2.02],
						"11.0435": [5.04, -1.73, 2.02],
						"11.087": [5.11, -1.68, 1.92],
						"11.1304": [5.13, -1.71, 1.85],
						"11.1739": [5.12, -1.79, 1.84],
						"11.2174": [5.07, -1.94, 1.83],
						"11.3043": [5.01, -2.09, 1.85],
						"11.3478": [4.95, -2.2, 1.9],
						"11.3913": [4.79, -2.2, 2.17],
						"11.4348": [4.75, -2.2, 2.4],
						"11.4783": [5.46, -2.73, 2.16],
						"11.5652": [6.82, -3.4, 1.79],
						"11.6087": [8.15, -4.1, 1.3],
						"11.6522": [8.52, -4.6, 0.64],
						"11.6957": [8.55, -4.9, 0.1],
						"11.7391": [8.55, -4.87, 0.04],
						"11.8261": [8.5, -4.72, 0.13],
						"11.8696": [8.45, -4.6, 0.2],
						"11.913": [8.39, -4.58, 0.21],
						"11.9565": [8.35, -4.6, 0.2],
						"12.0": [8.36, -4.6, 0.22],
						"12.087": [8.35, -4.6, 0.2],
						"12.1304": [8.34, -4.59, 0.17],
						"12.1739": [8.32, -4.58, 0.14],
						"12.2174": [8.3, -4.57, 0.09],
						"12.2609": [8.28, -4.56, 0.05],
						"12.3478": [8.25, -4.55, 0.01],
						"12.3913": [8.21, -4.55, -0.03],
						"12.4348": [8.16, -4.55, -0.05],
						"12.4783": [7.92, -4.62, -0.03],
						"12.5217": [4.28, -5.79, 0.75],
						"12.5652": [0.97, -6.63, 1.31],
						"12.6087": [0.62, -6.01, 0.69],
						"12.6522": [1.1, -4.8, -0.1],
						"12.6957": [1.1, -2, -0.1],
						"12.7826": [0.75, -1.5, -0.25],
						"12.8261": [0.4, -1, -0.4],
						"12.8696": [0.1, -1, -0.5],
						"12.913": [0.1, -1, -0.7],
						"12.9565": [0.1, -1, -0.7],
						"13.0435": [0.05, -0.5, -0.25],
						"13.087": [0, 0, 0]
					}
				},
				"lefthand2": {
					"rotation": {
						"0.0": [90.4533, -389.73135, -129.57361],
						"8.3913": [90.4533, -389.73135, -129.57361],
						"8.5652": [108.12763, -408.44328, -187.84224],
						"8.6957": [99.03115, -410.32616, -175.88398],
						"9.9565": [99.03, -410.33, -175.88],
						"10.0": [100.84, -403.04, -181.84],
						"10.0435": [103.46, -392.64, -190.33],
						"10.1304": [106.31, -382.34, -198.62],
						"10.2174": [115.56394, -355.23367, -219.6111],
						"10.3043": [125.38208, -355.81641, -216.65153],
						"10.4348": [123.85876, -356.5603, -214.79789],
						"10.5217": [119.40098, -373.78197, -208.72665],
						"10.5652": [111.80256, -366.89223, -195.46899],
						"10.7391": [104.97284, -355.46758, -191.74261],
						"10.913": [110.05473, -355.63742, -191.11203],
						"11.2609": [110.05473, -355.63742, -191.11203],
						"11.4348": [108.49, -354.88, -191.9],
						"11.5217": [109.1233, -358.76128, -180.52526],
						"12.5217": [109.1233, -358.76128, -180.52526],
						"12.5652": [115.79932, -356.8725, -209.45764],
						"13.2609": [115.79932, -356.8725, -209.45764],
						"13.4783": [111.59, -376.59, -161.53],
						"13.5652": [72.4533, -389.73135, -129.57361],
						"13.8261": [69.4533, -389.73135, -129.57361],
						"15.5652": [71.4533, -389.73135, -129.57361],
						"15.6957": [90.4533, -389.73135, -129.57361]
					},
					"position": {
						"0.0": [7.4, -11.7, -8.5],
						"8.3913": [7.4, -11.7, -8.5],
						"8.5652": [14.3, -27.8, -3.8],
						"8.6957": [9.9, -45.2, 22.9],
						"9.9565": [9.9, -45.2, 22.9],
						"10.0": [8.99, -36.38, 15.62],
						"10.0435": [8.09, -27.57, 8.33],
						"10.1304": [7.18, -18.75, 1.05],
						"10.2174": [7.35, -16.5, -1.5],
						"10.4348": [7.35, -16.5, -1.5],
						"10.5217": [7.35, -16.975, -1.1],
						"10.7391": [7.31, -16.92, -0.745],
						"11.4348": [7.31, -16.92, -0.745],
						"11.5217": [8.54, -16.78, -1.6],
						"12.5217": [8.54, -16.78, -1.6],
						"12.5652": [7.65, -17.1, -1.275],
						"13.2609": [7.65, -17.1, -1.275],
						"13.4348": [7.91, -15.06, -4.48],
						"13.5652": [8.1, -12.1, -8.5],
						"15.5652": [8.1, -12.1, -8.5],
						"15.6957": [7.4, -11.7, -8.5]
					},
					"scale": {
						"0.0": [1, 1.5, 1],
						"8.3913": [1, 1.5, 1]
					}
				},
				"bolt2": {
					"position": {
						"13.8696": [0, 0, 0],
						"13.913": [0, 0, 0.58],
						"13.9565": [0, 0, 1.39],
						"14.0435": [0, 0, 2],
						"14.087": [0, 0, 2.23],
						"14.1304": [0, 0, 2.26],
						"14.1739": [0, 0, 2.25],
						"14.2174": [0, 0, 2.25],
						"14.3043": [0, 0, 2.24],
						"14.3478": [0, 0, 2.21],
						"14.3913": [0, 0, 2.18],
						"14.4348": [0, 0, 2.17],
						"14.4783": [0, 0, 2.17],
						"14.5652": [0, 0, 2.18],
						"14.6087": [0, 0, 2.2],
						"14.6522": [0, 0, 2.21],
						"14.6957": [0, 0, 2.2],
						"14.7391": [0, 0, 2.16],
						"14.8261": [0, 0, 2.12],
						"14.8696": [0, 0, 2.08],
						"14.913": [0, 0, 2.04],
						"14.9565": [0, 0, 2],
						"15.0": [0, 0, 0]
					}
				},
				"additional_magazine": {
					"scale": 0
				},
				"righthand2": {
					"rotation": {
						"0.0": [100.03742, 4.92385, -179.12962],
						"8.3913": [100.03742, 4.92385, -179.12962],
						"13.5652": [100.04, 4.92, -179.13],
						"13.6087": [95.18, 8.03, -207.27],
						"13.6957": [90.32, 11.13, -235.41],
						"13.7391": [85.46, 14.24, -263.55],
						"13.7826": [80.6, 17.34, -291.7],
						"13.8261": [81.46, 15.52, -286.59],
						"13.8696": [82.33, 13.69, -281.49],
						"13.9565": [83.48, 15.37, -273.69],
						"14.0": [85.57, 27.21, -264.73],
						"14.0435": [87.73, 39.25, -256.72],
						"14.087": [88.27, 41.33, -255.61],
						"14.1304": [88.71, 42.35, -255.44],
						"14.2174": [89.05, 42.66, -255.8],
						"14.2609": [89.3, 42.63, -256.28],
						"14.3043": [89.47, 42.59, -256.45],
						"14.3478": [89.54, 42.44, -256.27],
						"14.3913": [89.51, 41.93, -256.03],
						"14.4783": [89.4, 41.25, -255.77],
						"14.5217": [89.24, 40.57, -255.58],
						"14.5652": [89.07, 40.08, -255.52],
						"14.6087": [89.08, 39.86, -255.45],
						"14.6522": [89.26, 39.64, -255.27],
						"14.7391": [89.5, 39.43, -255.06],
						"14.7826": [89.69, 39.25, -254.92],
						"14.8261": [89.72, 39.12, -254.92],
						"14.8696": [89.47, 39.06, -255.16],
						"14.913": [88.84, 39.1, -255.73],
						"15.0": [87.73, 39.25, -256.72],
						"15.0435": [66.67, 43.46, -275.1],
						"15.087": [95.92, 47.93, -235.06],
						"15.1304": [117.79, 39.14, -206.23],
						"15.1739": [132.44, 25.43, -178.18],
						"15.2609": [103.95, -9.46, -144.34],
						"15.3043": [98.11, -16.77, -140.05],
						"15.3478": [97.11, -15.41, -145.09],
						"15.3913": [102.24, 2.39, -165.97],
						"15.4348": [107.32, 19.15, -185.91],
						"15.5217": [105.92, 17.49, -186.92],
						"15.5652": [102.57, 10.42, -182.65],
						"15.6087": [100.04, 4.92, -179.13]
					},
					"position": {
						"0.0": [-6.8, -14.2, 7.4],
						"8.3913": [-6.8, -14.2, 7.4],
						"13.5652": [-6.3, -14.2, 7.4],
						"13.6087": [-8.01, -13.35, 5.48],
						"13.6957": [-8.85, -12.74, 3.08],
						"13.7391": [-9.43, -12.18, 0.8],
						"13.7826": [-9.05, -11.67, -0.15],
						"13.8261": [-9.05, -11.6, -0.39],
						"13.8696": [-9.05, -11.52, -0.62],
						"13.9565": [-9.05, -11.53, -0.29],
						"14.0": [-9.05, -11.55, 0.25],
						"14.0435": [-9.05, -11.57, 0.65],
						"14.087": [-9.05, -11.59, 0.77],
						"14.1304": [-9.05, -11.6, 0.76],
						"14.2174": [-9.05, -11.61, 0.75],
						"14.2609": [-9.05, -11.62, 0.76],
						"14.3043": [-9.05, -11.62, 0.77],
						"14.3478": [-9.05, -11.62, 0.77],
						"14.3913": [-9.05, -11.61, 0.78],
						"14.4783": [-9.05, -11.61, 0.8],
						"14.5217": [-9.05, -11.62, 0.82],
						"14.5652": [-9.05, -11.62, 0.86],
						"14.6087": [-9.05, -11.63, 0.9],
						"14.6522": [-9.05, -11.64, 0.93],
						"14.7391": [-9.05, -11.64, 0.93],
						"14.7826": [-9.05, -11.64, 0.89],
						"14.8261": [-9.05, -11.64, 0.85],
						"14.8696": [-9.05, -11.63, 0.81],
						"14.913": [-9.05, -11.63, 0.76],
						"15.0": [-9.05, -11.63, 0.72],
						"15.0435": [-9.05, -11.94, 1.58],
						"15.087": [-9.81, -12.19, 1.31],
						"15.1304": [-10.34, -12.47, 1.81],
						"15.1739": [-10.57, -12.44, 2.01],
						"15.2609": [-9.05, -10.24, -0.72],
						"15.3043": [-8.97, -9.94, -1.07],
						"15.3478": [-9.05, -10.24, -0.72],
						"15.3913": [-9.1, -11.43, 0.3],
						"15.4348": [-8.82, -12.79, 2],
						"15.5217": [-8.06, -13.4, 3.8],
						"15.5652": [-7.04, -13.88, 5.9],
						"15.6087": [-6.3, -14.2, 7.4]
					},
					"scale": {
						"0.0": [1, 1.5, 1],
						"8.3913": [1, 1.5, 1]
					}
				},
				"bullet_in_barrel2": {
					"position": {
						"13.7826": [0, 0.08, 0],
						"13.8261": [0, 0.08, 0.4],
						"13.8696": [0, 0.08, 0.98],
						"13.9565": [0, 0.08, 1.58],
						"14.0": [0, 0.08, 2],
						"14.0435": [0, 0.08, 2.23],
						"14.087": [0, 0.08, 2.26],
						"14.1304": [0, 0.08, 2.25],
						"14.2174": [0, 0.08, 2.25],
						"14.2609": [0, 0.08, 2.24],
						"14.3043": [0, 0.08, 2.21],
						"14.3478": [0, 0.08, 2.18],
						"14.3913": [0, 0.08, 2.17],
						"14.4783": [0, 0.08, 2.17],
						"14.5217": [0, 0.08, 2.18],
						"14.5652": [0, 0.08, 2.2],
						"14.6087": [0, 0.08, 2.21],
						"14.6522": [0, 0.08, 2.2],
						"14.7391": [0, 0.08, 2.16],
						"14.7826": [0, 0.08, 2.12],
						"14.8261": [0, 0.08, 2.08],
						"14.8696": [0, 0.08, 2.04],
						"14.913": [0, 0.08, 2],
						"15.0": [0, 0.08, 0]
					}
				}
			},
			"sound_effects": {
				"8.3043": {
					"effect": "ss1v1.inspect"
				}
			}
		},
		"animation.ss1v1.fp.sight": {
			"loop": "hold_on_last_frame",
			"bones": {
				"root": {
					"rotation": [0, -180, 0]
				},
				"bone27": {
					"scale": 0
				},
				"muzzleflash": {
					"position": [0, 0, 78]
				},
				"new": {
					"position": [-4, 1.7, -3]
				},
				"lefthand2": {
					"rotation": [90.4533, -389.73135, -129.57361],
					"position": [7.4, -11.7, -8.5],
					"scale": [1, 1.5, 1]
				},
				"righthand2": {
					"rotation": [100.03742, 4.92385, -179.12962],
					"position": [-6.8, -14.2, 7.4],
					"scale": [1, 1.5, 1]
				}
			}
		},
		"animation.ss1v1.fp.reload": {
			"loop": "hold_on_last_frame",
			"animation_length": 4.0333,
			"bones": {
				"root": {
					"rotation": [0, -180, 0]
				},
				"bone27": {
					"scale": 0
				},
				"muzzleflash": {
					"position": [0, 0, 78]
				},
				"aimscopeanimidk": {
					"scale": 0
				},
				"root3": {
					"rotation": {
						"0.0": [0, 0, 0],
						"0.0417": [0.75, -0.03, 1.5],
						"0.0833": [1.84, -0.09, 4.4],
						"0.1667": [3, -0.1, 6],
						"0.2083": [3.91, 0.22, 2.44],
						"0.25": [4.31, 0.23, -2.99],
						"0.2917": [3.62, -1.01, -8.74],
						"0.3333": [2.57, -2.4, -13.49],
						"0.4167": [1.01, -3.3, -14.48],
						"0.4583": [-0.97, -3.49, -16.47],
						"0.5": [-4.35, -3.49, -16.47],
						"0.5417": [-7.55, -3.72, -18.46],
						"0.5833": [-18.42, -3.41, -15.98],
						"0.6667": [-20, -4.56, -21.35],
						"0.7083": [-16.42, -3.73, -18.3],
						"0.75": [-13.44, -4.47, -22.39],
						"0.7917": [-12.71, -4.33, -21.66],
						"0.8333": [-12.21, -4.17, -21.09],
						"0.9167": [-11.52, -4.39, -23.57],
						"0.9583": [-11.07, -4.69, -26.42],
						"1.0": [-11.33, -4.9, -27.56],
						"1.0417": [-11.75, -5.05, -28.06],
						"1.0833": [-11.88, -5.13, -28.31],
						"1.1667": [-11.98, -5.14, -28.25],
						"1.2083": [-12.45, -4.95, -27.38],
						"1.25": [-14.49, -3.97, -25.54],
						"1.2917": [-8.79, -3.45, -28.47],
						"1.3333": [-10.44, -4.75, -28.43],
						"1.4167": [-9.52, -4.79, -29.98],
						"1.4583": [-9.18, -3.48, -24.91],
						"1.5": [-6.92, -1.21, -23.66],
						"1.5417": [-4.58, 1.07, -21.26],
						"1.5833": [-3.62, 2.02, -14.6],
						"1.6667": [-3.58, 2.49, -7.02],
						"1.7083": [-6.45, 3.18, 3.99],
						"1.75": [-14.1, 0.62, 15.26],
						"1.7917": [-22.35, -2.09, 26.28],
						"1.8333": [-27.05, -2.63, 32.12],
						"1.9167": [-30.03, -2.61, 35.34],
						"1.9583": [-31.12, -2.97, 36.39],
						"2.0": [-31.61, -3.36, 36.58],
						"2.0417": [-32.2, -3.29, 36.7],
						"2.0833": [-35.27, 0.05, 37.44],
						"2.1667": [-35.82, -1.15, 34.67],
						"2.2083": [-35.51, -0.34, 36.51],
						"2.25": [-37.75, -2.97, 33.22],
						"2.2917": [-33.57, -0.44, 36],
						"2.3333": [-33.94, -1.69, 33.02],
						"2.4167": [-32.63, -1.39, 33.74],
						"2.4583": [-28.28, -0.72, 31.28],
						"2.5": [-16.2, 0.23, 17.18],
						"2.5417": [-4.3, 0.97, 2.83],
						"2.5833": [-0.79, 0.72, -1.1],
						"2.6667": [-0.02, 0.26, -1.01],
						"2.7083": [1.39, 0.23, 0.9],
						"2.75": [2.01, 0.28, 2.75],
						"2.7917": [1.12, 0.28, 0.76],
						"2.8333": [-0.01, 0.24, -1.5],
						"2.9167": [-0.13, 0.11, -1.02],
						"2.9583": [0, 0, 0]
					},
					"position": {
						"0.0": [0, 0, 0],
						"0.0417": [-0.09, -0.39, 0.13],
						"0.0833": [-0.2, -0.8, 0.4],
						"0.1667": [-0.27, -0.96, 0.97],
						"0.2083": [-0.38, -0.92, 1.58],
						"0.25": [-0.61, -0.51, 2.02],
						"0.2917": [-0.87, -0.1, 2.33],
						"0.3333": [-1.15, -0.12, 2.47],
						"0.4167": [-1.37, -0.2, 2.48],
						"0.4583": [-1.44, -0.06, 2.3],
						"0.5": [-1.5, 0.08, 2.13],
						"0.5417": [-1.5, 0.14, 1.73],
						"0.5833": [-1.5, 0.2, 1.33],
						"0.6667": [-1.5, -0.02, 1.12],
						"0.7083": [-1.5, -0.3, 1.02],
						"0.75": [-1.49, -0.44, 1.02],
						"0.7917": [-1.47, -0.56, 1.07],
						"0.8333": [-1.45, -0.61, 1.13],
						"0.9167": [-1.42, -0.49, 1.23],
						"0.9583": [-1.4, -0.3, 1.35],
						"1.0": [-1.4, -0.19, 1.48],
						"1.0417": [-1.4, -0.1, 1.6],
						"1.0833": [-1.4, -0.05, 1.65],
						"1.1667": [-1.39, 0, 1.68],
						"1.2083": [-1.4, 0, 1.7],
						"1.25": [-1.46, -0.12, 1.71],
						"1.2917": [-1.5, -0.25, 1.7],
						"1.3333": [-1.45, -0.3, 1.65],
						"1.4167": [-1.4, -0.3, 1.6],
						"1.4583": [-1.47, -0.25, 1.59],
						"1.5": [-1.5, -0.2, 1.6],
						"1.5417": [-1.4, -0.09, 1.59],
						"1.5833": [-1.09, -0.22, 1.6],
						"1.6667": [-0.36, -1.06, 1.59],
						"1.7083": [0.44, -2.02, 1.7],
						"1.75": [0.92, -2.51, 2.2],
						"1.7917": [1.4, -3, 2.7],
						"1.8333": [1.56, -2.93, 2.7],
						"1.9167": [1.72, -2.87, 2.7],
						"1.9583": [1.88, -2.8, 2.7],
						"2.0": [1.64, -2.85, 2.7],
						"2.0417": [1.4, -2.9, 2.7],
						"2.0833": [1.1, -3.1, 2.7],
						"2.1667": [1, -3.3, 2.7],
						"2.2083": [1.05, -3.1, 2.7],
						"2.25": [1.1, -2.9, 2.7],
						"2.2917": [1.6, -2.36, 2.6],
						"2.3333": [1.6, -2.97, 2.7],
						"2.4167": [1.7, -3.3, 2.7],
						"2.4583": [1.29, -3.75, 2.58],
						"2.5": [0.8, -4.08, 2.07],
						"2.5417": [0.33, -3.49, -1.12],
						"2.5833": [0.04, -2.24, -1.55],
						"2.6667": [-0.2, -1, -1.4],
						"2.7083": [-0.23, -0.62, -0.73],
						"2.75": [-0.19, -0.52, 0.08],
						"2.7917": [-0.1, -0.25, 0.88],
						"2.8333": [-0.04, -0.11, 0.49],
						"2.9167": [0, 0, 0],
						"2.9583": [0.01, 0.02, -0.06],
						"3.0": [0, 0, 0]
					}
				},
				"mag_and_bullet2": {
					"rotation": {
						"0.25": [0, 0, 0],
						"0.2917": [-4.89, -1.3, -64.92],
						"0.3333": [-0.76, -4.11, -63.26],
						"0.4167": [3.36, -6.92, -61.61],
						"0.4583": [0.36, -6.92, -61.61],
						"0.5": [-4.27, -7.15, -64.62],
						"0.5417": [7.73, -7.15, -64.62],
						"0.5833": [26.6, -10.81, -57.42],
						"0.6667": [10.76, -14.72, -49.1],
						"0.7083": [29.48, -6.86, -47.6],
						"0.75": [23.02, -7.57, -43.16],
						"0.7917": [7.01, -10.47, -34.68],
						"0.8333": [-8.79, -13.1, -26.27],
						"0.9167": [-13.55, -11.75, -22.43],
						"0.9583": [-17.36, -11.05, -19.66],
						"1.0": [-20.69, -9.71, -16.67],
						"1.0417": [-21.59, -3.28, -11.08],
						"1.0833": [-26, 0, -4.41],
						"1.1667": [-32, 0, -1.76],
						"1.2083": [-31, 0, 0],
						"1.25": [0, 0, 0]
					},
					"position": {
						"0.25": [0, -16, 15],
						"0.2917": [3, -15, 5],
						"0.3333": [1.5, -8.6, 4.15],
						"0.4167": [0, -2.2, 3.3],
						"0.4583": [0, -2.2, 3.2],
						"0.5": [0, -2.2, 3],
						"0.5417": [0, -2.6, 2.5],
						"0.5833": [0, -2.6, 1],
						"0.6667": [0, -2.6, -1.5],
						"0.7083": [0, -3.2, -3],
						"0.75": [0.18, -3.24, -2.78],
						"0.7917": [0.57, -3.27, -2.1],
						"0.8333": [0.9, -3.2, -1.4],
						"0.9167": [0.66, -2.44, -1.08],
						"0.9583": [0.46, -1.82, -0.82],
						"1.0": [0.3, -1.3, -0.6],
						"1.0417": [0.4, -1.3, -0.6],
						"1.0833": [0.1, -1, -0.5],
						"1.1667": [0.1, -1, -0.6],
						"1.2083": [0.1, -1, -0.6],
						"1.25": [0, 0, 0]
					}
				},
				"lefthand2": {
					"rotation": {
						"0.0": [90.45, -389.73, -129.57],
						"0.0417": [125.98, -389.22, -188.25],
						"0.0833": [161.51, -388.72, -246.92],
						"0.1667": [150.11, -372.38, -255.56],
						"0.2083": [138.72, -356.04, -264.19],
						"0.25": [124.38, -351.07, -261.19],
						"0.2917": [110.03, -346.1, -258.19],
						"0.3333": [110.03, -346.1, -258.19],
						"0.4167": [110.03, -346.1, -258.19],
						"0.4583": [114.03, -346.1, -258.19],
						"0.5": [122.03, -346.1, -258.19],
						"0.5417": [112.3, -348.32, -252.47],
						"0.5833": [100.99, -352.95, -254.38],
						"0.6667": [101.08, -350.01, -253.8],
						"0.7083": [92.64, -350.3, -244.67],
						"0.75": [95.09, -347.99, -243.28],
						"0.7917": [100.21, -343.66, -242.82],
						"0.8333": [107.62, -338.83, -241.01],
						"0.9167": [128.34, -332.42, -228.75],
						"0.9583": [132.35, -336.96, -221.05],
						"1.0": [134.31, -342.92, -214.26],
						"1.0417": [138.57, -347.98, -209.26],
						"1.0833": [142.65, -347.59, -196.19],
						"1.1667": [149.65, -347.59, -196.19],
						"1.2083": [153.65, -347.59, -196.19],
						"1.25": [111.04, -357.56, -200.87],
						"1.2917": [115.94, -356.64, -202.78],
						"1.3333": [115.1, -358.45, -199.21],
						"1.4167": [115.1, -358.45, -199.21],
						"1.4583": [109.5, -368.95, -179.08],
						"1.5": [103.9, -379.44, -158.95],
						"1.5417": [98.29, -389.94, -138.82],
						"1.5833": [98.29, -389.94, -138.82],
						"1.6667": [95.4, -389.93, -137.59],
						"1.7083": [91.13, -389.91, -135.78],
						"1.75": [86.42, -389.88, -133.78],
						"1.7917": [82.15, -389.86, -131.97],
						"1.8333": [79.26, -389.85, -130.74],
						"1.9167": [78.56, -389.85, -130.46],
						"1.9583": [78.03, -389.85, -130.28],
						"2.0": [77.66, -389.85, -130.18],
						"2.0417": [77.43, -389.85, -130.15],
						"2.0833": [77.34, -389.85, -130.18],
						"2.1667": [77.37, -389.85, -130.25],
						"2.2083": [77.5, -389.85, -130.35],
						"2.25": [77.72, -389.85, -130.46],
						"2.2917": [78.02, -389.85, -130.57],
						"2.3333": [78.39, -389.85, -130.66],
						"2.4167": [78.8, -389.85, -130.72],
						"2.4583": [79.26, -389.85, -130.74],
						"2.5": [82.6, -389.85, -130.7],
						"2.5417": [87.2, -389.84, -130.64],
						"2.5833": [90.53, -389.83, -130.5],
						"2.6667": [91.2, -389.78, -130.02],
						"2.7083": [90.45, -389.73, -129.57]
					},
					"position": {
						"0.0": [7.4, -11.7, -8.5],
						"0.0417": [11.3, -15.16, -6.56],
						"0.0833": [15.2, -18.63, -4.63],
						"0.1667": [19.3, -24.16, -6.56],
						"0.2083": [23.4, -29.7, -8.5],
						"0.25": [18.7, -29.3, -3.05],
						"0.2917": [14, -28.9, 2.4],
						"0.3333": [12.95, -22.26, 2.39],
						"0.4167": [11.9, -15.62, 2.38],
						"0.4583": [11.9, -15.62, 1.38],
						"0.5": [11.7, -15.62, 0.28],
						"0.5417": [12, -16.22, 1.48],
						"0.5833": [12.4, -17.52, 1.28],
						"0.6667": [12.4, -17.82, -2.42],
						"0.7083": [12, -19.22, -1.72],
						"0.75": [11.97, -19.4, -2.46],
						"0.7917": [12.04, -19.59, -3.84],
						"0.8333": [12, -19.62, -5.13],
						"0.9167": [11.09, -18.44, -5.21],
						"0.9583": [10.43, -17.77, -5.34],
						"1.0": [9.75, -17.27, -5.45],
						"1.0417": [8.54, -17.41, -5.39],
						"1.0833": [7.57, -16.99, -5.78],
						"1.1667": [7.35, -16.26, -6.56],
						"1.2083": [7.35, -16.26, -6.56],
						"1.25": [7.08, -17.81, -2.9],
						"1.2917": [7.08, -17.64, -2.41],
						"1.3333": [7.08, -17.48, -1.92],
						"1.4167": [7.08, -17.32, -1.42],
						"1.4583": [6.89, -16.25, -2.92],
						"1.5": [6.7, -15.19, -4.42],
						"1.5417": [7.1, -13.29, -5.65],
						"1.5833": [7.3, -11.62, -5.12],
						"1.6667": [7.36, -11.66, -5.59],
						"1.7083": [7.43, -11.87, -6.32],
						"1.75": [7.5, -12.15, -7.14],
						"1.7917": [7.56, -12.42, -7.89],
						"1.8333": [7.6, -12.6, -8.4],
						"1.9167": [7.61, -12.64, -8.51],
						"1.9583": [7.62, -12.67, -8.59],
						"2.0": [7.63, -12.69, -8.63],
						"2.0417": [7.63, -12.71, -8.64],
						"2.0833": [7.63, -12.72, -8.63],
						"2.1667": [7.63, -12.72, -8.6],
						"2.2083": [7.63, -12.71, -8.56],
						"2.25": [7.63, -12.7, -8.51],
						"2.2917": [7.62, -12.69, -8.47],
						"2.3333": [7.62, -12.66, -8.43],
						"2.4167": [7.61, -12.63, -8.41],
						"2.4583": [7.6, -12.6, -8.4],
						"2.5": [7.57, -12.46, -8.42],
						"2.5417": [7.52, -12.26, -8.44],
						"2.5833": [7.48, -12.04, -8.46],
						"2.6667": [7.43, -11.84, -8.48],
						"2.7083": [7.4, -11.7, -8.5]
					},
					"scale": [1, 1.5, 1]
				},
				"bolt2": {
					"position": {
						"2.0417": [0, 0, 0],
						"2.0833": [0, 0, 5.2],
						"2.2083": [0, 0, 5.2],
						"2.2917": [0, 0, 0],
						"2.3333": [0, 0, 0.1],
						"2.4583": [0, 0, 0]
					}
				},
				"additional_magazine": {
					"rotation": {
						"0.4583": [0, 0, 0],
						"0.5": [-2.5, 0, 0],
						"0.5417": [-40.35, 1.36, -7.69],
						"0.5833": [-80.94, -5.24, -22.93],
						"0.6667": [-101.58, 0.87, -57.44],
						"0.7083": [-107.08, -6.14, -87.98],
						"0.75": [-114.66, -17.18, -123.29],
						"0.7917": [-140.94, -29.32, -134.9],
						"0.8333": [-205.79, -43.83, -100.88],
						"0.9167": [-289.34, -59.46, -43.16],
						"0.9583": [-348.58, -69.44, 0.93],
						"1.0": [-377.08, -70.32, 16.86],
						"1.0417": [-337.45, -58.83, 14.05],
						"1.0833": [-168.72, -29.41, 7.03],
						"1.1667": [0, 0, 0]
					},
					"position": {
						"0.4583": [0, 0, 0],
						"0.5": [0, 0, 0],
						"0.5417": [0, -2.2, -1.2],
						"0.5833": [2.7, -4.5, -4],
						"0.6667": [5.1, -6.3, -8.1],
						"0.7083": [6.27, -7.39, -11.04],
						"0.75": [7.3, -9.5, -14.1],
						"0.7917": [8.27, -14.14, -16.8],
						"0.8333": [8.6, -19.4, -19.1],
						"0.9167": [7.47, -23.14, -20.77],
						"0.9583": [5.62, -27.59, -21.88],
						"1.0": [3.8, -35.32, -23.75],
						"1.0417": [1.13, -43.16, -22.42],
						"1.0833": [-8.61, -52.18, 0.38],
						"1.1667": [-2.3, -32.2, 15.6]
					}
				},
				"righthand2": {
					"rotation": {
						"0.0": [100.03742, 4.92385, -179.12962],
						"0.2083": [91.04, 4.92, -179.13],
						"1.7083": [91.04, 4.92, -179.13],
						"1.75": [100.06, 9.92, -179.04],
						"1.7917": [109.07, 14.92, -178.94],
						"1.8333": [116.06, 25.43, -201.52],
						"1.9167": [123.04, 35.95, -224.1],
						"1.9583": [100.92, 38.04, -250.3],
						"2.0": [78.8, 40.14, -276.5],
						"2.0417": [80.8, 40.14, -276.5],
						"2.0833": [69.8, 40.14, -276.5],
						"2.1667": [73.6, 40.48, -275.27],
						"2.2083": [71.41, 39.98, -277.11],
						"2.25": [69.23, 39.47, -278.95],
						"2.2917": [73.23, 39.47, -278.95],
						"2.3333": [73.23, 39.47, -278.95],
						"2.4167": [73.23, 39.47, -278.95],
						"2.4583": [73.23, 39.47, -278.95],
						"2.5": [73.23, 39.47, -278.95],
						"2.5417": [89.17, 28.13, -228.04],
						"2.5833": [105.1, 16.79, -177.14],
						"2.6667": [102.57, 10.86, -178.13],
						"2.7083": [100.04, 4.92, -179.13]
					},
					"position": {
						"0.0": [-6.8, -14.2, 7.4],
						"0.2083": [-6.8, -14.2, 8.5],
						"1.7083": [-6.8, -14.2, 8.5],
						"1.75": [-8.05, -14.2, 8.5],
						"1.7917": [-9.3, -14.2, 8.5],
						"1.8333": [-9.3, -14.2, 4.2],
						"1.9167": [-9.3, -14.2, -0.1],
						"1.9583": [-9.05, -12.75, -0.85],
						"2.0": [-8.8, -11.3, -1.6],
						"2.0417": [-8.8, -11.3, -1.7],
						"2.0833": [-8.7, -11.3, 3.1],
						"2.1667": [-8.6, -11.3, 3.2],
						"2.2083": [-8.52, -11.3, 2.7],
						"2.25": [-8.6, -11.3, 3],
						"2.2917": [-9.8, -11.3, 9.5],
						"2.3333": [-9.8, -14.2, 13.4],
						"2.4167": [-9.91, -14.41, 13.91],
						"2.4583": [-10.02, -14.31, 13.99],
						"2.5": [-9.8, -14.2, 13.4],
						"2.5417": [-9.19, -14.2, 12.18],
						"2.5833": [-8.3, -14.2, 10.4],
						"2.6667": [-7.41, -14.2, 8.62],
						"2.7083": [-6.8, -14.2, 7.4]
					},
					"scale": [1, 1.5, 1]
				}
			},
			"sound_effects": {
				"0.0": {
					"effect": "ss1v1.magless"
				}
			}
		},
		"animation.ss1v1.fp.sprint": {
			"loop": true,
			"animation_length": 0.7917,
			"bones": {
				"root": {
					"rotation": [0, -180, 0]
				},
				"bone27": {
					"scale": 0
				},
				"muzzleflash": {
					"position": [0, 0, 78]
				},
				"aimscopeanimidk": {
					"scale": 0
				},
				"root3": {
					"rotation": {
						"0.0": [-36.52, -35.74, 32.48],
						"0.0417": [-32.27, -37.05, 28.57],
						"0.0833": [-28.28, -39.11, 24.8],
						"0.1667": [-28.4, -41.87, 24.55],
						"0.2083": [-30.29, -45.12, 25.96],
						"0.25": [-32.29, -47.74, 27.79],
						"0.2917": [-34.73, -50.52, 30.11],
						"0.3333": [-36.18, -52.5, 31.56],
						"0.4167": [-35.37, -53.43, 30.99],
						"0.4583": [-33.57, -53.55, 29.56],
						"0.5": [-33.2, -52.65, 29.35],
						"0.5417": [-36.12, -50.26, 32.02],
						"0.5833": [-40.46, -46.84, 35.9],
						"0.6667": [-43, -43.56, 38.17],
						"0.7083": [-41.8, -40.57, 37.14],
						"0.75": [-38.8, -37.72, 34.49],
						"0.7917": [-36.52, -35.74, 32.48]
					},
					"position": {
						"0.0": [-3.18, -5.3, -0.64],
						"0.0417": [-2.41, -6.38, -0.64],
						"0.0833": [-1.48, -7.24, -0.64],
						"0.1667": [-0.74, -6.55, -0.64],
						"0.2083": [-0.17, -5.45, -0.64],
						"0.25": [0.21, -4.05, -0.64],
						"0.2917": [0.46, -3.88, -0.64],
						"0.3333": [0.62, -4.18, -0.64],
						"0.4167": [0.64, -4.9, -0.64],
						"0.4583": [0.58, -5.87, -0.64],
						"0.5": [0.32, -6.43, -0.64],
						"0.5417": [-0.67, -5.98, -0.64],
						"0.5833": [-1.8, -5.13, -0.64],
						"0.6667": [-2.63, -4.52, -0.64],
						"0.7083": [-3.19, -4.22, -0.64],
						"0.75": [-3.27, -4.7, -0.64],
						"0.7917": [-3.18, -5.3, -0.64]
					}
				},
				"lefthand2": {
					"rotation": [90.4533, -389.73135, -129.57361],
					"position": [7.4, -11.7, -8.5],
					"scale": [1, 1.5, 1]
				},
				"righthand2": {
					"rotation": [100.03742, 4.92385, -179.12962],
					"position": [-6.8, -14.2, 7.4],
					"scale": [1, 1.5, 1]
				}
			}
		},
		"animation.ss1v1.fp.sight.holo512": {
			"loop": "hold_on_last_frame",
			"bones": {
				"root": {
					"rotation": [0, -180, 0]
				},
				"body": {
					"position": [4.875, 4.408, 6]
				},
				"bone27": {
					"scale": 0
				},
				"muzzleflash": {
					"position": [0, 0, 78]
				}
			}
		},
		"animation.ss1v1.fp.reload2": {
			"loop": "hold_on_last_frame",
			"animation_length": 4.0333,
			"bones": {
				"root": {
					"rotation": [0, -180, 0]
				},
				"bone27": {
					"scale": 0
				},
				"muzzleflash": {
					"position": [0, 0, 78]
				},
				"aimscopeanimidk": {
					"scale": 0
				},
				"root3": {
					"rotation": {
						"0.0": [0, 0, 0],
						"0.0667": [0.75, -0.03, 1.5],
						"0.1": [1.84, -0.09, 4.4],
						"0.1667": [3, -0.1, 6],
						"0.2": [3.91, 0.22, 2.44],
						"0.2667": [4.31, 0.23, -2.99],
						"0.3": [3.62, -1.01, -8.74],
						"0.3667": [2.57, -2.4, -13.49],
						"0.4": [1.01, -3.3, -14.48],
						"0.4667": [-0.97, -3.49, -16.47],
						"0.5": [-4.35, -3.49, -16.47],
						"0.5667": [-7.55, -3.72, -18.46],
						"0.6": [-18.42, -3.41, -15.98],
						"0.6667": [-20, -4.56, -21.35],
						"0.7": [-16.42, -3.73, -18.3],
						"0.7667": [-13.44, -4.47, -22.39],
						"0.8": [-12.71, -4.33, -21.66],
						"0.8667": [-12.21, -4.17, -21.09],
						"0.9": [-11.52, -4.39, -23.57],
						"0.9667": [-11.07, -4.69, -26.42],
						"1.0": [-11.33, -4.9, -27.56],
						"1.0667": [-11.75, -5.05, -28.06],
						"1.1": [-11.88, -5.13, -28.31],
						"1.1667": [-11.98, -5.14, -28.25],
						"1.2": [-12.45, -4.95, -27.38],
						"1.2667": [-14.49, -3.97, -25.54],
						"1.3": [-8.79, -3.45, -28.47],
						"1.3667": [-10.44, -4.75, -28.43],
						"1.4": [-9.52, -4.79, -29.98],
						"1.4667": [-9.18, -3.48, -24.91],
						"1.5": [-6.92, -1.21, -23.66],
						"1.5667": [-4.58, 1.07, -21.26],
						"1.6": [-3.62, 2.02, -14.6],
						"1.6667": [-3.58, 2.49, -7.02],
						"1.7": [-6.45, 3.18, 3.99],
						"1.7667": [-14.1, 0.62, 15.26],
						"1.8": [-22.35, -2.09, 26.28],
						"1.8667": [-27.05, -2.63, 32.12],
						"1.9": [-30.03, -2.61, 35.34],
						"1.9667": [-31.12, -2.97, 36.39],
						"2.0": [-31.61, -3.36, 36.58],
						"2.0333": [-32.2, -3.29, 36.7],
						"2.1": [-35.27, 0.05, 37.44],
						"2.1667": [-35.82, -1.15, 34.67],
						"2.2": [-35.51, -0.34, 36.51],
						"2.2667": [-37.75, -2.97, 33.22],
						"2.3": [-33.57, -0.44, 36],
						"2.3667": [-33.94, -1.69, 33.02],
						"2.4": [-32.63, -1.39, 33.74],
						"2.4667": [-28.28, -0.72, 31.28],
						"2.5": [-16.2, 0.23, 17.18],
						"2.5667": [-4.3, 0.97, 2.83],
						"2.6": [-0.79, 0.72, -1.1],
						"2.6667": [-0.02, 0.26, -1.01],
						"2.7": [1.39, 0.23, 0.9],
						"2.7667": [2.01, 0.28, 2.75],
						"2.8": [1.12, 0.28, 0.76],
						"2.8667": [-0.01, 0.24, -1.5],
						"2.9": [-0.13, 0.11, -1.02],
						"2.9667": [0, 0, 0]
					},
					"position": {
						"0.0": [0, 0, 0],
						"0.0667": [-0.09, -0.39, 0.13],
						"0.1": [-0.2, -0.8, 0.4],
						"0.1667": [-0.27, -0.96, 0.97],
						"0.2": [-0.38, -0.92, 1.58],
						"0.2667": [-0.61, -0.51, 2.02],
						"0.3": [-0.87, -0.1, 2.33],
						"0.3667": [-1.15, -0.12, 2.47],
						"0.4": [-1.37, -0.2, 2.48],
						"0.4667": [-1.44, -0.06, 2.3],
						"0.5": [-1.5, 0.08, 2.13],
						"0.5667": [-1.5, 0.14, 1.73],
						"0.6": [-1.5, 0.2, 1.33],
						"0.6667": [-1.5, -0.02, 1.12],
						"0.7": [-1.5, -0.3, 1.02],
						"0.7667": [-1.49, -0.44, 1.02],
						"0.8": [-1.47, -0.56, 1.07],
						"0.8667": [-1.45, -0.61, 1.13],
						"0.9": [-1.42, -0.49, 1.23],
						"0.9667": [-1.4, -0.3, 1.35],
						"1.0": [-1.4, -0.19, 1.48],
						"1.0667": [-1.4, -0.1, 1.6],
						"1.1": [-1.4, -0.05, 1.65],
						"1.1667": [-1.39, 0, 1.68],
						"1.2": [-1.4, 0, 1.7],
						"1.2667": [-1.46, -0.12, 1.71],
						"1.3": [-1.5, -0.25, 1.7],
						"1.3667": [-1.45, -0.3, 1.65],
						"1.4": [-1.4, -0.3, 1.6],
						"1.4667": [-1.47, -0.25, 1.59],
						"1.5": [-1.5, -0.2, 1.6],
						"1.5667": [-1.4, -0.09, 1.59],
						"1.6": [-1.09, -0.22, 1.6],
						"1.6667": [-0.36, -1.06, 1.59],
						"1.7": [0.44, -2.02, 1.7],
						"1.7667": [0.92, -2.51, 2.2],
						"1.8": [1.4, -3, 2.7],
						"1.8667": [1.56, -2.93, 2.7],
						"1.9": [1.72, -2.87, 2.7],
						"1.9667": [1.88, -2.8, 2.7],
						"2.0": [1.64, -2.85, 2.7],
						"2.0333": [1.4, -2.9, 2.7],
						"2.1": [1.1, -3.1, 2.7],
						"2.1667": [1, -3.3, 2.7],
						"2.2": [1.05, -3.1, 2.7],
						"2.2667": [1.1, -2.9, 2.7],
						"2.3": [1.6, -2.36, 2.6],
						"2.3667": [1.6, -2.97, 2.7],
						"2.4": [1.7, -3.3, 2.7],
						"2.4667": [1.29, -3.75, 2.58],
						"2.5": [0.8, -4.08, 2.07],
						"2.5667": [0.33, -3.49, -1.12],
						"2.6": [0.04, -2.24, -1.55],
						"2.6667": [-0.2, -1, -1.4],
						"2.7": [-0.23, -0.62, -0.73],
						"2.7667": [-0.19, -0.52, 0.08],
						"2.8": [-0.1, -0.25, 0.88],
						"2.8667": [-0.04, -0.11, 0.49],
						"2.9": [0, 0, 0],
						"2.9667": [0.01, 0.02, -0.06],
						"3.0": [0, 0, 0]
					}
				},
				"mag_and_bullet2": {
					"rotation": {
						"0.2667": [0, 0, 0],
						"0.3": [-4.89, -1.3, -64.92],
						"0.3667": [-0.76, -4.11, -63.26],
						"0.4": [3.36, -6.92, -61.61],
						"0.4667": [0.36, -6.92, -61.61],
						"0.5": [-4.27, -7.15, -64.62],
						"0.5667": [7.73, -7.15, -64.62],
						"0.6": [26.6, -10.81, -57.42],
						"0.6667": [10.76, -14.72, -49.1],
						"0.7": [29.48, -6.86, -47.6],
						"0.7667": [23.02, -7.57, -43.16],
						"0.8": [7.01, -10.47, -34.68],
						"0.8667": [-8.79, -13.1, -26.27],
						"0.9": [-13.55, -11.75, -22.43],
						"0.9667": [-17.36, -11.05, -19.66],
						"1.0": [-20.69, -9.71, -16.67],
						"1.0667": [-21.59, -3.28, -11.08],
						"1.1": [-26, 0, -4.41],
						"1.1667": [-32, 0, -1.76],
						"1.2": [-31, 0, 0],
						"1.2667": [0, 0, 0]
					},
					"position": {
						"0.2667": [0, -16, 15],
						"0.3": [3, -15, 5],
						"0.3667": [1.5, -8.6, 4.15],
						"0.4": [0, -2.2, 3.3],
						"0.4667": [0, -2.2, 3.2],
						"0.5": [0, -2.2, 3],
						"0.5667": [0, -2.6, 2.5],
						"0.6": [0, -2.6, 1],
						"0.6667": [0, -2.6, -1.5],
						"0.7": [0, -3.2, -3],
						"0.7667": [0.18, -3.24, -2.78],
						"0.8": [0.57, -3.27, -2.1],
						"0.8667": [0.9, -3.2, -1.4],
						"0.9": [0.66, -2.44, -1.08],
						"0.9667": [0.46, -1.82, -0.82],
						"1.0": [0.3, -1.3, -0.6],
						"1.0667": [0.4, -1.3, -0.6],
						"1.1": [0.1, -1, -0.5],
						"1.1667": [0.1, -1, -0.6],
						"1.2": [0.1, -1, -0.6],
						"1.2667": [0, 0, 0]
					}
				},
				"lefthand2": {
					"rotation": {
						"0.0": [90.45, -389.73, -129.57],
						"0.0667": [125.98, -389.22, -188.25],
						"0.1": [161.51, -388.72, -246.92],
						"0.1667": [150.11, -372.38, -255.56],
						"0.2": [138.72, -356.04, -264.19],
						"0.2667": [124.38, -351.07, -261.19],
						"0.3": [110.03, -346.1, -258.19],
						"0.3667": [110.03, -346.1, -258.19],
						"0.4": [110.03, -346.1, -258.19],
						"0.4667": [114.03, -346.1, -258.19],
						"0.5": [122.03, -346.1, -258.19],
						"0.5667": [112.3, -348.32, -252.47],
						"0.6": [100.99, -352.95, -254.38],
						"0.6667": [101.08, -350.01, -253.8],
						"0.7": [92.64, -350.3, -244.67],
						"0.7667": [95.09, -347.99, -243.28],
						"0.8": [100.21, -343.66, -242.82],
						"0.8667": [107.62, -338.83, -241.01],
						"0.9": [128.34, -332.42, -228.75],
						"0.9667": [132.35, -336.96, -221.05],
						"1.0": [134.31, -342.92, -214.26],
						"1.0667": [138.57, -347.98, -209.26],
						"1.1": [142.65, -347.59, -196.19],
						"1.1667": [149.65, -347.59, -196.19],
						"1.2": [153.65, -347.59, -196.19],
						"1.2667": [111.04, -357.56, -200.87],
						"1.3": [115.94, -356.64, -202.78],
						"1.3667": [115.1, -358.45, -199.21],
						"1.4": [115.1, -358.45, -199.21],
						"1.4667": [109.5, -368.95, -179.08],
						"1.5": [103.9, -379.44, -158.95],
						"1.5667": [98.29, -389.94, -138.82],
						"1.6": [98.29, -389.94, -138.82],
						"1.6667": [95.4, -389.93, -137.59],
						"1.7": [91.13, -389.91, -135.78],
						"1.7667": [86.42, -389.88, -133.78],
						"1.8": [82.15, -389.86, -131.97],
						"1.8667": [79.26, -389.85, -130.74],
						"1.9": [78.56, -389.85, -130.46],
						"1.9667": [78.03, -389.85, -130.28],
						"2.0": [77.66, -389.85, -130.18],
						"2.0333": [77.43, -389.85, -130.15],
						"2.1": [77.34, -389.85, -130.18],
						"2.1667": [77.37, -389.85, -130.25],
						"2.2": [77.5, -389.85, -130.35],
						"2.2667": [77.72, -389.85, -130.46],
						"2.3": [78.02, -389.85, -130.57],
						"2.3667": [78.39, -389.85, -130.66],
						"2.4": [78.8, -389.85, -130.72],
						"2.4667": [79.26, -389.85, -130.74],
						"2.5": [82.6, -389.85, -130.7],
						"2.5667": [87.2, -389.84, -130.64],
						"2.6": [90.53, -389.83, -130.5],
						"2.6667": [91.2, -389.78, -130.02],
						"2.7": [90.45, -389.73, -129.57]
					},
					"position": {
						"0.0": [7.4, -11.7, -8.5],
						"0.0667": [11.3, -15.16, -6.56],
						"0.1": [15.2, -18.63, -4.63],
						"0.1667": [19.3, -24.16, -6.56],
						"0.2": [23.4, -29.7, -8.5],
						"0.2667": [18.7, -29.3, -3.05],
						"0.3": [14, -28.9, 2.4],
						"0.3667": [12.95, -22.26, 2.39],
						"0.4": [11.9, -15.62, 2.38],
						"0.4667": [11.9, -15.62, 1.38],
						"0.5": [11.7, -15.62, 0.28],
						"0.5667": [12, -16.22, 1.48],
						"0.6": [12.4, -17.52, 1.28],
						"0.6667": [12.4, -17.82, -2.42],
						"0.7": [12, -19.22, -1.72],
						"0.7667": [11.97, -19.4, -2.46],
						"0.8": [12.04, -19.59, -3.84],
						"0.8667": [12, -19.62, -5.13],
						"0.9": [11.09, -18.44, -5.21],
						"0.9667": [10.43, -17.77, -5.34],
						"1.0": [9.75, -17.27, -5.45],
						"1.0667": [8.54, -17.41, -5.39],
						"1.1": [7.57, -16.99, -5.78],
						"1.1667": [7.35, -16.26, -6.56],
						"1.2": [7.35, -16.26, -6.56],
						"1.2667": [7.08, -17.81, -2.9],
						"1.3": [7.08, -17.64, -2.41],
						"1.3667": [7.08, -17.48, -1.92],
						"1.4": [7.08, -17.32, -1.42],
						"1.4667": [6.89, -16.25, -2.92],
						"1.5": [6.7, -15.19, -4.42],
						"1.5667": [7.1, -13.29, -5.65],
						"1.6": [7.3, -11.62, -5.12],
						"1.6667": [7.36, -11.66, -5.59],
						"1.7": [7.43, -11.87, -6.32],
						"1.7667": [7.5, -12.15, -7.14],
						"1.8": [7.56, -12.42, -7.89],
						"1.8667": [7.6, -12.6, -8.4],
						"1.9": [7.61, -12.64, -8.51],
						"1.9667": [7.62, -12.67, -8.59],
						"2.0": [7.63, -12.69, -8.63],
						"2.0333": [7.63, -12.71, -8.64],
						"2.1": [7.63, -12.72, -8.63],
						"2.1667": [7.63, -12.72, -8.6],
						"2.2": [7.63, -12.71, -8.56],
						"2.2667": [7.63, -12.7, -8.51],
						"2.3": [7.62, -12.69, -8.47],
						"2.3667": [7.62, -12.66, -8.43],
						"2.4": [7.61, -12.63, -8.41],
						"2.4667": [7.6, -12.6, -8.4],
						"2.5": [7.57, -12.46, -8.42],
						"2.5667": [7.52, -12.26, -8.44],
						"2.6": [7.48, -12.04, -8.46],
						"2.6667": [7.43, -11.84, -8.48],
						"2.7": [7.4, -11.7, -8.5]
					},
					"scale": [1, 1.5, 1]
				},
				"bolt2": {
					"position": {
						"2.0333": [0, 0, 0],
						"2.1": [0, 0, 5.2],
						"2.2": [0, 0, 5.2],
						"2.3": [0, 0, 0],
						"2.3667": [0, 0, 0.1],
						"2.4667": [0, 0, 0]
					}
				},
				"additional_magazine": {
					"rotation": {
						"0.4667": [0, 0, 0],
						"0.5": [-2.5, 0, 0],
						"0.5667": [-40.35, 1.36, -7.69],
						"0.6": [-80.94, -5.24, -22.93],
						"0.6667": [-101.58, 0.87, -57.44],
						"0.7": [-107.08, -6.14, -87.98],
						"0.7667": [-114.66, -17.18, -123.29],
						"0.8": [-140.94, -29.32, -134.9],
						"0.8667": [-205.79, -43.83, -100.88],
						"0.9": [-289.34, -59.46, -43.16],
						"0.9667": [-348.58, -69.44, 0.93],
						"1.0": [-377.08, -70.32, 16.86],
						"1.0667": [-337.45, -58.83, 14.05],
						"1.1": [-168.72, -29.41, 7.03],
						"1.1667": [0, 0, 0]
					},
					"position": {
						"0.4667": [0, 0, 0],
						"0.5": [0, 0, 0],
						"0.5667": [0, -2.2, -1.2],
						"0.6": [2.7, -4.5, -4],
						"0.6667": [5.1, -6.3, -8.1],
						"0.7": [6.27, -7.39, -11.04],
						"0.7667": [7.3, -9.5, -14.1],
						"0.8": [8.27, -14.14, -16.8],
						"0.8667": [8.6, -19.4, -19.1],
						"0.9": [7.47, -23.14, -20.77],
						"0.9667": [5.62, -27.59, -21.88],
						"1.0": [3.8, -35.32, -23.75],
						"1.0667": [1.13, -43.16, -22.42],
						"1.1": [-8.61, -52.18, 0.38],
						"1.1667": [-2.3, -32.2, 15.6]
					}
				},
				"righthand2": {
					"rotation": {
						"0.0": [100.03742, 4.92385, -179.12962],
						"0.2": [91.04, 4.92, -179.13],
						"1.7": [91.04, 4.92, -179.13],
						"1.7667": [100.06, 9.92, -179.04],
						"1.8": [109.07, 14.92, -178.94],
						"1.8667": [116.06, 25.43, -201.52],
						"1.9": [123.04, 35.95, -224.1],
						"1.9667": [100.92, 38.04, -250.3],
						"2.0": [78.8, 40.14, -276.5],
						"2.0333": [80.8, 40.14, -276.5],
						"2.1": [69.8, 40.14, -276.5],
						"2.1667": [73.6, 40.48, -275.27],
						"2.2": [71.41, 39.98, -277.11],
						"2.2667": [69.23, 39.47, -278.95],
						"2.3": [73.23, 39.47, -278.95],
						"2.3667": [73.23, 39.47, -278.95],
						"2.4": [73.23, 39.47, -278.95],
						"2.4667": [73.23, 39.47, -278.95],
						"2.5": [73.23, 39.47, -278.95],
						"2.5667": [89.17, 28.13, -228.04],
						"2.6": [105.1, 16.79, -177.14],
						"2.6667": [102.57, 10.86, -178.13],
						"2.7": [100.04, 4.92, -179.13]
					},
					"position": {
						"0.0": [-6.8, -14.2, 7.4],
						"0.2": [-6.8, -14.2, 8.5],
						"1.7": [-6.8, -14.2, 8.5],
						"1.7667": [-8.05, -14.2, 8.5],
						"1.8": [-9.3, -14.2, 8.5],
						"1.8667": [-9.3, -14.2, 4.2],
						"1.9": [-9.3, -14.2, -0.1],
						"1.9667": [-9.05, -12.75, -0.85],
						"2.0": [-8.8, -11.3, -1.6],
						"2.0333": [-8.8, -11.3, -1.7],
						"2.1": [-8.7, -11.3, 3.1],
						"2.1667": [-8.6, -11.3, 3.2],
						"2.2": [-8.52, -11.3, 2.7],
						"2.2667": [-8.6, -11.3, 3],
						"2.3": [-9.8, -11.3, 9.5],
						"2.3667": [-9.8, -14.2, 13.4],
						"2.4": [-9.91, -14.41, 13.91],
						"2.4667": [-10.02, -14.31, 13.99],
						"2.5": [-9.8, -14.2, 13.4],
						"2.5667": [-9.19, -14.2, 12.18],
						"2.6": [-8.3, -14.2, 10.4],
						"2.6667": [-7.41, -14.2, 8.62],
						"2.7": [-6.8, -14.2, 7.4]
					},
					"scale": [1, 1.5, 1]
				}
			},
			"sound_effects": {
				"0.0": {
					"effect": "ss1v1.magless"
				}
			}
		},
		"animation.ss1v1.muzzleflash.3": {
			"animation_length": 0.05,
			"bones": {
				"muzzleflash": {
					"position": [0, 0, -78],
					"scale": 2
				},
				"muzzleflashfront": {
					"position": [0, 0, -4.6],
					"scale": [1, 1, 1.9]
				},
				"muzzlestar": {
					"scale": 0.3
				}
			}
		},
		"animation.ss1v1.muzzleflash.1": {
			"animation_length": 0.05,
			"bones": {
				"muzzleflash": {
					"position": [0, 0, -78],
					"scale": 2
				},
				"muzzleflashfront": {
					"position": [0, 0, -4.6],
					"scale": [1, 1, 1.9]
				},
				"muzzlestar": {
					"scale": 0.3
				}
			}
		},
		"animation.ss1v1.muzzleflash.2": {
			"animation_length": 0.05,
			"bones": {
				"muzzleflash": {
					"rotation": [0, 0, 45],
					"position": [0, 0, -78],
					"scale": 2
				},
				"muzzleflashfront": {
					"position": [0, 0, -0.5],
					"scale": [1, 1, 1.1]
				},
				"muzzlestar": {
					"scale": 0.3
				}
			}
		},
		"animation.ss1v1.new": {
			"loop": true,
			"bones": {
				"root2": {
					"position": [4, 0, 0]
				}
			}
		},
		"animation.ss1v1.fp.sight.holo": {
			"loop": "hold_on_last_frame",
			"bones": {
				"root": {
					"rotation": [0, -180, 0]
				},
				"body": {
					"position": [4.875, 4.408, 6]
				},
				"bone27": {
					"scale": 0
				},
				"muzzleflash": {
					"position": [0, 0, 78]
				}
			}
		},
		"animation.ss1v1.shoot.nsight": {
			"animation_length": 0.7099,
			"bones": {
				"body": {
					"rotation": {
						"0.0": [0, 0, 0],
						"0.0462": [-2.5, 0, 0],
						"0.1231": [-1.5, -0.5, 0],
						"0.1846": [0, 0.25, 0],
						"0.2769": [0, 0, 0]
					},
					"position": {
						"0.0": [0, 0, 0],
						"0.0462": [0, 0, 2],
						"0.1231": [0, 0, 1.2],
						"0.2769": [0, 0, 0]
					}
				},
				"bolt": {
					"position": {
						"0.0": [0, 0, 0],
						"0.0615": [-0.00916, -0.0733, 6.9013],
						"0.1231": [0, 0, 0]
					}
				},
				"bullet1": {
					"position": {
						"0.0": [0, -0.2, 0],
						"0.0769": [0, 0, 0],
						"0.1538": [0.28865, 0.15457, -2.60438],
						"0.1846": [0, 0, 0]
					}
				},
				"scope": {
					"rotation": {
						"0.0": [0, 0, 0],
						"0.0308": [5, 0, 0],
						"0.1077": [7.5, 0, 0],
						"0.1846": [-2.5, 0, 0],
						"0.2615": [0, 0, 0]
					},
					"position": {
						"0.0": [0, 0, 0],
						"0.0308": [0, 0, -0.2],
						"0.1077": [0, 0, 0],
						"0.2615": [0, 0, 0]
					}
				},
				"root2": {
					"rotation": {
						"0.0": {
							"post": [0, 0, 0],
							"lerp_mode": "catmullrom"
						},
						"0.0308": {
							"post": [0.203, -0.00709, 0.42499],
							"lerp_mode": "catmullrom"
						},
						"0.0615": {
							"post": [-1.03676, -0.22272, -1.1938],
							"lerp_mode": "catmullrom"
						},
						"0.1231": {
							"post": [-0.49333, 0.0345, -0.46515],
							"lerp_mode": "catmullrom"
						},
						"0.2154": {
							"post": [0.26625, 0.0093, 0.5883],
							"lerp_mode": "catmullrom"
						},
						"0.2769": {
							"post": [0.05, 0.15, -0.175],
							"lerp_mode": "catmullrom"
						},
						"0.3385": {
							"post": [-0.175, 0.13, -0.265],
							"lerp_mode": "catmullrom"
						},
						"0.4308": {
							"post": [0, -0.075, 0.35],
							"lerp_mode": "catmullrom"
						},
						"0.4923": {
							"post": [0.05, -0.075, 0.24],
							"lerp_mode": "catmullrom"
						},
						"0.5538": {
							"post": [0.15, -0.05, -0.3],
							"lerp_mode": "catmullrom"
						},
						"0.6462": {
							"post": [0.03, 0, -0.065],
							"lerp_mode": "catmullrom"
						},
						"0.7692": {
							"post": [0, 0, 0],
							"lerp_mode": "catmullrom"
						}
					},
					"position": {
						"0.0": {
							"post": [0, 0, 0],
							"lerp_mode": "catmullrom"
						},
						"0.0308": {
							"post": [0, -0.16875, 1.42734],
							"lerp_mode": "catmullrom"
						},
						"0.0923": {
							"post": [0, -0.015, 1.14],
							"lerp_mode": "catmullrom"
						},
						"0.1846": {
							"post": [0, -0.00156, -0.09609],
							"lerp_mode": "catmullrom"
						},
						"0.2769": {
							"post": [0, -0.075, 0.05703],
							"lerp_mode": "catmullrom"
						},
						"0.3692": {
							"post": [0, 0.005, 0.04],
							"lerp_mode": "catmullrom"
						},
						"0.4308": {
							"post": [0, 0.05, 0],
							"lerp_mode": "catmullrom"
						},
						"0.5231": {
							"post": [0, 0.03, 0],
							"lerp_mode": "catmullrom"
						},
						"0.6154": {
							"post": [0, 0, 0],
							"lerp_mode": "catmullrom"
						},
						"0.7077": {
							"post": [0, 0, 0],
							"lerp_mode": "catmullrom"
						}
					}
				},
				"root3": {
					"rotation": {
						"0.0": [0, 0, 0],
						"0.0154": [-1.75, 0, -1.12],
						"0.0308": [-1.82, 0, 0.15],
						"0.0462": [-1.47, 0, 1.3],
						"0.0615": [-1.2, 0, 1.11],
						"0.0769": [-0.84, 0, 0.62],
						"0.0923": [-0.44, 0, 0],
						"0.1077": [-0.09, 0, -0.54],
						"0.1231": [0.13, 0, -0.81],
						"0.1385": [0.17, 0, -0.54],
						"0.1538": [0, 0, 0.11],
						"0.1692": [-0.12, 0, 0.48],
						"0.1846": [-0.12, 0, 0.3],
						"0.2": [-0.09, 0, -0.12],
						"0.2154": [-0.04, 0, -0.54],
						"0.2308": [0.02, 0, -0.76],
						"0.2462": [0.06, 0, -0.72],
						"0.2615": [0.11, 0, -0.58],
						"0.2769": [0.17, 0, -0.38],
						"0.2923": [0.22, 0, -0.16],
						"0.3077": [0.27, 0, 0.04],
						"0.3231": [0.3, 0, 0.18],
						"0.3385": [0.31, -0.01, 0.24],
						"0.3538": [0.32, -0.01, 0.28],
						"0.3692": [0.31, -0.03, 0.3],
						"0.3846": [0.3, -0.04, 0.3],
						"0.4": [0.29, -0.05, 0.3],
						"0.4154": [0.27, -0.05, 0.29],
						"0.4308": [0.25, -0.05, 0.27],
						"0.4462": [0.22, -0.05, 0.25],
						"0.4615": [0.17, -0.04, 0.2],
						"0.4769": [0.12, -0.03, 0.14],
						"0.4923": [0.07, -0.02, 0.09],
						"0.5077": [0.03, -0.01, 0.03],
						"0.5231": [0, 0, 0]
					},
					"position": {
						"0.0": [0, 0, 0],
						"0.0154": [0, -0.07, 1.55],
						"0.0308": [0, -0.07, 1.59],
						"0.0462": [0, -0.07, 1.56],
						"0.0615": [0, -0.06, 1.47],
						"0.0769": [0, -0.05, 1.34],
						"0.0923": [0, -0.05, 1.19],
						"0.1077": [0, -0.05, 1.04],
						"0.1231": [0, -0.08, 0.77],
						"0.1385": [0, -0.11, 0.43],
						"0.1538": [0, -0.14, 0.11],
						"0.1692": [0, -0.15, -0.1],
						"0.1846": [0, -0.15, -0.14],
						"0.2": [0, -0.14, -0.14],
						"0.2154": [0, -0.13, -0.11],
						"0.2308": [0, -0.12, -0.06],
						"0.2462": [0, -0.1, -0.01],
						"0.2615": [0, -0.09, 0.03],
						"0.2769": [0, -0.07, 0.06],
						"0.2923": [0, -0.06, 0.06],
						"0.3077": [0, -0.05, 0.05],
						"0.3231": [0, -0.04, 0.04],
						"0.3385": [0, -0.03, 0.03],
						"0.3538": [0, -0.02, 0.02],
						"0.3692": [0, -0.01, 0.01],
						"0.3846": [0, 0, 0],
						"0.4": [0, 0, 0],
						"0.4154": [0, 0.01, 0],
						"0.4308": [0, 0.01, 0],
						"0.4462": [0, 0.01, 0],
						"0.4615": [0, 0, 0],
						"0.4769": [0, 0, 0],
						"0.4923": [0, 0, 0],
						"0.5077": [0, 0, 0],
						"0.5231": [0, 0, 0]
					}
				},
				"bolt2": {
					"position": {
						"0.0": [0, 0, 0],
						"0.0308": [0, 0, 5],
						"0.0615": [0, 0, 0],
						"0.0769": [0, 0, 0.3],
						"0.0923": [0, 0, 0],
						"0.1231": [0, 0, 0.1],
						"0.1538": [0, 0, 0]
					}
				}
			},
			"particle_effects": {
				"0.0": {
					"effect": "krep.amrmuzzleflash",
					"locator": "muzzless1"
				}
			}
		},
		"animation.ss1v1.shoot.sight": {
			"animation_length": 0.7667,
			"bones": {
				"body": {
					"position": {
						"0.0": [0, 0, 0],
						"0.05": [0, 0, 1],
						"0.1667": [0, 0, -0.2],
						"0.25": [0, 0, 0]
					}
				},
				"bolt": {
					"position": {
						"0.0": [0, 0, 0],
						"0.0833": [0, 0, 7],
						"0.1667": [0, 0, 0]
					}
				},
				"bullet1": {
					"position": {
						"0.0": [0, -0.4, 0],
						"0.0833": [0, 0, 0],
						"0.1667": [0.3, 0, -2.3],
						"0.2": [0, 0, 0]
					}
				},
				"scope": {
					"rotation": {
						"0.0": [0, 0, 0],
						"0.05": [5, 0, 0],
						"0.1333": [7.5, 0, 0],
						"0.2167": [-2.5, 0, 0],
						"0.3": [0, 0, 0]
					},
					"position": {
						"0.0": [0, 0, 0],
						"0.05": [0, -0.3, -0.5],
						"0.1333": [0, -0.3, 0],
						"0.2": [0, -0.18, 0.2],
						"0.3": [0, 0, 0]
					}
				},
				"root2": {
					"rotation": {
						"0.0": {
							"post": [0, 0, 0],
							"lerp_mode": "catmullrom"
						},
						"0.0333": {
							"post": [0.203, -0.00709, 0.42499],
							"lerp_mode": "catmullrom"
						},
						"0.0667": {
							"post": [-1.03676, -0.22272, -1.1938],
							"lerp_mode": "catmullrom"
						},
						"0.1333": {
							"post": [-0.49333, 0.0345, -0.46515],
							"lerp_mode": "catmullrom"
						},
						"0.2333": {
							"post": [0.26625, 0.0093, 0.5883],
							"lerp_mode": "catmullrom"
						},
						"0.3": {
							"post": [0.05, 0.15, -0.175],
							"lerp_mode": "catmullrom"
						},
						"0.3667": {
							"post": [-0.175, 0.13, -0.265],
							"lerp_mode": "catmullrom"
						},
						"0.4667": {
							"post": [0, -0.075, 0.35],
							"lerp_mode": "catmullrom"
						},
						"0.5333": {
							"post": [0.05, -0.075, 0.24],
							"lerp_mode": "catmullrom"
						},
						"0.6": {
							"post": [0.15, -0.05, -0.3],
							"lerp_mode": "catmullrom"
						},
						"0.7": {
							"post": [0.03, 0, -0.065],
							"lerp_mode": "catmullrom"
						},
						"0.8333": {
							"post": [0, 0, 0],
							"lerp_mode": "catmullrom"
						}
					},
					"position": {
						"0.0": {
							"post": [0, 0, 0],
							"lerp_mode": "catmullrom"
						},
						"0.0333": {
							"post": [0, -0.16875, 1.42734],
							"lerp_mode": "catmullrom"
						},
						"0.1": {
							"post": [0, -0.015, 1.14],
							"lerp_mode": "catmullrom"
						},
						"0.2": {
							"post": [0, -0.00156, -0.09609],
							"lerp_mode": "catmullrom"
						},
						"0.3": {
							"post": [0, -0.075, 0.05703],
							"lerp_mode": "catmullrom"
						},
						"0.4": {
							"post": [0, 0.005, 0.04],
							"lerp_mode": "catmullrom"
						},
						"0.4667": {
							"post": [0, 0.05, 0],
							"lerp_mode": "catmullrom"
						},
						"0.5667": {
							"post": [0, 0.03, 0],
							"lerp_mode": "catmullrom"
						},
						"0.6667": {
							"post": [0, 0, 0],
							"lerp_mode": "catmullrom"
						},
						"0.7667": {
							"post": [0, 0, 0],
							"lerp_mode": "catmullrom"
						}
					}
				},
				"root3": {
					"rotation": {
						"0.0": [0, 0, 0],
						"0.0167": [-1.75, 0, -1.12],
						"0.0333": [-1.82, 0, 0.15],
						"0.05": [-1.47, 0, 1.3],
						"0.0667": [-1.2, 0, 1.11],
						"0.0833": [-0.84, 0, 0.62],
						"0.1": [-0.44, 0, 0],
						"0.1167": [-0.09, 0, -0.54],
						"0.1333": [0.13, 0, -0.81],
						"0.15": [0.17, 0, -0.54],
						"0.1667": [0, 0, 0.11],
						"0.1833": [-0.12, 0, 0.48],
						"0.2": [-0.12, 0, 0.3],
						"0.2167": [-0.09, 0, -0.12],
						"0.2333": [-0.04, 0, -0.54],
						"0.25": [0.02, 0, -0.76],
						"0.2667": [0.06, 0, -0.72],
						"0.2833": [0.11, 0, -0.58],
						"0.3": [0.17, 0, -0.38],
						"0.3167": [0.22, 0, -0.16],
						"0.3333": [0.27, 0, 0.04],
						"0.35": [0.3, 0, 0.18],
						"0.3667": [0.31, -0.01, 0.24],
						"0.3833": [0.32, -0.01, 0.28],
						"0.4": [0.31, -0.03, 0.3],
						"0.4167": [0.3, -0.04, 0.3],
						"0.4333": [0.29, -0.05, 0.3],
						"0.45": [0.27, -0.05, 0.29],
						"0.4667": [0.25, -0.05, 0.27],
						"0.4833": [0.22, -0.05, 0.25],
						"0.5": [0.17, -0.04, 0.2],
						"0.5167": [0.12, -0.03, 0.14],
						"0.5333": [0.07, -0.02, 0.09],
						"0.55": [0.03, -0.01, 0.03],
						"0.5667": [0, 0, 0]
					},
					"position": {
						"0.0": [0, 0, 0],
						"0.0167": [0, -0.07, 1.55],
						"0.0333": [0, -0.07, 1.59],
						"0.05": [0, -0.07, 1.56],
						"0.0667": [0, -0.06, 1.47],
						"0.0833": [0, -0.05, 1.34],
						"0.1": [0, -0.05, 1.19],
						"0.1167": [0, -0.05, 1.04],
						"0.1333": [0, -0.08, 0.77],
						"0.15": [0, -0.11, 0.43],
						"0.1667": [0, -0.14, 0.11],
						"0.1833": [0, -0.15, -0.1],
						"0.2": [0, -0.15, -0.14],
						"0.2167": [0, -0.14, -0.14],
						"0.2333": [0, -0.13, -0.11],
						"0.25": [0, -0.12, -0.06],
						"0.2667": [0, -0.1, -0.01],
						"0.2833": [0, -0.09, 0.03],
						"0.3": [0, -0.07, 0.06],
						"0.3167": [0, -0.06, 0.06],
						"0.3333": [0, -0.05, 0.05],
						"0.35": [0, -0.04, 0.04],
						"0.3667": [0, -0.03, 0.03],
						"0.3833": [0, -0.02, 0.02],
						"0.4": [0, -0.01, 0.01],
						"0.4167": [0, 0, 0],
						"0.4333": [0, 0, 0],
						"0.45": [0, 0.01, 0],
						"0.4667": [0, 0.01, 0],
						"0.4833": [0, 0.01, 0],
						"0.5": [0, 0, 0],
						"0.5167": [0, 0, 0],
						"0.5333": [0, 0, 0],
						"0.55": [0, 0, 0],
						"0.5667": [0, 0, 0]
					}
				},
				"bolt2": {
					"position": {
						"0.0": [0, 0, 0],
						"0.0333": [0, 0, 5],
						"0.0667": [0, 0, 0],
						"0.0833": [0, 0, 0.3],
						"0.1": [0, 0, 0],
						"0.1333": [0, 0, 0.1],
						"0.1667": [0, 0, 0]
					}
				}
			},
			"particle_effects": {
				"0.0": {
					"effect": "krep.amrmuzzleflash",
					"locator": "muzzless1"
				}
			}
		}
	}
}