{
	"format_version": "1.8.0",
	"animations": {
		"animation.ss1v1.tp.hold": {
			"loop": "hold_on_last_frame",
			"animation_length": 43.875,
			"bones": {
				"rightArm": {
					"rotation": [-91.37562, -12.6704, 17.3789],
					"position": [0, 0, 2]
				},
				"leftArm": {
					"rotation": [-84.79155, 28.13135, 30.06846],
					"position": [-2, 0, -2],
					"scale": [1, 1.1, 1]
				},
				"bone2": {
					"position": [-2.7, 28, -15],
					"scale": 0.55
				},
				"muzzleflash": {
					"scale": 0
				},
				"lefthand_pos2": {
					"rotation": [94.98107, 0.43523, -184.98107],
					"position": [-6, 1108, 16]
				},
				"righthand_pos2": {
					"position": [0, 1092, 0]
				},
				"new": {
					"rotation": [2.49762, 179.99762, 0.10901],
					"position": [-4, 4, -16],
					"scale": [0.7, 0.7, 0.8]
				},
				"root3": {
					"position": [2, 0, 0],
					"scale": [1, 0.9, 0.8]
				},
				"AKM": {
					"position": [5, -1, -11]
				}
			}
		},
		"animation.ss1v1.tp.sight": {
			"loop": "hold_on_last_frame",
			"animation_length": 43.875,
			"bones": {
				"rightArm": {
					"rotation": [-91.37562, -12.6704, 17.3789],
					"position": [0, 0, 2]
				},
				"leftArm": {
					"rotation": [-84.79155, 28.13135, 30.06846],
					"position": [-2, 0, -2],
					"scale": [1, 1.1, 1]
				},
				"bone2": {
					"position": [-2.7, 28, -15],
					"scale": 0.55
				},
				"muzzleflash": {
					"scale": 0
				},
				"lefthand_pos2": {
					"rotation": [94.98107, 0.43523, -184.98107],
					"position": [-6, -5, 16]
				},
				"righthand_pos2": {
					"position": [0, 1954, 0]
				},
				"root3": {
					"rotation": [-179.45783, 360.05461, 170.00261],
					"position": [9, -3, 12],
					"scale": [1, 0.6, 0.7]
				},
				"AKM": {
					"position": [5, 0, -4]
				},
				"lefthand2": {
					"position": [0, 1727, 0]
				},
				"new": {
					"rotation": [0, 0, -10],
					"position": [-3, 5, -2],
					"scale": [0.7, 1, 0.9]
				}
			}
		}
	}
}