{
	"format_version": "1.10.0",
	"animation_controllers": {
		"controller.animation.ballista.scope": {
			"initial_state": "setup",
			"states": {
				"setup": {
					"on_entry": [
						"@s krep:normal"
					],
					"transitions": [
						{
							"scope": "query.get_equipped_item_name=='ballista'&&query.is_sneaking"
						}
					]
				},
				"scope": {
					"on_entry": [
						"@s krep:scope"
					],
					"transitions": [
						{
							"setup": "!query.is_sneaking||query.get_equipped_item_name!='ballista'"
						}
					]
				}
			}
		}
	}
}