{
	"format_version": "1.8.0",
	"animations": {
		"animation.ballista.fp.hold": {
			"loop": true,
			"animation_length": 15.0833,
			"bones": {
				"root": {
					"rotation": [0, 180, 0]
				},
				"waist": {
					"rotation": [0, -1, 2],
					"position": [-3, 0.125, 0.25]
				},
				"root2": {
					"rotation": {
						"0.0": [0, 0, 0],
						"0.0417": [0, 0, -0.04],
						"0.0833": [0, 0, -0.17],
						"0.125": [0, 0, -0.23],
						"0.1667": [0, 0, -0.26],
						"0.2083": [0.01, 0, -0.26],
						"0.25": [0.03, 0, -0.2],
						"0.2917": [0.04, 0, -0.16],
						"0.3333": [0.05, 0, -0.14],
						"0.375": [0.06, 0, -0.12],
						"0.4167": [0.06, 0, -0.14],
						"0.4583": [0.06, 0, -0.16],
						"0.5": [0.06, 0, -0.19],
						"0.5417": [0.06, 0, -0.21],
						"0.5833": [0.06, 0, -0.26],
						"0.625": [0.06, 0, -0.27],
						"0.6667": [0.06, 0, -0.27],
						"0.7083": [0.06, 0, -0.27],
						"0.75": [0.05, 0, -0.22],
						"0.7917": [0.05, 0, -0.19],
						"0.8333": [0.05, 0, -0.15],
						"0.875": [0.04, 0, -0.1],
						"0.9167": [0.04, 0, -0.01],
						"0.9583": [0.03, 0, 0.03],
						"1.0": [0.03, 0, 0.08],
						"1.0417": [0.03, 0, 0.11],
						"1.0833": [0.02, 0, 0.16],
						"1.125": [0.02, 0, 0.17],
						"1.1667": [0.01, 0, 0.16],
						"1.2083": [0.01, 0, 0.15],
						"1.25": [0, 0, 0.1],
						"1.2917": [0, 0, 0.08],
						"1.3333": [0, 0, 0.07],
						"1.375": [0, 0, 0.07],
						"1.4167": [0, 0, 0.09],
						"1.4583": [0, 0, 0.11],
						"1.5": [0, 0, 0.14],
						"1.5417": [0, 0, 0.16],
						"1.5833": [0.01, 0, 0.22],
						"1.625": [0.01, 0, 0.25],
						"1.6667": [0.01, 0, 0.27],
						"1.7083": [0.01, 0, 0.3],
						"1.75": [0.02, 0, 0.34],
						"1.7917": [0.02, 0, 0.35],
						"1.8333": [0.02, 0, 0.36],
						"1.875": [0.03, 0, 0.36],
						"1.9167": [0.04, 0, 0.36],
						"1.9583": [0.05, 0, 0.35],
						"2.0": [0.06, 0, 0.35],
						"2.0417": [0.06, 0, 0.34],
						"2.0833": [0.08, 0, 0.33],
						"2.125": [0.08, 0, 0.33],
						"2.1667": [0.09, 0, 0.34],
						"2.2083": [0.09, 0, 0.36],
						"2.25": [0.09, 0, 0.44],
						"2.2917": [0.09, 0, 0.48],
						"2.3333": [0.09, 0, 0.51],
						"2.375": [0.1, 0, 0.53],
						"2.4167": [0.11, 0, 0.53],
						"2.4583": [0.11, 0, 0.52],
						"2.5": [0.12, 0, 0.52],
						"2.5417": [0.12, 0, 0.51],
						"2.5833": [0.14, 0, 0.48],
						"2.625": [0.14, 0, 0.47],
						"2.6667": [0.15, 0, 0.45],
						"2.7083": [0.16, 0, 0.44],
						"2.75": [0.16, 0, 0.41],
						"2.7917": [0.17, 0, 0.37],
						"2.8333": [0.16, 0, 0.32],
						"2.875": [0.16, 0, 0.27],
						"2.9167": [0.16, 0, 0.19],
						"2.9583": [0.16, 0, 0.16],
						"3.0": [0.18, 0, 0.16],
						"3.0417": [0.2, 0, 0.17],
						"3.0833": [0.24, 0, 0.21],
						"3.125": [0.26, 0, 0.23],
						"3.1667": [0.28, 0, 0.24],
						"3.2083": [0.3, 0, 0.22],
						"3.25": [0.31, 0, 0.17],
						"3.2917": [0.32, 0, 0.14],
						"3.3333": [0.34, 0.04, 0.07],
						"3.375": [0.36, 0.07, 0],
						"3.4167": [0.5, -0.16, 0.31],
						"3.4583": [0.63, -0.4, 0.65],
						"3.5": [0.76, -0.66, 1.02],
						"3.5417": [0.83, -0.87, 1.3],
						"3.5833": [0.51, -0.9, 1.21],
						"3.625": [0.05, -0.69, 0.76],
						"3.6667": [-0.41, -0.44, 0.28],
						"3.7083": [-0.68, -0.25, -0.06],
						"3.75": [-0.6, -0.1, -0.19],
						"3.7917": [-0.45, -0.06, -0.17],
						"3.8333": [-0.28, -0.03, -0.14],
						"3.875": [-0.17, 0, -0.12],
						"3.9167": [-0.07, 0.02, -0.12],
						"3.9583": [-0.04, 0.02, -0.11],
						"4.0": [-0.01, 0.01, -0.1],
						"4.0417": [0.01, 0, -0.09],
						"4.0833": [0.03, 0, -0.07],
						"4.125": [0.03, 0, -0.05],
						"4.1667": [0.03, 0, -0.03],
						"4.2083": [0.02, 0, -0.01],
						"4.25": [0, 0, 0.01],
						"4.2917": [0, 0, 0],
						"4.3333": [0, 0, -0.04],
						"4.375": [0, 0, -0.1],
						"4.4167": [0, 0, -0.23],
						"4.4583": [0, 0, -0.26],
						"4.5": [0.01, 0, -0.26],
						"4.5417": [0.02, 0, -0.23],
						"4.5833": [0.04, 0, -0.16],
						"4.625": [0.05, 0, -0.14],
						"4.6667": [0.06, 0, -0.12],
						"4.7083": [0.06, 0, -0.13],
						"4.75": [0.06, 0, -0.16],
						"4.7917": [0.06, 0, -0.19],
						"4.8333": [0.06, 0, -0.21],
						"4.875": [0.06, 0, -0.24],
						"4.9167": [0.06, 0, -0.27],
						"4.9583": [0.06, 0, -0.27],
						"5.0": [0.06, 0, -0.27],
						"5.0417": [0.06, 0, -0.25],
						"5.0833": [0.05, 0, -0.19],
						"5.125": [0.05, 0, -0.15],
						"5.1667": [0.04, 0, -0.1],
						"5.2083": [0.04, 0, -0.06],
						"5.25": [0.03, 0, 0.03],
						"5.2917": [0.03, 0, 0.08],
						"5.3333": [0.03, 0, 0.11],
						"5.375": [0.02, 0, 0.14],
						"5.4167": [0.02, 0, 0.17],
						"5.4583": [0.01, 0, 0.16],
						"5.5": [0.01, 0, 0.15],
						"5.5417": [0.01, 0, 0.12],
						"5.5833": [0, 0, 0.08],
						"5.625": [0, 0, 0.07],
						"5.6667": [0, 0, 0.07],
						"5.7083": [0, 0, 0.08],
						"5.75": [0, 0, 0.11],
						"5.7917": [0, 0, 0.14],
						"5.8333": [0, 0, 0.16],
						"5.875": [0, 0, 0.19],
						"5.9167": [0.01, 0, 0.25],
						"5.9583": [0.01, 0, 0.27],
						"6.0": [0.01, 0, 0.3],
						"6.0417": [0.01, 0, 0.32],
						"6.0833": [0.02, 0, 0.35],
						"6.125": [0.02, 0, 0.36],
						"6.1667": [0.03, 0, 0.36],
						"6.2083": [0.04, 0, 0.36],
						"6.25": [0.05, 0, 0.35],
						"6.2917": [0.06, 0, 0.35],
						"6.3333": [0.06, 0, 0.34],
						"6.375": [0.07, 0, 0.34],
						"6.4167": [0.08, 0, 0.33],
						"6.4583": [0.09, 0, 0.34],
						"6.5": [0.09, 0, 0.36],
						"6.5417": [0.09, 0, 0.4],
						"6.5833": [0.09, 0, 0.48],
						"6.625": [0.09, 0, 0.51],
						"6.6667": [0.1, 0, 0.53],
						"6.7083": [0.1, 0, 0.53],
						"6.75": [0.12, 0, 0.53],
						"6.7917": [0.12, 0, 0.52],
						"6.8333": [0.13, 0, 0.51],
						"6.875": [0.14, 0, 0.51],
						"6.9167": [0.16, 0, 0.48],
						"6.9583": [0.16, 0, 0.46],
						"7.0": [0.17, 0, 0.45],
						"7.0417": [0.17, 0, 0.43],
						"7.0833": [0.15, 0, 0.35],
						"7.125": [0.12, 0, 0.28],
						"7.1667": [0.09, 0, 0.19],
						"7.2083": [0.05, 0, 0.12],
						"7.25": [0, 0, 0],
						"8.0": {
							"pre": [0, 0, 0],
							"post": [0, 0, 0],
							"lerp_mode": "catmullrom"
						},
						"8.1667": {
							"post": [-1.38509, -1.24434, 4.29497],
							"lerp_mode": "catmullrom"
						},
						"8.25": {
							"post": [-1.39, -1.24, 4.29],
							"lerp_mode": "catmullrom"
						},
						"8.4167": {
							"post": [-3.91, -4.41, -2.02],
							"lerp_mode": "catmullrom"
						},
						"8.6667": {
							"post": [-10.80252, -12.68944, -19.80615],
							"lerp_mode": "catmullrom"
						},
						"8.875": {
							"post": [-11.67934, -12.73253, -20.88586],
							"lerp_mode": "catmullrom"
						},
						"9.0": {
							"post": [-10.42561, -13.0448, -21.82949],
							"lerp_mode": "catmullrom"
						},
						"9.2083": {
							"post": [-10.56428, -12.85979, -20.82188],
							"lerp_mode": "catmullrom"
						},
						"9.875": {
							"post": [-10.39, -12.99, -21.57],
							"lerp_mode": "catmullrom"
						},
						"10.0417": {
							"post": [-10.9146, -13.35759, -23.13092],
							"lerp_mode": "catmullrom"
						},
						"10.2917": {
							"post": [-10.25634, -13.50926, -24.0715],
							"lerp_mode": "catmullrom"
						},
						"10.6667": {
							"post": [-10.31, -13.4275, -24.0075],
							"lerp_mode": "catmullrom"
						},
						"10.75": {
							"post": [-10.01823, -12.01652, -22.39677],
							"lerp_mode": "catmullrom"
						},
						"11.0": {
							"post": [-6.0733, -2.55567, -8.68449],
							"lerp_mode": "catmullrom"
						},
						"11.1667": {
							"post": [-3.30816, -6.55161, -3.15758],
							"lerp_mode": "catmullrom"
						},
						"11.2917": {
							"post": [-11.99539, -6.2465, 14.78107],
							"lerp_mode": "catmullrom"
						},
						"11.4167": {
							"post": [-24.07317, -0.97391, 28.22222],
							"lerp_mode": "catmullrom"
						},
						"11.5833": {
							"post": [-32.28365, 5.59754, 44.62545],
							"lerp_mode": "catmullrom"
						},
						"11.7083": {
							"post": [-32.44664, 5.36815, 46.1821],
							"lerp_mode": "catmullrom"
						},
						"11.75": {
							"post": [-31.38661, 6.16105, 47.33802],
							"lerp_mode": "catmullrom"
						},
						"11.9167": {
							"post": [-31.60382, 7.93459, 52.29084],
							"lerp_mode": "catmullrom"
						},
						"12.1667": {
							"post": [-33.84674, 6.64885, 47.50441],
							"lerp_mode": "catmullrom"
						},
						"12.3333": {
							"post": [-31.80789, 9.10999, 51.06287],
							"lerp_mode": "catmullrom"
						},
						"12.5": {
							"post": [-33.34556, 7.01589, 47.88054],
							"lerp_mode": "catmullrom"
						},
						"12.75": {
							"post": [-32.04707, 7.50249, 48.73097],
							"lerp_mode": "catmullrom"
						},
						"13.0833": {
							"post": [-32.4996, 5.69075, 45.69734],
							"lerp_mode": "catmullrom"
						},
						"13.1667": {
							"post": [-32.66, 7.68, 48.17],
							"lerp_mode": "catmullrom"
						},
						"13.25": {
							"post": [-33.25196, 5.19352, 46.24503],
							"lerp_mode": "catmullrom"
						},
						"13.4167": {
							"post": [-33.10702, 8.53837, 48.81576],
							"lerp_mode": "catmullrom"
						},
						"13.5417": {
							"post": [-33.8104, 8.07258, 46.85565],
							"lerp_mode": "catmullrom"
						},
						"13.6667": {
							"post": [-33.19256, 12.07899, 53.27034],
							"lerp_mode": "catmullrom"
						},
						"13.7917": {
							"post": [-32.7588, 8.96748, 49.78305],
							"lerp_mode": "catmullrom"
						},
						"14.0": {
							"post": [-21.80021, -1.92924, 39.7835],
							"lerp_mode": "catmullrom"
						},
						"14.125": {
							"post": [-11.32385, -8.47574, 19.6574],
							"lerp_mode": "catmullrom"
						},
						"14.25": {
							"post": [-3.97708, -7.46886, 2.34726],
							"lerp_mode": "catmullrom"
						},
						"14.2917": {
							"post": [-2.77467, -6.47288, 5.91111],
							"lerp_mode": "catmullrom"
						},
						"14.375": {
							"post": [-1.20016, -5.6579, 3.74312],
							"lerp_mode": "catmullrom"
						},
						"14.5": {
							"post": [1.76605, -3.2563, 4.9369],
							"lerp_mode": "catmullrom"
						},
						"14.5833": {
							"post": [1.78811, -2.65564, 4.66491],
							"lerp_mode": "catmullrom"
						},
						"14.6667": {
							"post": [0.8, -0.92, 3.05],
							"lerp_mode": "catmullrom"
						},
						"14.75": {
							"post": [-0.30298, 0.34027, -1.56498],
							"lerp_mode": "catmullrom"
						},
						"14.875": {
							"post": [0.2321, 0.0577, 2.25602],
							"lerp_mode": "catmullrom"
						},
						"15.0833": {
							"post": [0, 0, 0],
							"lerp_mode": "catmullrom"
						}
					},
					"position": {
						"0.0": [0, 0, 0],
						"0.0417": [0, 0, 0],
						"0.0833": [-0.01, 0.01, 0],
						"0.125": [-0.01, 0.01, 0],
						"0.1667": [-0.01, 0.01, 0],
						"0.2083": [-0.01, 0.01, 0],
						"0.25": [-0.02, 0.01, 0],
						"0.2917": [-0.01, 0, 0],
						"0.3333": [-0.01, -0.01, 0],
						"0.375": [0, -0.02, 0],
						"0.4167": [0, -0.03, 0],
						"0.4583": [0, -0.04, 0],
						"0.5": [-0.01, -0.04, 0],
						"0.5417": [-0.01, -0.04, 0],
						"0.5833": [-0.02, -0.05, 0],
						"0.625": [-0.02, -0.05, 0],
						"0.6667": [-0.02, -0.06, 0],
						"0.7083": [-0.03, -0.06, 0],
						"0.75": [-0.03, -0.06, 0],
						"0.7917": [-0.03, -0.06, 0],
						"0.8333": [-0.03, -0.06, 0],
						"0.875": [-0.03, -0.06, 0],
						"0.9167": [-0.02, -0.05, 0],
						"0.9583": [-0.02, -0.04, 0],
						"1.0": [-0.02, -0.04, 0],
						"1.0417": [-0.01, -0.04, 0],
						"1.0833": [0, -0.04, 0],
						"1.125": [0, -0.05, 0],
						"1.1667": [0, -0.05, 0],
						"1.2083": [0, -0.05, 0],
						"1.25": [-0.01, -0.05, 0],
						"1.2917": [-0.01, -0.05, 0],
						"1.3333": [-0.02, -0.04, 0],
						"1.375": [-0.02, -0.04, 0],
						"1.4167": [-0.03, -0.04, 0],
						"1.4583": [-0.04, -0.04, 0],
						"1.5": [-0.04, -0.04, 0],
						"1.5417": [-0.04, -0.04, 0],
						"1.5833": [-0.05, -0.04, 0],
						"1.625": [-0.05, -0.05, 0],
						"1.6667": [-0.05, -0.05, 0],
						"1.7083": [-0.05, -0.05, 0],
						"1.75": [-0.05, -0.06, 0],
						"1.7917": [-0.05, -0.07, 0],
						"1.8333": [-0.05, -0.07, 0],
						"1.875": [-0.05, -0.07, 0],
						"1.9167": [-0.05, -0.07, 0],
						"1.9583": [-0.05, -0.06, 0],
						"2.0": [-0.05, -0.05, 0],
						"2.0417": [-0.05, -0.05, 0],
						"2.0833": [-0.05, -0.05, 0],
						"2.125": [-0.05, -0.05, 0],
						"2.1667": [-0.05, -0.05, 0],
						"2.2083": [-0.05, -0.05, 0],
						"2.25": [-0.05, -0.05, 0],
						"2.2917": [-0.05, -0.05, 0],
						"2.3333": [-0.05, -0.05, 0],
						"2.375": [-0.05, -0.05, 0],
						"2.4167": [-0.05, -0.04, 0],
						"2.4583": [-0.05, -0.04, 0],
						"2.5": [-0.05, -0.04, 0],
						"2.5417": [-0.05, -0.04, 0],
						"2.5833": [-0.05, -0.04, 0],
						"2.625": [-0.05, -0.05, 0],
						"2.6667": [-0.04, -0.05, 0],
						"2.7083": [-0.04, -0.06, 0],
						"2.75": [-0.03, -0.07, 0],
						"2.7917": [-0.03, -0.08, 0],
						"2.8333": [-0.03, -0.09, 0],
						"2.875": [-0.02, -0.1, 0],
						"2.9167": [-0.02, -0.12, 0],
						"2.9583": [-0.02, -0.12, 0],
						"3.0": [-0.01, -0.12, 0],
						"3.0417": [-0.01, -0.12, 0],
						"3.0833": [0, -0.1, 0],
						"3.125": [0, -0.09, 0],
						"3.1667": [0, -0.09, 0],
						"3.2083": [0, -0.08, 0],
						"3.25": [-0.01, -0.07, 0],
						"3.2917": [-0.01, -0.06, 0],
						"3.3333": [-0.02, -0.06, 0],
						"3.375": [-0.03, -0.05, 0],
						"3.4167": [-0.03, -0.07, 0],
						"3.4583": [-0.04, -0.09, 0],
						"3.5": [-0.04, -0.12, 0],
						"3.5417": [-0.04, -0.14, 0],
						"3.5833": [-0.04, -0.15, 0],
						"3.625": [-0.05, -0.14, 0],
						"3.6667": [-0.05, -0.13, 0],
						"3.7083": [-0.05, -0.13, 0],
						"3.75": [-0.05, -0.14, 0],
						"3.7917": [-0.05, -0.16, 0],
						"3.8333": [-0.05, -0.17, 0],
						"3.875": [-0.05, -0.17, 0],
						"3.9167": [-0.04, -0.15, 0],
						"3.9583": [-0.03, -0.14, 0],
						"4.0": [-0.02, -0.12, 0],
						"4.0417": [-0.01, -0.11, 0],
						"4.0833": [0, -0.08, 0],
						"4.125": [0, -0.07, 0],
						"4.1667": [0, -0.06, 0],
						"4.2083": [0, -0.05, 0],
						"4.25": [0, -0.03, 0],
						"4.2917": [0, -0.02, 0],
						"4.3333": [0, -0.02, 0],
						"4.375": [0, -0.02, 0],
						"4.4167": [-0.01, -0.01, 0],
						"4.4583": [-0.01, -0.01, 0],
						"4.5": [-0.01, -0.01, 0],
						"4.5417": [-0.02, -0.01, 0],
						"4.5833": [-0.01, -0.02, 0],
						"4.625": [-0.01, -0.03, 0],
						"4.6667": [0, -0.05, 0],
						"4.7083": [0, -0.06, 0],
						"4.75": [0, -0.06, 0],
						"4.7917": [-0.01, -0.06, 0],
						"4.8333": [-0.01, -0.06, 0],
						"4.875": [-0.01, -0.06, 0],
						"4.9167": [-0.02, -0.06, 0],
						"4.9583": [-0.02, -0.06, 0],
						"5.0": [-0.03, -0.07, 0],
						"5.0417": [-0.03, -0.06, 0],
						"5.0833": [-0.03, -0.06, 0],
						"5.125": [-0.03, -0.06, 0],
						"5.1667": [-0.03, -0.06, 0],
						"5.2083": [-0.03, -0.05, 0],
						"5.25": [-0.02, -0.04, 0],
						"5.2917": [-0.02, -0.04, 0],
						"5.3333": [-0.01, -0.04, 0],
						"5.375": [-0.01, -0.04, 0],
						"5.4167": [0, -0.05, 0],
						"5.4583": [0, -0.05, 0],
						"5.5": [0, -0.05, 0],
						"5.5417": [0, -0.05, 0],
						"5.5833": [-0.01, -0.05, 0],
						"5.625": [-0.02, -0.04, 0],
						"5.6667": [-0.02, -0.04, 0],
						"5.7083": [-0.03, -0.04, 0],
						"5.75": [-0.04, -0.04, 0],
						"5.7917": [-0.04, -0.04, 0],
						"5.8333": [-0.04, -0.04, 0],
						"5.875": [-0.05, -0.04, 0],
						"5.9167": [-0.05, -0.05, 0],
						"5.9583": [-0.05, -0.05, 0],
						"6.0": [-0.05, -0.05, 0],
						"6.0417": [-0.05, -0.06, 0],
						"6.0833": [-0.05, -0.07, 0],
						"6.125": [-0.05, -0.07, 0],
						"6.1667": [-0.05, -0.07, 0],
						"6.2083": [-0.05, -0.07, 0],
						"6.25": [-0.05, -0.06, 0],
						"6.2917": [-0.05, -0.06, 0],
						"6.3333": [-0.05, -0.06, 0],
						"6.375": [-0.05, -0.05, 0],
						"6.4167": [-0.05, -0.04, 0],
						"6.4583": [-0.05, -0.04, 0],
						"6.5": [-0.05, -0.03, 0],
						"6.5417": [-0.05, -0.03, 0],
						"6.5833": [-0.05, -0.02, 0],
						"6.625": [-0.05, -0.02, 0],
						"6.6667": [-0.05, -0.02, 0],
						"6.7083": [-0.05, -0.02, 0],
						"6.75": [-0.05, -0.01, 0],
						"6.7917": [-0.05, -0.01, 0],
						"6.8333": [-0.05, -0.01, 0],
						"6.875": [-0.05, -0.02, 0],
						"6.9167": [-0.05, -0.03, 0],
						"6.9583": [-0.04, -0.03, 0],
						"7.0": [-0.04, -0.04, 0],
						"7.0417": [-0.04, -0.05, 0],
						"7.0833": [-0.03, -0.06, 0],
						"7.125": [-0.03, -0.05, 0],
						"7.1667": [-0.02, -0.04, 0],
						"7.2083": [-0.01, -0.02, 0],
						"7.25": [0, 0, 0],
						"8.0": {
							"pre": [0, 0, 0],
							"post": [0, 0, 0],
							"lerp_mode": "catmullrom"
						},
						"8.1667": {
							"post": [-0.2, -0.31, 0],
							"lerp_mode": "catmullrom"
						},
						"8.2917": {
							"post": [-0.2, -0.81, 0],
							"lerp_mode": "catmullrom"
						},
						"8.4167": {
							"post": [-0.18, -0.4, 0],
							"lerp_mode": "catmullrom"
						},
						"8.5": {
							"post": [-0.14, 0.42, 0],
							"lerp_mode": "catmullrom"
						},
						"8.6667": {
							"post": [0, 2.8, 0],
							"lerp_mode": "catmullrom"
						},
						"8.75": {
							"post": [0, 3.3, 0],
							"lerp_mode": "catmullrom"
						},
						"8.9583": {
							"post": [0, 3, 0],
							"lerp_mode": "catmullrom"
						},
						"9.25": {
							"post": [0, 3.1, 0],
							"lerp_mode": "catmullrom"
						},
						"9.875": {
							"post": [0, 3.17, 0],
							"lerp_mode": "catmullrom"
						},
						"10.0": {
							"post": [-0.1, 3.37, 0],
							"lerp_mode": "catmullrom"
						},
						"10.5833": {
							"post": [-0.14, 3.53, -0.02],
							"lerp_mode": "catmullrom"
						},
						"10.75": {
							"post": [-0.1, 3.345, 0],
							"lerp_mode": "catmullrom"
						},
						"10.875": {
							"post": [0.4, 2.38, 0.23],
							"lerp_mode": "catmullrom"
						},
						"11.0": {
							"post": [1.875, -0.58, -0.855],
							"lerp_mode": "catmullrom"
						},
						"11.1667": {
							"post": [3.25, -1.13, -1.83],
							"lerp_mode": "catmullrom"
						},
						"11.4167": {
							"post": [5.905, 3.385, -3.895],
							"lerp_mode": "catmullrom"
						},
						"11.5": {
							"post": [7.58, 4.975, -5.215],
							"lerp_mode": "catmullrom"
						},
						"11.5833": {
							"post": [8.74, 4.71, -5.795],
							"lerp_mode": "catmullrom"
						},
						"11.7083": {
							"post": [8.8, 3.5, -6.125],
							"lerp_mode": "catmullrom"
						},
						"11.8333": {
							"post": [8.8, 3.4, -6.4],
							"lerp_mode": "catmullrom"
						},
						"11.9583": {
							"post": [8.925, 3.975, -6.65],
							"lerp_mode": "catmullrom"
						},
						"12.125": {
							"post": [8.775, 4.03, -6.145],
							"lerp_mode": "catmullrom"
						},
						"12.25": {
							"post": [8.78, 4.07, -6.345],
							"lerp_mode": "catmullrom"
						},
						"12.4167": {
							"post": [8.85625, 4.0125, -6.875],
							"lerp_mode": "catmullrom"
						},
						"12.5417": {
							"post": [8.7175, 3.995, -6.56375],
							"lerp_mode": "catmullrom"
						},
						"12.8333": {
							"post": [8.585, 3.88125, -6.685],
							"lerp_mode": "catmullrom"
						},
						"13.0833": {
							"post": [8.6, 3.875, -6.65],
							"lerp_mode": "catmullrom"
						},
						"13.3333": {
							"post": [8.8, 4.275, -6.65],
							"lerp_mode": "catmullrom"
						},
						"13.4167": {
							"post": [8.35, 3.77, -6.645],
							"lerp_mode": "catmullrom"
						},
						"13.5417": {
							"post": [8.55, 3.52, -6.645],
							"lerp_mode": "catmullrom"
						},
						"13.75": {
							"post": [8.55, 3.55, -6.65],
							"lerp_mode": "catmullrom"
						},
						"13.875": {
							"post": [7.93, 2.62, -6.015],
							"lerp_mode": "catmullrom"
						},
						"14.0417": {
							"post": [5.525, -1.04, -4.065],
							"lerp_mode": "catmullrom"
						},
						"14.1667": {
							"post": [3.235, -5.1, -4.215],
							"lerp_mode": "catmullrom"
						},
						"14.3333": {
							"post": [2.36, -4.48, -4.4],
							"lerp_mode": "catmullrom"
						},
						"14.5": {
							"post": [1.305, -1.125, -4.24],
							"lerp_mode": "catmullrom"
						},
						"14.625": {
							"post": [0.79, 0.215, -2.5],
							"lerp_mode": "catmullrom"
						},
						"14.7917": {
							"post": [0.125, -0.575, 0.275],
							"lerp_mode": "catmullrom"
						},
						"14.9167": {
							"post": [0, -0.32875, -0.44],
							"lerp_mode": "catmullrom"
						},
						"15.0417": {
							"post": [0, -0.02, 0.17],
							"lerp_mode": "catmullrom"
						},
						"15.2083": {
							"post": [0, 0, 0],
							"lerp_mode": "catmullrom"
						}
					}
				},
				"lefthand": {
					"rotation": {
						"0.0": [89.52779, -393.457, -128.79941],
						"8.0": [89.52779, -393.457, -128.79941],
						"8.0833": [89.52779, -393.457, -128.79941],
						"8.1667": [106.58492, -389.48487, -160.83402],
						"10.75": [106.58492, -389.48487, -160.83402],
						"10.9167": [99.00419, -397.258, -136.91417],
						"13.9583": [99.00419, -397.258, -136.91417],
						"14.25": [89.52779, -393.457, -128.79941]
					},
					"position": {
						"0.0": [8.925, -12.05, -4.5],
						"8.0": [8.925, -12.05, -4.5],
						"8.0833": [7.925, -11.05, -2.5],
						"8.1667": [8.82, -11.05, -4.6],
						"10.75": [8.82, -11.05, -4.6],
						"10.9167": [7.895, -12.2, -0.275],
						"13.9583": [7.895, -12.2, -0.275],
						"14.125": [7.91, -12.535, -1.51],
						"14.25": [7.925, -11.05, -2.5]
					},
					"scale": {
						"0.0": [1, 1.5, 1],
						"8.0": [1, 1.5, 1]
					}
				},
				"righthand": {
					"rotation": {
						"0.0": [101.2139, -323.71163, -174.99863],
						"8.0417": [101.2139, -323.71163, -174.99863],
						"8.1667": [99.91869, -335.51035, -177.54513],
						"11.3333": [99.91869, -335.51035, -177.54513],
						"11.625": [102.19451, -350.15083, -164.62137],
						"11.9583": [102.19451, -350.15083, -164.62137],
						"12.1667": [101.91854, -354.99682, -256.92111],
						"12.2083": [101.91854, -354.99682, -256.92111],
						"12.2917": [101.73685, -357.9796, -208.9652],
						"12.3333": [101.73685, -357.9796, -208.9652],
						"13.3333": [101.73685, -357.9796, -208.9652],
						"13.4167": [101.91854, -354.99682, -256.92111],
						"13.4583": [101.91854, -354.99682, -256.92111],
						"13.625": [89.80601, -354.88523, -246.88253],
						"13.7917": [100.13633, -355.13055, -165.07513],
						"14.125": [100.13633, -355.13055, -165.07513],
						"14.3333": [101.2139, -323.71163, -174.99863]
					},
					"position": {
						"0.0": [-7.4, -15.425, 3],
						"8.0417": [-7.4, -15.425, 3],
						"8.1667": [-6.4, -14.145, 2.55],
						"11.3333": [-6.4, -14.145, 2.55],
						"11.9583": [-6.4, -14.145, 2.55],
						"12.0417": [-7.95, -12.97, 5.71],
						"12.125": [-8.19, -13.08, 9.49],
						"12.1667": [-7, -11.79, 11.375],
						"12.2083": [-7, -11.79, 11.375],
						"12.2917": [-8.245, -9.915, 10.895],
						"12.3333": [-8.35, -9.75, 11.025],
						"12.4167": [-8.35, -9.75, 15.175],
						"12.4583": [-8.35, -9.75, 15.525],
						"12.625": [-8.35, -9.75, 15.325],
						"12.7917": [-8.35, -9.75, 15.175],
						"13.125": [-8.35, -9.75, 15.2],
						"13.25": [-8.35, -9.75, 11.025],
						"13.3333": [-8.35, -9.75, 11.025],
						"13.4167": [-7, -11.79, 11.375],
						"13.4583": [-7, -11.79, 11.375],
						"13.5833": [-7.835, -13.21, 9.445],
						"13.7083": [-8.02, -15.14, 3.565],
						"13.7917": [-6.4, -14.145, 2.55],
						"14.125": [-6.4, -14.145, 2.55],
						"14.3333": [-6.4, -14.425, 2]
					},
					"scale": {
						"0.0": [1, 1.5, 1],
						"8.0417": [1, 1.5, 1]
					}
				},
				"m95_bolt": {
					"position": {
						"12.3333": [0, 0, 0],
						"12.4167": [0, 0, 4.15],
						"12.4583": [0, 0, 4.5],
						"12.5833": [0, 0, 4.3],
						"12.7917": [0, 0, 4.15],
						"13.125": [0, 0, 4.175],
						"13.25": [0, 0, 0]
					}
				},
				"rotate": {
					"rotation": {
						"12.2083": [0, 0, 0],
						"12.2917": [0, 0, 50],
						"13.3333": [0, 0, 50],
						"13.4167": [0, 0, 0]
					}
				},
				"righthand_pos": {
					"position": [0, 0, 0]
				},
				"l3": {
					"rotation": {
						"8.5833": [0, 0, 0],
						"8.7083": [-3, 0, 0],
						"8.8333": [0, 0, 0],
						"9.0": [-2, 0, 0],
						"11.4167": [-2, 0, 0],
						"11.5417": [0, 0, 0],
						"11.6667": [-2, 0, 0],
						"11.8333": [-0.75, 0, 0],
						"11.9167": [4.375, 0, 0],
						"12.0833": [-1.025, 0, 0],
						"12.2083": [2.25, 0, 0],
						"12.3333": [1.25, 0, 0],
						"12.5417": [2.25, 0, 0],
						"12.75": [0.25, 0, 0],
						"12.9167": [1.25, 0, 0],
						"13.0833": [2.25, 0, 0],
						"13.1667": [2.25, 0, 0],
						"13.3333": [-0.425, 0, 0],
						"13.5": [3.95, 0, 0],
						"13.625": [0.6, 0, 0],
						"13.7917": [1.75, 0, 0],
						"13.9167": [0, 0, 0],
						"14.1667": [0, 0, 0],
						"14.2917": [-3, 0, 0],
						"14.4167": [-2, 0, 0],
						"14.5417": [0, 0, 0],
						"14.7083": [-1, 0, 0],
						"14.8333": [0, 0, 0]
					}
				}
			},
			"sound_effects": {
				"7.7083": {
					"effect": "ballista.inspect"
				}
			}
		},
		"animation.ballista.fp.holddelay": {
			"loop": "hold_on_last_frame",
			"animation_length": 1.25,
			"bones": {
				"root": {
					"rotation": [0, 180, 0]
				},
				"waist": {
					"rotation": [0, -1, 2],
					"position": [-3, 0.125, 0.25]
				},
				"lefthand": {
					"rotation": [89.52779, -393.457, -128.79941],
					"position": [8.925, -12.05, -4.5],
					"scale": [1, 1.5, 1]
				},
				"righthand": {
					"rotation": [101.2139, -323.71163, -174.99863],
					"position": [-7.4, -15.425, 3],
					"scale": [1, 1.5, 1]
				}
			}
		},
		"animation.ballista.fp.kokang": {
			"loop": "hold_on_last_frame",
			"bones": {
				"root": {
					"rotation": [0, 180, 0]
				},
				"waist": {
					"rotation": [0, -1, 2],
					"position": [-3, 0.125, 0.25]
				},
				"lefthand": {
					"rotation": [89.52779, -393.457, -128.79941],
					"position": [8.925, -12.05, -4.5],
					"scale": [1, 1.5, 1]
				},
				"righthand": {
					"rotation": [101.2139, -323.71163, -174.99863],
					"position": [-7.4, -15.425, 3],
					"scale": [1, 1.5, 1]
				}
			}
		},
		"animation.ballista.fp.sprint": {
			"loop": true,
			"animation_length": 0.8895,
			"bones": {
				"root": {
					"rotation": [0, 180, 0]
				},
				"waist": {
					"rotation": [0, -1, 2],
					"position": [-3, 0.125, 0.25]
				},
				"root2": {
					"rotation": {
						"0.0": [-36.52, -35.74, 32.48],
						"0.0417": [-32.27, -37.05, 28.57],
						"0.0833": [-28.28, -39.11, 24.8],
						"0.1667": [-28.4, -41.87, 24.55],
						"0.25": [-30.29, -45.12, 25.96],
						"0.2917": [-32.29, -47.74, 27.79],
						"0.3333": [-34.73, -50.52, 30.11],
						"0.375": [-36.18, -52.5, 31.56],
						"0.4583": [-35.37, -53.43, 30.99],
						"0.5": [-33.57, -53.55, 29.56],
						"0.5417": [-33.2, -52.65, 29.35],
						"0.625": [-36.12, -50.26, 32.02],
						"0.6667": [-40.46, -46.84, 35.9],
						"0.75": [-43, -43.56, 38.17],
						"0.7917": [-41.8, -40.57, 37.14],
						"0.8333": [-38.8, -37.72, 34.49],
						"0.875": [-36.52, -35.74, 32.48]
					},
					"position": {
						"0.0": [-3.18, -5.3, -0.64],
						"0.0417": [-2.41, -6.38, -0.64],
						"0.0833": [-1.48, -7.24, -0.64],
						"0.1667": [-0.74, -6.55, -0.64],
						"0.25": [-0.17, -5.45, -0.64],
						"0.2917": [0.21, -4.05, -0.64],
						"0.3333": [0.46, -3.88, -0.64],
						"0.375": [0.62, -4.18, -0.64],
						"0.4583": [0.64, -4.9, -0.64],
						"0.5": [0.58, -5.87, -0.64],
						"0.5417": [0.32, -6.43, -0.64],
						"0.625": [-0.67, -5.98, -0.64],
						"0.6667": [-1.8, -5.13, -0.64],
						"0.75": [-2.63, -4.52, -0.64],
						"0.7917": [-3.19, -4.22, -0.64],
						"0.8333": [-3.27, -4.7, -0.64],
						"0.875": [-3.18, -5.3, -0.64]
					}
				},
				"lefthand": {
					"rotation": [89.52779, -393.457, -128.79941],
					"position": [8.925, -12.05, -4.5],
					"scale": [1, 1.5, 1]
				},
				"righthand": {
					"rotation": [101.2139, -323.71163, -174.99863],
					"position": [-7.4, -15.425, 3],
					"scale": [1, 1.5, 1]
				},
				"lefthand_pos": {
					"position": [-1, 0, 0]
				},
				"righthand_pos": {
					"position": [0, 0, 0]
				}
			}
		},
		"animation.ballista.fp.reload": {
			"loop": "hold_on_last_frame",
			"animation_length": 5.8309,
			"bones": {
				"root": {
					"rotation": [0, 180, 0]
				},
				"waist": {
					"rotation": [0, -1, 2],
					"position": [-3, 0.125, 0.25]
				},
				"body": {
					"rotation": {
						"0.0": [0, 0, 0],
						"0.1034": [-0.31307, -1.96359, -4.12296],
						"0.2414": [-0.91507, -1.11805, 0.06459],
						"0.4138": [-1.30843, -1.95067, -12.75752],
						"0.4828": [-1.20436, -1.76652, -15.76385],
						"0.6034": [-2.19585, -0.66407, 0.96551],
						"0.7586": [-2.14317, -1.32459, -7.26311],
						"0.8966": [-2.14816, -0.78765, -4.53237],
						"1.069": [-4.67386, -0.8213, -10.3749],
						"1.2759": [-6.23581, -3.98344, -26.74375],
						"1.4138": [-7.00598, -2.73019, -24.607],
						"1.5172": [-6.88866, -3.46835, -26.53465],
						"1.6207": [-6.94778, -3.3479, -25.54017],
						"1.7241": [-7.00095, -2.97831, -24.57646],
						"1.8276": [-6.51297, -4.14014, -32.25791],
						"1.9655": [-5.77771, -1.48174, -17.69787],
						"2.1034": [-5.11964, -1.53115, -14.66986],
						"2.2241": [-5.19764, -1.27139, -11.42869],
						"2.3276": [-4.4918, -0.75884, -9.21329],
						"2.5": [-6.69206, -1.30054, -11.67705],
						"2.6207": [-6.00058, -0.94933, -8.6971],
						"2.7241": [-5.06528, -1.37901, -13.24574],
						"2.8276": [-4.5433, -0.84006, -6.19589],
						"2.9483": [-1.65211, -0.73993, 3.03644],
						"3.0862": [-1.11818, -0.62304, -3.87755],
						"3.1897": [0, 0, 0]
					},
					"position": {
						"0.0": [0, 0, 0],
						"0.069": [-0.1188, -0.578, -1.21315],
						"0.1552": [-0.1772, -0.92455, -2.29785],
						"0.2759": [-0.38305, -0.4711, -3.2247],
						"0.4483": [-0.21735, 0.0568, -0.95675],
						"0.5517": [-0.2102, -1.18405, -1.33905],
						"0.6897": [-0.2178, -1.6295, -1.5979],
						"0.8793": [-0.1484, -1.10795, -1.5664],
						"1.0": [-0.3273, -1.00505, -1.8396],
						"1.1379": [-0.66505, -1.11175, -1.6864],
						"1.3103": [-0.6, -0.7825, -1.7275],
						"1.5172": [-0.6625, -0.5575, -2.0625],
						"1.6207": [-0.7175, -0.55, -1.93],
						"1.7241": [-0.5975, -0.545, -1.7975],
						"1.8276": [-0.82725, 0.2705, -1.519],
						"1.931": [-0.63275, -0.06205, -1.6955],
						"2.0172": [-0.31435, -0.9354, -2.31075],
						"2.1034": [-0.23975, -1.55505, -2.1106],
						"2.1552": [-0.2696, -1.78455, -1.7357],
						"2.2069": [-0.38325, -1.67115, -1.33155],
						"2.2759": [-0.4403, -1.3404, -1.22775],
						"2.3276": [-0.4865, -1.08005, -1.25985],
						"2.431": [-0.4496, -1.1249, -0.9687],
						"2.5172": [-0.45815, -1.1742, -0.31745],
						"2.6379": [-0.44615, -1.1748, -0.56295],
						"2.7414": [-0.4517, -1.09135, -1.68645],
						"2.8276": [-0.40515, -1.3205, -1.89075],
						"2.8793": [-0.3527, -1.54675, -2.1967],
						"2.931": [-0.355, -1.745, -2.7325],
						"2.9655": [-0.355, -1.6575, -3.3175],
						"3.0": [-0.355, -1.4475, -3.7025],
						"3.0345": [-0.25, -0.9775, -3.0525],
						"3.1552": [0, 0, 0]
					}
				},
				"root2": {
					"rotation": {
						"0.0": [0, 0, 0],
						"0.1379": [-0.33, -0.04, -1.07],
						"0.2414": [0.00061, -0.0349, -0.7253],
						"0.3448": [-0.00052, -0.03, 3.85],
						"0.3793": [-0.99949, -1.04729, 2.86759],
						"0.4483": [0.00068, -0.04745, 0.80015],
						"0.6207": [0.99841, -0.08234, 5.34985],
						"0.8276": [2.67718, -0.04505, 12.1253],
						"0.8966": [2.65638, -0.03788, 13.88775],
						"1.0": [2.67439, -0.4211, 11.40467],
						"1.1379": [3, -0.03, 12.925],
						"1.2414": [2.49449, -0.18936, 13.16984],
						"1.2759": [1.42408, 0.23646, 16.44736],
						"1.3793": [1.64378, -0.63689, 14.16576],
						"1.4483": [1.10374, -0.11575, 14.04204],
						"1.5517": [1.775, -0.02, 11.83],
						"1.6552": [1.755, 0.02, 9.93],
						"1.7931": [0.425, 0.05, 6.2],
						"1.8966": [-7.15218, -2.25361, 1.91612],
						"2.1379": [-43.66, -16.8, -11.7],
						"2.2759": [-61.03546, -23.24793, -16.91364],
						"2.3793": [-61.82902, -24.13032, -17.42744],
						"2.4138": [-62.0423, -23.78154, -18.44278],
						"2.4483": [-62.87905, -21.91768, -17.3508],
						"2.5172": [-62.49843, -22.39725, -17.62244],
						"2.6379": [-62.41404, -21.47205, -15.9167],
						"2.7414": [-63.06685, -21.0218, -16.87472],
						"2.931": [-63.07, -21.02, -16.87],
						"3.0": [-62.29818, -24.57434, -18.86082],
						"3.2069": [-62.09765, -24.92462, -18.97239],
						"3.3103": [-62.50572, -23.68812, -18.3532],
						"3.4483": [-61.39681, -24.36283, -19.88417],
						"3.4828": [-64.32753, -24.586, -20.05043],
						"3.5517": [-63.62365, -20.76692, -17.98624],
						"3.6552": [-58.3891, -23.34264, -19.47727],
						"3.7241": [-56.01, -21.86, -18.42],
						"3.8621": [-51.38, -18.48, -15.56],
						"4.1034": [-14.82, -5.36, -4.49],
						"4.2069": [0.00061, -0.0349, -0.0003],
						"4.2759": [2.55466, -0.51817, 4.83543],
						"4.3793": [4.05415, 0.78959, 0.87252],
						"4.4483": [4.06729, 0.71877, 1.8701],
						"4.5517": [3.67707, 0.77425, 0.94198],
						"4.8276": [2.06729, 0.71877, 1.8701],
						"4.8621": [2.08213, -0.31557, 2.83309],
						"4.931": [2.08224, 0.68377, 2.86942],
						"5.0": [1.08218, -0.31605, 2.85053],
						"5.1034": [1.05772, 0.72112, 0.86962],
						"5.1379": [0.04513, 0.75692, -0.13013],
						"5.2759": [-0.31722, -1.42334, 3.72395],
						"5.4138": [-0.75046, -1.79335, 3.9691],
						"5.4828": [0.25022, -0.5359, 0.59986],
						"5.5517": [0.19046, -0.0875, -0.56009],
						"5.5862": [0.2, -0.01, 0.865],
						"5.6552": [0.2, 0.05, -0.54],
						"5.7241": [0, 0, 0]
					},
					"position": {
						"0.0": [0, 0, 0],
						"0.1034": [0, -0.5, -0.8],
						"0.2414": [0, -1, -2.425],
						"0.3448": [0, -1, -2.825],
						"0.3793": [0, -0.8, -2.025],
						"0.4483": [0, -0.9, -2.575],
						"0.5172": [-0.05, -0.96, -2.585],
						"0.6207": [-0.325, -1, -2.85],
						"0.8276": [-0.4, -1.275, -3.075],
						"0.8966": [-0.4, -1.375, -3.075],
						"1.0": [-0.4, -1.475, -3.075],
						"1.2759": [-0.5, -1.35, -3.075],
						"1.3793": [-0.5, -1.575, -2.975],
						"1.5172": [-0.5, -1.675, -3.075],
						"1.7241": [-0.5, -1.175, -3.075],
						"1.9655": [-0.72, -1.37, -2.215],
						"2.1379": [-1.58, 3.95, 0.75],
						"2.2759": [-2.2, 5.6, 2.85],
						"2.3793": [-2.4, 5.5, 3.15],
						"2.4483": [-2.4, 4.825, 3.15],
						"2.6724": [-2.4, 4.65, 3.15],
						"2.8276": [-2.4, 5.2, 3.15],
						"2.931": [-2.4, 5.4, 3.15],
						"3.0345": [-2.4, 5.4, 3.15],
						"3.2069": [-2.4, 5.225, 3.15],
						"3.4138": [-2.4, 5.075, 3.15],
						"3.4483": [-2.5, 5.275, 3.15],
						"3.4828": [-2.52, 4.97, 3.2],
						"3.5517": [-2.52, 4.575, 3.2],
						"3.6897": [-2.5, 4.575, 2.85],
						"3.8621": [-2.06, 4, 2.22],
						"4.1034": [-0.59, 0.395, 0.33],
						"4.2069": [0, -1.175, -0.95],
						"4.2759": [0.36, -2.025, -0.165],
						"4.3793": [0.28, -2.225, 0.235],
						"4.4483": [0.28, -1.725, 0.235],
						"4.6552": [0.29, -1.525, 0.265],
						"4.8276": [0.28, -1.75, 0.235],
						"4.8621": [0.18, -1.65, -0.165],
						"4.931": [0.18, -1.65, -0.365],
						"5.0345": [0.18, -1.65, -0.265],
						"5.1379": [0.18, -1.55, -0.065],
						"5.3793": [0, 0.1, -0.9],
						"5.4828": [0, 0, -0.725],
						"5.5862": [0, 0, 0.325],
						"5.6552": [0, 0, 0.275],
						"5.7241": [0, 0, -0.05],
						"5.8276": [0, 0, 0]
					}
				},
				"mag_and_lefthand": {
					"rotation": {
						"2.2414": [0, 0, 0],
						"2.6379": [-27, 0, 0],
						"2.8621": [-27, 0, 0],
						"2.931": [-9.38226, 30.73448, -17.63481],
						"3.0345": [-16.91592, 9.21748, -13.00298],
						"3.1379": [-19.5, 0, 0],
						"3.2069": [-24, 0, 0],
						"3.3103": [-17.5, 0, 0],
						"3.4483": [-20.88, 0, 0],
						"3.4828": [0, 0, 0],
						"3.5517": [0, 0, 0]
					},
					"position": {
						"2.2414": [0, 0, 0],
						"2.6379": [-0.5, -12.2, 21.9],
						"2.8621": [-0.5, -12.2, 21.9],
						"2.931": [1.8, -10, 4.8],
						"3.0345": [0.85441, -4.59734, 0.31123],
						"3.1379": [0.3, -3.5, -0.4],
						"3.2069": [0.1, -2.5, -0.9],
						"3.3103": [0, -2.1, -0.4],
						"3.4483": [0, -2.13, -0.56],
						"3.4828": [0, -0.2, 0],
						"3.5517": [0, 0, 0]
					}
				},
				"lefthand": {
					"rotation": {
						"0.0": [89.52779, -393.457, -128.79941],
						"1.7241": [89.52779, -393.457, -128.79941],
						"1.8621": [100.01578, -399.50431, -128.81441],
						"2.0": [92.25285, -387.68838, -128.47925],
						"2.1034": [89.58, -393.36, -128.8],
						"2.1724": [84.46474, -403.45971, -128.68369],
						"2.2759": [67.71002, -409.63402, -104.00225],
						"2.4138": [80.43029, -378.86478, -105.8445],
						"2.8621": [80.43029, -378.86478, -105.8445],
						"3.6897": [80.43029, -378.86478, -105.8445],
						"4.0345": [89.52779, -393.457, -128.79941],
						"5.3793": [89.52779, -393.457, -128.79941]
					},
					"position": {
						"0.0": [8.925, -12.05, -4.5],
						"1.7241": [7.925, -11.05, -2.5],
						"2.1034": [8.145, -11.375, -2.08],
						"2.1724": [11.175, -16.425, 6],
						"2.2759": [12.175, -20.425, 12],
						"2.4138": [7.175, -16.925, 12.7],
						"2.8621": [7.175, -16.925, 12.7],
						"3.6897": [7.175, -16.925, 12.7],
						"3.8621": [7.535, -17.845, 3.89],
						"3.9655": [7.805, -13.175, -0.97],
						"4.0345": [7.925, -11.05, -2.5],
						"5.3793": [8.925, -12.05, -4.5]
					},
					"scale": {
						"0.0": [1, 1.5, 1],
						"5.3793": [1, 1.5, 1]
					}
				},
				"lefthand_pos": {
					"position": {
						"0.0": [-1, 0, 0],
						"5.3793": [-1, 0, 0]
					}
				},
				"mag_and_bullet": {
					"rotation": {
						"0.0": [0, 0, 0],
						"0.069": [-7.5, 0, 0],
						"0.4483": [-7.5, 0, 0],
						"0.6207": [-34.5, 0, 0],
						"0.6897": [-34.5, 0, 0],
						"1.4828": [-34.5, 0, 0],
						"1.7931": [0, 0, 0]
					},
					"position": {
						"0.0": [0, 0, 0],
						"0.069": [0, -1, 0],
						"0.4483": [0, -1, 0],
						"0.6207": [-0.5, -23.2, -0.1],
						"0.6897": [4.5, -23.2, 28.9],
						"1.4828": [4.5, -23.2, 28.9],
						"1.7931": [0, 0, 0]
					},
					"scale": {
						"0.6207": [1, 1, 1],
						"0.6552": [0, 0, 0],
						"1.7931": [0, 0, 0],
						"1.8276": [1, 1, 1]
					}
				},
				"m95_bolt": {
					"rotation": {
						"0.0": [0, 0, 0],
						"0.1724": [0, 0, 0],
						"0.2414": [0, 0, 0],
						"0.3448": [0, 0, 0],
						"0.3793": [0, 0, 0],
						"4.7241": [0, 0, 0],
						"4.7586": [0, 0, 0]
					},
					"position": {
						"0.0": [0, 0, 0],
						"0.1724": [0, 0, 0],
						"0.2414": [0, 0, 0],
						"0.3448": [0, 0, 0],
						"0.3793": [0, 0, 8.1],
						"0.4138": [0, 0, 7.98],
						"0.4483": [0, 0, 8.09],
						"4.7241": [0, 0, 8],
						"4.7586": [0, 0, 0]
					}
				},
				"rotate": {
					"rotation": {
						"0.0": [0, 0, 0],
						"0.1724": [0, 0, 0],
						"0.2414": [0, 0, 50],
						"0.3448": [0, 0, 49],
						"4.7241": [0, 0, 49],
						"4.931": [0, 0, 50.88],
						"4.9655": [0, 0, 50],
						"5.0": [0, 0, 0]
					},
					"position": {
						"0.0": [0, 0, 0],
						"0.1724": [0, 0, 0],
						"0.2414": [0, 0, 0],
						"4.9655": [0, 0, 0],
						"5.0": [0, 0, 0]
					}
				},
				"righthand": {
					"rotation": {
						"0.0": [101.2139, -323.71163, -174.99863],
						"0.1724": [88.38612, -319.74651, -245.90328],
						"0.2414": [85.02123, -319.98006, -251.12409],
						"0.3448": [88.39005, -319.74919, -245.8941],
						"0.3793": [87.27066, -296.76498, -247.28687],
						"0.4483": [87.27, -296.76, -247.29],
						"0.5172": [87.27, -296.76, -247.29],
						"0.6207": [77.41646, -326.46588, -261.69175],
						"0.7241": [77.42, -326.47, -261.69],
						"0.8276": [77.75982, -328.91161, -261.05436],
						"0.8966": [76.6949, -322.0825, -262.92683],
						"0.9655": [77.03195, -324.02766, -262.36117],
						"1.2414": [79.02806, -342.62687, -257.96893],
						"1.2759": [78.90302, -340.66696, -258.37326],
						"1.4483": [76.50368, -321.1158, -263.22246],
						"1.5517": [112.48051, -326.17602, -173.43479],
						"1.7241": [96.79395, -336.0991, -174.85172],
						"1.8276": [92.61599, -335.13452, -178.47545],
						"4.3103": [92.61599, -335.13452, -178.47545],
						"4.4138": [101.21, -323.71, -175],
						"4.5862": [87.27066, -296.76498, -247.28687],
						"4.6552": [87.78845, -303.75856, -246.68852],
						"4.7241": [131.34889, -356.2811, -154.70557],
						"4.8276": [142.9864, -395.30317, -131.70404],
						"4.931": [142.99, -395.3, -131.7],
						"4.9655": [142.99, -395.3, -131.7],
						"5.0": [120.79211, -411.56093, -109.95108],
						"5.0345": [120.79211, -411.56093, -109.95108],
						"5.1379": [127.842, -350.86674, -111.83878],
						"5.2759": [107.60421, -324.29344, -172.6334],
						"5.3103": [107.21, -323.71, -175],
						"5.3793": [101.2139, -323.71163, -174.99863]
					},
					"position": {
						"0.0": [-7.4, -15.425, 3],
						"0.1034": [-8.5, -14.905, 7.13],
						"0.1724": [-10, -12.175, 11.15],
						"0.2414": [-11, -8.875, 10.95],
						"0.3448": [-11, -8.875, 10.85],
						"0.3793": [-11, -8.575, 19.1],
						"0.4483": [-11, -8.575, 19.1],
						"0.5172": [-11, -8.575, 19.1],
						"0.6207": [-11, -14.575, 17.575],
						"0.7241": [-7, -15.375, 17.3],
						"0.8276": [-7, -15.475, 17.3],
						"0.8966": [-7, -15.875, 17.2],
						"0.9655": [-7, -15.975, 17.2],
						"1.1034": [-6.75, -19.885, 12.75],
						"1.2414": [-6.5, -16, 10.575],
						"1.2759": [-6.5, -16.7, 9.975],
						"1.4483": [-6.5, -35.7, 7.475],
						"1.5517": [-10.5, -24.7, 7.475],
						"1.7241": [-7.2, -16.775, 4.9],
						"1.8276": [-6.39339, -14.32296, 2.39833],
						"4.3793": [-6.39339, -14.32296, 2.39833],
						"4.4828": [-11.4, -15.025, 12.97],
						"4.5862": [-11, -8.575, 16.95],
						"4.6552": [-11, -8.575, 16.95],
						"4.7241": [-11, -8.775, 16.85],
						"4.7586": [-10.25, -8.025, 9.35],
						"4.8276": [-10.25, -8.025, 9.35],
						"4.931": [-10.25, -8.025, 9.35],
						"4.9655": [-10.25, -8.025, 9.35],
						"5.0": [-10.45, -10.825, 8.75],
						"5.0345": [-10.45, -10.825, 8.75],
						"5.1379": [-8.8, -15.025, 3.33],
						"5.2759": [-6.4, -14.475, 2],
						"5.3793": [-7.4, -15.425, 3]
					},
					"scale": {
						"0.0": [1, 1.5, 1],
						"5.3793": [1, 1.5, 1]
					}
				},
				"l2": {
					"rotation": {
						"2.1379": [0, 0, 0],
						"2.2414": [-4.25, 0, 0],
						"2.4138": [-0.5, 0, 0],
						"2.5172": [-2, 0, 0],
						"2.6724": [0.25, 0, 0],
						"2.8276": [-1.5, 0, 0],
						"2.9655": [-0.5, 0, 0],
						"3.2069": [-1.5, 0, 0],
						"3.3103": [-0.25, 0, 0],
						"3.4483": [-1.25, 0, 0],
						"3.5172": [2.575, 0, 0],
						"3.6207": [-1.575, 0, 0],
						"3.7241": [1.275, 0, 0],
						"3.8966": [-1, 0, 0],
						"4.2759": [0, 0, 0]
					}
				},
				"l3": {
					"rotation": {
						"2.1379": [0, 0, 0],
						"2.2414": [-4.25, 0, 0],
						"2.4138": [-0.5, 0, 0],
						"2.5172": [-2, 0, 0],
						"2.6724": [0.25, 0, 0],
						"2.8276": [-1.5, 0, 0],
						"2.9655": [-0.5, 0, 0],
						"3.2069": [-1.5, 0, 0],
						"3.3103": [-0.25, 0, 0],
						"3.4483": [-1.25, 0, 0],
						"3.5172": [2.575, 0, 0],
						"3.6207": [-1.575, 0, 0],
						"3.7241": [1.275, 0, 0],
						"3.8966": [-1, 0, 0],
						"4.2759": [0, 0, 0]
					}
				},
				"righthand_pos": {
					"position": {
						"0.0": [0, 0, 0],
						"5.3793": [0, 0, 0]
					}
				},
				"rightArm": {
					"position": [0, -1062, 339]
				},
				"leftArm": {
					"position": [0, -1126, 317]
				}
			},
			"sound_effects": {
				"0.0": {
					"effect": "ballista.reload"
				}
			}
		},
		"animation.ballista.fp.equip": {
			"loop": "hold_on_last_frame",
			"animation_length": 1.0417,
			"bones": {
				"root": {
					"rotation": [0, 180, 0]
				},
				"body": {
					"rotation": {
						"0.0": [92.5, 0, 0],
						"0.1667": [-1.63852, 1.147, 34.9836],
						"0.25": [0, 0, 35],
						"0.3333": [0, 0, 35],
						"0.375": [0, 0, 35],
						"0.4167": [0.81918, -0.57356, 34.9959],
						"0.5417": [0, 0, 35],
						"0.625": [0, 0, 35],
						"0.6667": [0, 0, 34],
						"0.75": [0, 0, 35],
						"0.8333": [0, 0, 35],
						"1.0417": [0, 0, 0]
					},
					"position": {
						"0.0": [0, 0, 3],
						"0.1667": [4, -3.1, 3],
						"0.25": [4, -2.8, 3],
						"0.3333": [4, -2.8, 3],
						"0.375": [4, -2.8, 3],
						"0.4167": [4, -2.8, 2.8],
						"0.5417": [4, -2.8, 3],
						"0.625": [4, -2.8, 3],
						"0.6667": [4, -2.8, 3],
						"0.75": [4, -2.8, 3],
						"0.8333": [4, -2.8, 3],
						"1.0417": [0, 0, 3]
					}
				},
				"waist": {
					"position": {
						"0.8333": [0, 0, -3],
						"1.0417": [0, 0, 0]
					}
				}
			},
			"sound_effects": {
				"0.375": {
					"effect": "ballista.kokangfinish"
				}
			}
		},
		"animation.ballista.fp.shoot.nsight": {
			"loop": "hold_on_last_frame",
			"animation_length": 1.8,
			"bones": {
				"root": {
					"rotation": [0, 180, 0]
				},
				"body": {
					"rotation": {
						"0.0": [0, 0, 0],
						"0.0667": [-8.66178, -2.19162, -8.06015],
						"0.2333": [-4.62026, -1.66784, -1.83225],
						"0.3833": [-3.63372, -2.16357, -8.81877],
						"0.5167": [-3.06362, -2.35499, -10.56065],
						"0.6": [-4.23325, -1.98686, -6.07258],
						"0.7": [-3.06362, -2.35499, -10.56065],
						"0.8167": [-2.69386, -1.77497, 0.1789],
						"0.95": [-1.11024, -0.82545, -3.17296],
						"1.0667": [0, 0, 0]
					},
					"position": {
						"0.0": [0, 0, 0],
						"0.05": [-0.14965, -0.58385, 2.49655],
						"0.1333": [-0.0682, -0.82445, 1.3853],
						"0.2167": [-0.03685, -0.9077, 0.8365],
						"0.3": [0.00555, -1.1786, 0.6983],
						"0.3833": [0.01355, -1.16135, 0.43755],
						"0.45": [-0.0283, -0.90685, 0.4609],
						"0.55": [0.00575, -1.1404, 1.31905],
						"0.6333": [-0.0103, -1.11755, 1.53065],
						"0.7333": [0.05875, -1.1655, 0.1424],
						"0.8": [0.11615, -1.3034, -0.8663],
						"0.8667": [0.11965, -0.9939, -1.86515],
						"0.9167": [0.05205, -0.46475, -1.19065],
						"1.0333": [0, 0, 0]
					}
				},
				"waist": {
					"rotation": [0, -1, 2],
					"position": [-3, 0.125, 0.25]
				},
				"root2": {
					"rotation": {
						"0.0": [0, 0, 0],
						"0.1": [0, 0, 0],
						"0.1667": [0.24846, -1.05218, 3.01702],
						"0.3": [1.749, -1.59527, 1.95299],
						"0.3667": [1.9779, -1.77101, 3.26694],
						"0.4": [1.93005, -3.36114, 5.17062],
						"0.5667": [1.75108, -3.02942, 2.9618],
						"0.6": [1.07699, -2.08108, -0.14793],
						"0.6333": [0.35846, -1.07129, -3.73301],
						"0.7": [0.00275, -0.04738, -0.49985],
						"0.8333": [0.02843, -0.41751, 1.8871],
						"0.9333": [-0.03786, -0.99678, 0.74848],
						"1.0333": [0.02428, -1.08463, 0.74946],
						"1.0667": [0.58, -1.23, 1.92],
						"1.1": [1.03969, -1.30357, 1.2277],
						"1.1667": [0.00076, -1.10235, 1.99983],
						"1.2667": [0.00076, -0.10235, 1.99985],
						"1.3333": [-1.98199, -0.3024, -2.75858],
						"1.4667": [-1.24292, 0.04982, -0.70861],
						"1.5333": [-1.2097, 0.42993, -1.29814],
						"1.6": [0, 0, 0],
						"1.6667": [0, 0, -0.5],
						"1.7333": [0, 0, 0.86],
						"1.8": [0, 0, 0]
					},
					"position": {
						"0.0": [0, 0, 0],
						"0.1": [0, 0, 0],
						"0.1667": [0.125, -0.6, -0.8],
						"0.3": [0.35, -0.975, -0.9],
						"0.4": [0.33, -0.99, -1.16],
						"0.5667": [0.25, -1, -1.3],
						"0.6333": [0, -0.9, -0.5],
						"0.7": [-0.15, -1, -0.7],
						"0.8667": [-0.145, -0.965, -0.7],
						"1.0333": [-0.2, -0.775, -0.8],
						"1.1": [-0.375, -0.75, -1.8],
						"1.1667": [-0.175, -0.75, -1.6],
						"1.2667": [-0.2, -0.55, -1.7],
						"1.4": [0, -0.65, -1.7],
						"1.5": [0, -0.66, -1.16],
						"1.5333": [0, -0.725, -0.9],
						"1.6": [0, -0.43, -0.32],
						"1.6333": [0, -0.26, -0.05],
						"1.6667": [0, -0.1, 0.3],
						"1.7333": [0, 0, 0.05],
						"1.8": [0, 0, 0]
					}
				},
				"lefthand": {
					"rotation": [89.52779, -393.457, -128.79941],
					"position": [8.925, -12.05, -4.5],
					"scale": [1, 1.5, 1]
				},
				"m95_bolt": {
					"rotation": {
						"0.0": [0, 0, 0],
						"0.2333": [0, 0, 0],
						"0.2667": [0, 0, 0],
						"0.4667": [0, 0, 0],
						"0.5333": [0, 0, 0],
						"0.9333": [0, 0, 0],
						"1.0": [0, 0, 0]
					},
					"position": {
						"0.0": [0, 0, 0],
						"0.2333": [0, 0, 0],
						"0.2667": [0, 0, 0],
						"0.4667": [0, 0, 0],
						"0.5333": [0, 0, 8.1],
						"0.6": [0, 0, 7.98],
						"0.9333": [0, 0, 8],
						"1.0": [0, 0, 0]
					}
				},
				"rotate": {
					"rotation": {
						"0.0": [0, 0, 0],
						"0.2167": {
							"pre": [0, 0, 0],
							"post": [0, 0, 0],
							"lerp_mode": "catmullrom"
						},
						"0.25": [0, 0, 50],
						"0.45": [0, 0, 49],
						"0.9167": [0, 0, 49],
						"1.1167": [0, 0, 50.88],
						"1.15": [0, 0, 50],
						"1.2167": [0, 0, 0]
					},
					"position": {
						"0.0": [0, 0, 0],
						"0.2167": {
							"pre": [0, 0, 0],
							"post": [0, 0, 0],
							"lerp_mode": "catmullrom"
						},
						"0.25": [0, 0, 0],
						"1.15": [0, 0, 0],
						"1.2167": [0, 0, 0]
					}
				},
				"righthand": {
					"rotation": {
						"0.0": [101.2139, -323.71163, -174.99863],
						"0.2333": [88.38612, -319.74651, -245.90328],
						"0.2667": [85.02123, -319.98006, -251.12409],
						"0.3": [88.33869, -317.75067, -245.97187],
						"0.4667": [88.39005, -319.74919, -245.8941],
						"0.5333": [86.53376, -290.77361, -248.09097],
						"0.6667": [87.27066, -296.76498, -247.28687],
						"0.8333": [86.27566, -289.27656, -248.36565],
						"0.9333": [131.34889, -356.2811, -154.70557],
						"1.0667": [142.9864, -395.30317, -131.70404],
						"1.1333": [142.99, -395.3, -131.7],
						"1.1667": [142.99, -395.3, -131.7],
						"1.2333": [112.60249, -363.96698, -112.97298],
						"1.3": [105.94, -351.93, -134.35],
						"1.4333": [92.04639, -323.45507, -183.73366],
						"1.5": [101.2139, -323.71163, -174.99863]
					},
					"position": {
						"0.0": [-6.4, -14.425, 2],
						"0.0667": [-9.025, -14.93, 8.505],
						"0.2333": [-9.2, -12.2, 10.375],
						"0.2667": [-10.2, -8.5, 10.175],
						"0.3": [-10.2, -8.5, 10.175],
						"0.4667": [-10.2, -8.5, 10.175],
						"0.5333": [-10.2, -8.6, 18.325],
						"0.9333": [-10.2, -8.8, 18.225],
						"1.0": [-9.45, -8.05, 10.725],
						"1.0667": [-9.45, -8.05, 10.725],
						"1.1333": [-9.45, -8.05, 10.725],
						"1.1667": [-9.45, -8.05, 10.725],
						"1.2333": [-10.55, -15.75, 10.125],
						"1.3": [-9.68, -15.28, 7.625],
						"1.4333": [-7.4, -14.2, 1.875],
						"1.5": [-6.4, -14.425, 2]
					},
					"scale": [1, 1.5, 1]
				}
			},
			"sound_effects": {
				"0.2": {
					"effect": "ballista_boltback"
				},
				"0.5333": {
					"effect": "ballista_boltforward"
				}
			}
		},
		"animation.ballista.fp.sight": {
			"loop": "hold_on_last_frame",
			"animation_length": 4.4583,
			"bones": {
				"waist": {
					"position": [0, 18, 140]
				},
				"root2": {
					"rotation": [0, 0, 0],
					"position": [3, 0, 133]
				},
				"lefthand": {
					"rotation": [89.52779, -393.457, -128.79941],
					"position": [8.925, -12.05, -4.5],
					"scale": [1, 1.5, 1]
				},
				"lens": {
					"scale": 0
				},
				"ocular": {
					"scale": 0
				},
				"righthand": {
					"rotation": [101.2139, -323.71163, -174.99863],
					"position": [-7.4, -15.425, 3],
					"scale": [1, 1.5, 1]
				}
			}
		},
		"animation.ballista.fp.draw": {
			"loop": "hold_on_last_frame",
			"animation_length": 1.3,
			"bones": {
				"body": {
					"rotation": {
						"0.0": [32.09413, -54.38778, -8.29667],
						"0.3": [1.77698, -9.99529, -4.30852],
						"0.55": [0.58201, -1.04064, 2.6563],
						"0.7": [0.32388, 0.39763, -2.15014],
						"0.8": [0, 0, 0]
					},
					"position": {
						"0.0": [0, -8.65, 0],
						"0.4": [-0.2, -0.6, -1.375],
						"0.5": [0.2, 0, -1.3],
						"0.65": [0.08, -0.075, 0.1375],
						"0.75": [0, 0, 0]
					}
				},
				"scope": {
					"rotation": {
						"0.0": [27.5, 0, 0],
						"0.35": [-5, 0, 0],
						"0.5": [2, 0, 0],
						"0.65": [0, 0, 0]
					},
					"position": {
						"0.0": [5, 2, 0],
						"0.35": [0, 0, 1],
						"0.5": [0, 0, 0],
						"0.65": [0, 0, 0]
					}
				},
				"root2": {
					"rotation": {
						"0.0": [-106.51189, -22.48392, 9.41779],
						"0.25": [-52.59389, -13.40941, -2.66565],
						"0.35": [-35.13359, -5.12707, 0.31771],
						"0.45": [-12.90997, -6.50028, -7.19254],
						"0.5": [-4.36769, -5.14555, 0.4584],
						"0.55": [-3.78864, -5.08234, -2.86114],
						"0.65": [-0.94724, -3.20987, 0.9386],
						"0.85": [-1.95, -0.44, -1.31],
						"0.95": [-2.0016, 0.01741, -1.49817],
						"1.05": [0.3296, -0.02576, 2.32998],
						"1.15": [0, 0, 2],
						"1.3": [0, 0, 0]
					},
					"position": {
						"0.0": [-17, -31, 15],
						"0.2": [-6.05, -11.1, 4.67],
						"0.35": [-0.5, -2.7, 1.9],
						"0.5": [0.01, -3.42, -0.41],
						"0.55": [-0.04, -3.95, 0.36],
						"0.65": [-0.02, -3.15, 1.76],
						"0.85": [0, -1.01, -0.25],
						"0.95": [0, -0.6, -0.5],
						"1.05": [0, -0.08, 1.26],
						"1.1": [0, -0.19, 0.51],
						"1.25": [0, 0, 0]
					}
				}
			},
			"sound_effects": {
				"0.0": {
					"effect": "Ballista.draw"
				}
			}
		},
		"animation.ballista.shoot.nsight": {
			"animation_length": 1.0667,
			"bones": {
				"waist": {
					"rotation": {
						"0.0": [0, 0, 0],
						"0.0167": [-2.97, 0, -1.25],
						"0.0333": [-5, 0, -2],
						"0.05": [-4.83, 0, -1.88],
						"0.0667": [-4.5, 0, -1.69],
						"0.0833": [-4.04, 0, -1.43],
						"0.1": [-3.48, 0, -1.12],
						"0.1167": [-2.83, 0, -0.77],
						"0.1333": [-2.14, 0, -0.39],
						"0.15": [-1.41, 0, 0],
						"0.1667": [-0.67, 0, 0.39],
						"0.1833": [0.05, 0, 0.77],
						"0.2": [0.72, 0, 1.12],
						"0.2167": [1.33, 0, 1.43],
						"0.2333": [1.84, 0, 1.69],
						"0.25": [2.24, 0, 1.88],
						"0.2667": [2.5, 0, 2],
						"0.2833": [2.6, 0, 2.03],
						"0.3": [2.64, 0, 2.03],
						"0.3167": [2.64, 0, 2.01],
						"0.3333": [2.6, 0, 1.95],
						"0.35": [2.52, 0, 1.88],
						"0.3667": [2.41, 0, 1.78],
						"0.3833": [2.26, 0, 1.66],
						"0.4": [2.1, 0, 1.54],
						"0.4167": [1.92, 0, 1.4],
						"0.4333": [1.72, 0, 1.25],
						"0.45": [1.51, 0, 1.1],
						"0.4667": [1.3, 0, 0.94],
						"0.4833": [1.09, 0, 0.79],
						"0.5": [0.88, 0, 0.64],
						"0.5167": [0.68, 0, 0.5],
						"0.5333": [0.5, 0, 0.37],
						"0.55": [0.34, 0, 0.25],
						"0.5667": [0.19, 0, 0.15],
						"0.5833": [0.08, 0, 0.06],
						"0.6": [0, 0, 0]
					},
					"position": {
						"0.0": [0, 0, 0],
						"0.0167": [0.11, -0.51, 1.41],
						"0.0333": [0.2, -1, 3],
						"0.05": [0.19, -1.04, 3.3],
						"0.0667": [0.18, -1.05, 3.61],
						"0.0833": [0.16, -1.05, 3.92],
						"0.1": [0.13, -1.02, 4.19],
						"0.1167": [0.1, -0.99, 4.41],
						"0.1333": [0.07, -0.94, 4.54],
						"0.15": [0.03, -0.88, 4.56],
						"0.1667": [0, -0.82, 4.45],
						"0.1833": [-0.03, -0.77, 4.25],
						"0.2": [-0.06, -0.7, 3.94],
						"0.2167": [-0.09, -0.62, 3.54],
						"0.2333": [-0.13, -0.53, 3.08],
						"0.25": [-0.16, -0.44, 2.58],
						"0.2667": [-0.2, -0.35, 2.05],
						"0.2833": [-0.23, -0.26, 1.54],
						"0.3": [-0.26, -0.18, 1.05],
						"0.3167": [-0.28, -0.11, 0.62],
						"0.3333": [-0.29, -0.05, 0.26],
						"0.35": [-0.3, 0, 0],
						"0.3667": [-0.3, 0.02, -0.13],
						"0.3833": [-0.29, 0.04, -0.22],
						"0.4": [-0.27, 0.05, -0.28],
						"0.4167": [-0.26, 0.06, -0.32],
						"0.4333": [-0.23, 0.06, -0.33],
						"0.45": [-0.21, 0.06, -0.32],
						"0.4667": [-0.18, 0.05, -0.3],
						"0.4833": [-0.15, 0.05, -0.26],
						"0.5": [-0.13, 0.04, -0.21],
						"0.5167": [-0.1, 0.03, -0.16],
						"0.5333": [-0.07, 0.02, -0.12],
						"0.55": [-0.05, 0.01, -0.07],
						"0.5667": [-0.03, 0.01, -0.03],
						"0.5833": [-0.01, 0, -0.01],
						"0.6": [0, 0, 0]
					}
				},
				"scope": {
					"rotation": {
						"0.0": [0, 0, 0],
						"0.0167": [3.52, 0, 0],
						"0.0333": [8.15, 0, 0],
						"0.05": [10, 0, 0],
						"0.0667": [9.42, 0, 0],
						"0.0833": [8.28, 0, 0],
						"0.1": [6.71, 0, 0],
						"0.1167": [4.84, 0, 0],
						"0.1333": [2.81, 0, 0],
						"0.15": [0.76, 0, 0],
						"0.1667": [-1.18, 0, 0],
						"0.1833": [-2.88, 0, 0],
						"0.2": [-4.2, 0, 0],
						"0.2167": [-5, 0, 0],
						"0.2333": [-5.26, 0, 0],
						"0.25": [-5.28, 0, 0],
						"0.2667": [-5.11, 0, 0],
						"0.2833": [-4.77, 0, 0],
						"0.3": [-4.31, 0, 0],
						"0.3167": [-3.74, 0, 0],
						"0.3333": [-3.12, 0, 0],
						"0.35": [-2.47, 0, 0],
						"0.3667": [-1.83, 0, 0],
						"0.3833": [-1.22, 0, 0],
						"0.4": [-0.69, 0, 0],
						"0.4167": [-0.28, 0, 0],
						"0.4333": [0, 0, 0]
					},
					"position": {
						"0.0": [0, 0, 0],
						"0.0167": [0, 0, -0.16],
						"0.0333": [0, 0, -0.39],
						"0.05": [0, 0, -0.67],
						"0.0667": [0, 0, -0.96],
						"0.0833": [0, 0, -1.26],
						"0.1": [0, 0, -1.55],
						"0.1167": [0, 0, -1.8],
						"0.1333": [0, 0, -2],
						"0.15": [0, 0, -2.26],
						"0.1667": [0, 0, -2.49],
						"0.1833": [0, 0, -2.66],
						"0.2": [0, 0, -2.71],
						"0.2167": [0, 0, -2.6],
						"0.2333": [0, 0, -2.47],
						"0.25": [0, 0, -2.29],
						"0.2667": [0, 0, -2.05],
						"0.2833": [0, 0, -1.78],
						"0.3": [0, 0, -1.49],
						"0.3167": [0, 0, -1.19],
						"0.3333": [0, 0, -0.89],
						"0.35": [0, 0, -0.61],
						"0.3667": [0, 0, -0.36],
						"0.3833": [0, 0, -0.15],
						"0.4": [0, 0, 0],
						"0.4167": [0, 0, 0.11],
						"0.4333": [0, 0, 0.17],
						"0.45": [0, 0, 0.19],
						"0.4667": [0, 0, 0.18],
						"0.4833": [0, 0, 0.14],
						"0.5": [0, 0, 0.1],
						"0.5167": [0, 0, 0.05],
						"0.5333": [0, 0, 0.01],
						"0.55": [0, 0, 0]
					}
				},
				"root2": {
					"rotation": {
						"0.0": [0, 0, 0],
						"0.0333": [1.24069, 0.15232, -6.99835],
						"0.0667": [-5.82024, 1.33042, 5.79388],
						"0.1333": [-6.38564, -0.61289, -1.91761],
						"0.2": [-6.0138, -0.64862, -3.1926],
						"0.3": [-3.22698, -0.95049, 1.89646],
						"0.4667": [-0.42425, 0.27786, 0.43549],
						"0.7": [0.23068, -0.21405, -0.46178],
						"0.9": [-0.09988, 0.076, 0.12379],
						"1.0667": [0.04509, 0.01634, -0.04605]
					},
					"position": {
						"0.0": [0, 0, 0],
						"0.0333": [0, -0.75, 4.7],
						"0.0667": [0, 0.675, 5.205],
						"0.1667": [-0.125, 1.18, 2.775],
						"0.2333": [-0.11, 0.94, 0.66],
						"0.3": [-0.075, 0.51, -0.005],
						"0.4333": [0, -0.47, -0.485],
						"0.5667": [0, -0.78, -0.095],
						"0.7333": [0, -0.415, 0.06],
						"0.9": [0, -0.15, 0.1],
						"1.0667": [0.03125, -0.17, -0.03]
					}
				}
			},
			"particle_effects": {
				"0.0": {
					"effect": "krep.amrmuzzleflash",
					"locator": "ballistamuzzle"
				}
			}
		},
		"animation.ballista.shoot.nsight2": {
			"animation_length": 1.0667,
			"bones": {
				"waist": {
					"rotation": {
						"0.0": [0, 0, 0],
						"0.0167": [-2.97, 0, -1.25],
						"0.0333": [-5, 0, -2],
						"0.05": [-4.83, 0, -1.88],
						"0.0667": [-4.5, 0, -1.69],
						"0.0833": [-4.04, 0, -1.43],
						"0.1": [-3.48, 0, -1.12],
						"0.1167": [-2.83, 0, -0.77],
						"0.1333": [-2.14, 0, -0.39],
						"0.15": [-1.41, 0, 0],
						"0.1667": [-0.67, 0, 0.39],
						"0.1833": [0.05, 0, 0.77],
						"0.2": [0.72, 0, 1.12],
						"0.2167": [1.33, 0, 1.43],
						"0.2333": [1.84, 0, 1.69],
						"0.25": [2.24, 0, 1.88],
						"0.2667": [2.5, 0, 2],
						"0.2833": [2.6, 0, 2.03],
						"0.3": [2.64, 0, 2.03],
						"0.3167": [2.64, 0, 2.01],
						"0.3333": [2.6, 0, 1.95],
						"0.35": [2.52, 0, 1.88],
						"0.3667": [2.41, 0, 1.78],
						"0.3833": [2.26, 0, 1.66],
						"0.4": [2.1, 0, 1.54],
						"0.4167": [1.92, 0, 1.4],
						"0.4333": [1.72, 0, 1.25],
						"0.45": [1.51, 0, 1.1],
						"0.4667": [1.3, 0, 0.94],
						"0.4833": [1.09, 0, 0.79],
						"0.5": [0.88, 0, 0.64],
						"0.5167": [0.68, 0, 0.5],
						"0.5333": [0.5, 0, 0.37],
						"0.55": [0.34, 0, 0.25],
						"0.5667": [0.19, 0, 0.15],
						"0.5833": [0.08, 0, 0.06],
						"0.6": [0, 0, 0]
					},
					"position": {
						"0.0": [0, 0, 0],
						"0.0167": [0.11, -0.51, 1.41],
						"0.0333": [0.2, -1, 3],
						"0.05": [0.19, -1.04, 3.3],
						"0.0667": [0.18, -1.05, 3.61],
						"0.0833": [0.16, -1.05, 3.92],
						"0.1": [0.13, -1.02, 4.19],
						"0.1167": [0.1, -0.99, 4.41],
						"0.1333": [0.07, -0.94, 4.54],
						"0.15": [0.03, -0.88, 4.56],
						"0.1667": [0, -0.82, 4.45],
						"0.1833": [-0.03, -0.77, 4.25],
						"0.2": [-0.06, -0.7, 3.94],
						"0.2167": [-0.09, -0.62, 3.54],
						"0.2333": [-0.13, -0.53, 3.08],
						"0.25": [-0.16, -0.44, 2.58],
						"0.2667": [-0.2, -0.35, 2.05],
						"0.2833": [-0.23, -0.26, 1.54],
						"0.3": [-0.26, -0.18, 1.05],
						"0.3167": [-0.28, -0.11, 0.62],
						"0.3333": [-0.29, -0.05, 0.26],
						"0.35": [-0.3, 0, 0],
						"0.3667": [-0.3, 0.02, -0.13],
						"0.3833": [-0.29, 0.04, -0.22],
						"0.4": [-0.27, 0.05, -0.28],
						"0.4167": [-0.26, 0.06, -0.32],
						"0.4333": [-0.23, 0.06, -0.33],
						"0.45": [-0.21, 0.06, -0.32],
						"0.4667": [-0.18, 0.05, -0.3],
						"0.4833": [-0.15, 0.05, -0.26],
						"0.5": [-0.13, 0.04, -0.21],
						"0.5167": [-0.1, 0.03, -0.16],
						"0.5333": [-0.07, 0.02, -0.12],
						"0.55": [-0.05, 0.01, -0.07],
						"0.5667": [-0.03, 0.01, -0.03],
						"0.5833": [-0.01, 0, -0.01],
						"0.6": [0, 0, 0]
					}
				},
				"scope": {
					"rotation": {
						"0.0": {
							"post": [0, 0, 0],
							"lerp_mode": "catmullrom"
						},
						"0.05": {
							"post": [10, 0, 0],
							"lerp_mode": "catmullrom"
						},
						"0.2167": {
							"post": [-5, 0, 0],
							"lerp_mode": "catmullrom"
						},
						"0.4333": {
							"post": [0, 0, 0],
							"lerp_mode": "catmullrom"
						}
					},
					"position": {
						"0.0": {
							"post": [0, 0, 0],
							"lerp_mode": "catmullrom"
						},
						"0.1333": {
							"post": [0, 0, -2],
							"lerp_mode": "catmullrom"
						},
						"0.2167": {
							"post": [0, 0, -2.6],
							"lerp_mode": "catmullrom"
						},
						"0.4": {
							"post": [0, 0, 0],
							"lerp_mode": "catmullrom"
						},
						"0.55": {
							"post": [0, 0, 0],
							"lerp_mode": "catmullrom"
						}
					}
				},
				"root2": {
					"rotation": {
						"0.0": [0, 0, 0],
						"0.0333": [1.24069, 0.15232, -6.99835],
						"0.0667": [-5.82024, 1.33042, 5.79388],
						"0.1333": [-6.38564, -0.61289, -1.91761],
						"0.2": [-6.0138, -0.64862, -3.1926],
						"0.3": [-3.22698, -0.95049, 1.89646],
						"0.4667": [-0.42425, 0.27786, 0.43549],
						"0.7": [0.23068, -0.21405, -0.46178],
						"0.9": [-0.09988, 0.076, 0.12379],
						"1.0667": [0.04509, 0.01634, -0.04605]
					},
					"position": {
						"0.0": [0, 0, 0],
						"0.0333": [0, -0.75, 4.7],
						"0.0667": [0, 0.675, 5.205],
						"0.1667": [-0.125, 1.18, 2.775],
						"0.2333": [-0.11, 0.94, 0.66],
						"0.3": [-0.075, 0.51, -0.005],
						"0.4333": [0, -0.47, -0.485],
						"0.5667": [0, -0.78, -0.095],
						"0.7333": [0, -0.415, 0.06],
						"0.9": [0, -0.15, 0.1],
						"1.0667": [0.03125, -0.17, -0.03]
					}
				}
			},
			"particle_effects": {
				"0.0": {
					"effect": "krep.amrmuzzleflash",
					"locator": "ballistamuzzle"
				}
			}
		},
		"animation.ballista.tp.hold": {
			"loop": "hold_on_last_frame",
			"bones": {
				"Joints": {
					"rotation": [0, 0, -5],
					"position": [-1, 24, -11],
					"scale": 0.067
				},
				"tag_sling": {
					"rotation": [-3.039, 0, 0],
					"position": [80.69, -15.75, -13.377]
				},
				"tag_ads": {
					"rotation": [-3.043, 0, 0],
					"position": [80.565, -18.188, -45.876]
				},
				"j_clavicle_le": {
					"rotation": [0, 0, 0],
					"position": [0, 0, 0]
				},
				"j_shoulder_le": {
					"rotation": [0.031, 0.011, 0.002]
				},
				"j_elbow_le": {
					"rotation": [-0.032, -0.046, -0.028]
				},
				"j_wrist_le": {
					"rotation": [0.002, 0.002, 0]
				},
				"leftArm": {
					"rotation": [-79.69289, 29.12273, 33.26959],
					"position": [0, -1, -2],
					"scale": [1, 1.4, 1]
				},
				"j_clavicle_ri": {
					"rotation": [0, 0, 0],
					"position": [0, 0, 0]
				},
				"j_shoulder_ri": {
					"rotation": [0.012, -0.024, 0.004]
				},
				"j_elbow_ri": {
					"rotation": [-0.004, -0.016, 0.006]
				},
				"j_wrist_ri": {
					"rotation": [-0.005, 0.001, 0.001]
				},
				"rightArm": {
					"rotation": [-90, -12.5, 0],
					"position": [1, 0, 0]
				},
				"head": {
					"rotation": [0, 0, -17.5]
				},
				"degree": {
					"rotation": [0, -180, 0],
					"position": [-5, 8, -27],
					"scale": 0.5
				},
				"lefthand_pos": {
					"position": [0, 611, 0]
				},
				"righthand_pos": {
					"position": [0, 783, 0]
				}
			}
		},
		"animation.ballista.tp.scope": {
			"loop": "hold_on_last_frame",
			"bones": {
				"Joints": {
					"rotation": [0, 0, -5],
					"position": [-1, 24, -11],
					"scale": 0.067
				},
				"tag_sling": {
					"rotation": [-3.039, 0, 0],
					"position": [80.69, -15.75, -13.377]
				},
				"tag_ads": {
					"rotation": [-3.043, 0, 0],
					"position": [80.565, -18.188, -45.876]
				},
				"j_clavicle_le": {
					"rotation": [0, 0, 0],
					"position": [0, 0, 0]
				},
				"j_shoulder_le": {
					"rotation": [0.031, 0.011, 0.002]
				},
				"j_elbow_le": {
					"rotation": [-0.032, -0.046, -0.028]
				},
				"j_wrist_le": {
					"rotation": [0.002, 0.002, 0]
				},
				"leftArm": {
					"rotation": [-79.69289, 29.12273, 33.26959],
					"position": [0, -1, -2],
					"scale": [1, 1.4, 1]
				},
				"j_clavicle_ri": {
					"rotation": [0, 0, 0],
					"position": [0, 0, 0]
				},
				"j_shoulder_ri": {
					"rotation": [0.012, -0.024, 0.004]
				},
				"j_elbow_ri": {
					"rotation": [-0.004, -0.016, 0.006]
				},
				"j_wrist_ri": {
					"rotation": [-0.005, 0.001, 0.001]
				},
				"rightArm": {
					"rotation": [-90, -12.5, 0],
					"position": [1, 0, 0]
				},
				"head": {
					"rotation": [0, 0, -17.5]
				},
				"degree": {
					"rotation": [0, -180, 0],
					"position": [-5, 8, -27],
					"scale": 0.5
				},
				"lefthand_pos": {
					"position": [0, 611, 0]
				},
				"righthand_pos": {
					"position": [0, 783, 0]
				}
			}
		}
	}
}