{
	"format_version": "1.16.100",
	"minecraft:block": {
		"description": {
			"identifier": "krep:muzzleflash"
		},
		"components": {
			"minecraft:material_instances": {
				"*": {
					"texture": "noblok",
					"render_method": "alpha_test"
				}
			},
			"minecraft:ticking": {
				"on_tick": {
					"event": "krep:muzzleflashremove"
				},
				"range": [
					0.05,
					0.05
				]
			},
			"minecraft:unit_cube": {},
			"minecraft:block_light_emission": 0.4,
			"minecraft:block_light_absorption": 0,
			"minecraft:pick_collision": false,
			"minecraft:entity_collision": false
		},
		"events": {
			"krep:muzzleflashremove": {
				"run_command": {
					"command": [
						"fill ~ ~ ~ ~ ~ ~ air 0 replace krep:muzzleflash"
					]
				}
			}
		}
	}
}