{
  "format_version": "1.20.30",
  "minecraft:item": {
    "description": {
      "identifier": "krep:mm127",
      "menu_category": {
        "category": "equipment"
      }
    },
    "components": {
      "minecraft:stacked_by_data": true,
      "minecraft:max_stack_size": 20,
      "minecraft:icon": {
        "texture": "338Lapua"
      },
      "minecraft:display_name": {
        "value": "§l§e338 Lapua Bullet\n§r§o§1TAC Zero Default Pack"
      },
      "minecraft:can_destroy_in_creative": false,
      "minecraft:creative_category": {
        "parent": "equipment"
      }
    }
  }
}