{
  "format_version": "1.20.30",
  "minecraft:item": {
    "description": {
      "identifier": "krep:ballista_emp",
      "menu_category": {
        "category": "equipment"
      }
    },
    "components": {
      "minecraft:stacked_by_data": true,
      "minecraft:hand_equipped": true,
      "minecraft:max_stack_size": 1,
      "minecraft:use_duration": 999999,
      "minecraft:can_destroy_in_creative": false,
      "minecraft:food": {
        "can_always_eat": true
      },
      "minecraft:cooldown": {
        "category": "chorusfruit",
        "duration": 0
      },
      "minecraft:icon": {
        "texture": "ballista"
      },
      "minecraft:display_name": {
        "value": "M95-50\n§IListen to the whistle of the authority§f\n§m§l50.BMG Bullet§r\n§f§7Type: §sSniper Rifle\n§f§7Fire Mode: §sBolt-action\n§f§7Bullets: §s5\n\n§o§1TAC Zero Default Pack"
      },
      "minecraft:creative_category": {
        "parent": "equipment"
      },
      "minecraft:chargeable": {
        "movement_modifier": 1.0
      }
    }
  }
}