{
	"format_version": "1.8.0",
	"animations": {
		"animation.ak101.fp.hold": {
			"loop": true,
			"animation_length": 13.4167,
			"bones": {
				"root": {
					"rotation": [0, 180, 0],
					"position": [0, 0, 0]
				},
				"AK47": {
					"rotation": [89.96508, 1.9997, -1.00061],
					"position": [-5, 4.5, 10.75],
					"scale": [1.3, 1.3, 0.86]
				},
				"justtest": {
					"scale": 0
				},
				"waist": {
					"rotation": [0, -1, 2],
					"position": [-3, -0.125, -8.975]
				},
				"bone": {
					"scale": 0.5
				},
				"root2": {
					"rotation": {
						"0.0": [0, 0, 0],
						"0.0417": [0, 0, -0.04],
						"0.0833": [0, 0, -0.17],
						"0.125": [0, 0, -0.23],
						"0.1667": [0, 0, -0.26],
						"0.2083": [0.01, 0, -0.26],
						"0.25": [0.03, 0, -0.2],
						"0.2917": [0.04, 0, -0.16],
						"0.3333": [0.05, 0, -0.14],
						"0.375": [0.06, 0, -0.12],
						"0.4167": [0.06, 0, -0.14],
						"0.4583": [0.06, 0, -0.16],
						"0.5": [0.06, 0, -0.19],
						"0.5417": [0.06, 0, -0.21],
						"0.5833": [0.06, 0, -0.26],
						"0.625": [0.06, 0, -0.27],
						"0.6667": [0.06, 0, -0.27],
						"0.7083": [0.06, 0, -0.27],
						"0.75": [0.05, 0, -0.22],
						"0.7917": [0.05, 0, -0.19],
						"0.8333": [0.05, 0, -0.15],
						"0.875": [0.04, 0, -0.1],
						"0.9167": [0.04, 0, -0.01],
						"0.9583": [0.03, 0, 0.03],
						"1.0": [0.03, 0, 0.08],
						"1.0417": [0.03, 0, 0.11],
						"1.0833": [0.02, 0, 0.16],
						"1.125": [0.02, 0, 0.17],
						"1.1667": [0.01, 0, 0.16],
						"1.2083": [0.01, 0, 0.15],
						"1.25": [0, 0, 0.1],
						"1.2917": [0, 0, 0.08],
						"1.3333": [0, 0, 0.07],
						"1.375": [0, 0, 0.07],
						"1.4167": [0, 0, 0.09],
						"1.4583": [0, 0, 0.11],
						"1.5": [0, 0, 0.14],
						"1.5417": [0, 0, 0.16],
						"1.5833": [0.01, 0, 0.22],
						"1.625": [0.01, 0, 0.25],
						"1.6667": [0.01, 0, 0.27],
						"1.7083": [0.01, 0, 0.3],
						"1.75": [0.02, 0, 0.34],
						"1.7917": [0.02, 0, 0.35],
						"1.8333": [0.02, 0, 0.36],
						"1.875": [0.03, 0, 0.36],
						"1.9167": [0.04, 0, 0.36],
						"1.9583": [0.05, 0, 0.35],
						"2.0": [0.06, 0, 0.35],
						"2.0417": [0.06, 0, 0.34],
						"2.0833": [0.08, 0, 0.33],
						"2.125": [0.08, 0, 0.33],
						"2.1667": [0.09, 0, 0.34],
						"2.2083": [0.09, 0, 0.36],
						"2.25": [0.09, 0, 0.44],
						"2.2917": [0.09, 0, 0.48],
						"2.3333": [0.09, 0, 0.51],
						"2.375": [0.1, 0, 0.53],
						"2.4167": [0.11, 0, 0.53],
						"2.4583": [0.11, 0, 0.52],
						"2.5": [0.12, 0, 0.52],
						"2.5417": [0.12, 0, 0.51],
						"2.5833": [0.14, 0, 0.48],
						"2.625": [0.14, 0, 0.47],
						"2.6667": [0.15, 0, 0.45],
						"2.7083": [0.16, 0, 0.44],
						"2.75": [0.16, 0, 0.41],
						"2.7917": [0.17, 0, 0.37],
						"2.8333": [0.16, 0, 0.32],
						"2.875": [0.16, 0, 0.27],
						"2.9167": [0.16, 0, 0.19],
						"2.9583": [0.16, 0, 0.16],
						"3.0": [0.18, 0, 0.16],
						"3.0417": [0.2, 0, 0.17],
						"3.0833": [0.24, 0, 0.21],
						"3.125": [0.26, 0, 0.23],
						"3.1667": [0.28, 0, 0.24],
						"3.2083": [0.3, 0, 0.22],
						"3.25": [0.31, 0, 0.17],
						"3.2917": [0.32, 0, 0.14],
						"3.3333": [0.34, 0.04, 0.07],
						"3.375": [0.36, 0.07, 0],
						"3.4167": [0.5, -0.16, 0.31],
						"3.4583": [0.63, -0.4, 0.65],
						"3.5": [0.76, -0.66, 1.02],
						"3.5417": [0.83, -0.87, 1.3],
						"3.5833": [0.51, -0.9, 1.21],
						"3.625": [0.05, -0.69, 0.76],
						"3.6667": [-0.41, -0.44, 0.28],
						"3.7083": [-0.68, -0.25, -0.06],
						"3.75": [-0.6, -0.1, -0.19],
						"3.7917": [-0.45, -0.06, -0.17],
						"3.8333": [-0.28, -0.03, -0.14],
						"3.875": [-0.17, 0, -0.12],
						"3.9167": [-0.07, 0.02, -0.12],
						"3.9583": [-0.04, 0.02, -0.11],
						"4.0": [-0.01, 0.01, -0.1],
						"4.0417": [0.01, 0, -0.09],
						"4.0833": [0.03, 0, -0.07],
						"4.125": [0.03, 0, -0.05],
						"4.1667": [0.03, 0, -0.03],
						"4.2083": [0.02, 0, -0.01],
						"4.25": [0, 0, 0.01],
						"4.2917": [0, 0, 0],
						"4.3333": [0, 0, -0.04],
						"4.375": [0, 0, -0.1],
						"4.4167": [0, 0, -0.23],
						"4.4583": [0, 0, -0.26],
						"4.5": [0.01, 0, -0.26],
						"4.5417": [0.02, 0, -0.23],
						"4.5833": [0.04, 0, -0.16],
						"4.625": [0.05, 0, -0.14],
						"4.6667": [0.06, 0, -0.12],
						"4.7083": [0.06, 0, -0.13],
						"4.75": [0.06, 0, -0.16],
						"4.7917": [0.06, 0, -0.19],
						"4.8333": [0.06, 0, -0.21],
						"4.875": [0.06, 0, -0.24],
						"4.9167": [0.06, 0, -0.27],
						"4.9583": [0.06, 0, -0.27],
						"5.0": [0.06, 0, -0.27],
						"5.0417": [0.06, 0, -0.25],
						"5.0833": [0.05, 0, -0.19],
						"5.125": [0.05, 0, -0.15],
						"5.1667": [0.04, 0, -0.1],
						"5.2083": [0.04, 0, -0.06],
						"5.25": [0.03, 0, 0.03],
						"5.2917": [0.03, 0, 0.08],
						"5.3333": [0.03, 0, 0.11],
						"5.375": [0.02, 0, 0.14],
						"5.4167": [0.02, 0, 0.17],
						"5.4583": [0.01, 0, 0.16],
						"5.5": [0.01, 0, 0.15],
						"5.5417": [0.01, 0, 0.12],
						"5.5833": [0, 0, 0.08],
						"5.625": [0, 0, 0.07],
						"5.6667": [0, 0, 0.07],
						"5.7083": [0, 0, 0.08],
						"5.75": [0, 0, 0.11],
						"5.7917": [0, 0, 0.14],
						"5.8333": [0, 0, 0.16],
						"5.875": [0, 0, 0.19],
						"5.9167": [0.01, 0, 0.25],
						"5.9583": [0.01, 0, 0.27],
						"6.0": [0.01, 0, 0.3],
						"6.0417": [0.01, 0, 0.32],
						"6.0833": [0.02, 0, 0.35],
						"6.125": [0.02, 0, 0.36],
						"6.1667": [0.03, 0, 0.36],
						"6.2083": [0.04, 0, 0.36],
						"6.25": [0.05, 0, 0.35],
						"6.2917": [0.06, 0, 0.35],
						"6.3333": [0.06, 0, 0.34],
						"6.375": [0.07, 0, 0.34],
						"6.4167": [0.08, 0, 0.33],
						"6.4583": [0.09, 0, 0.34],
						"6.5": [0.09, 0, 0.36],
						"6.5417": [0.09, 0, 0.4],
						"6.5833": [0.09, 0, 0.48],
						"6.625": [0.09, 0, 0.51],
						"6.6667": [0.1, 0, 0.53],
						"6.7083": [0.1, 0, 0.53],
						"6.75": [0.12, 0, 0.53],
						"6.7917": [0.12, 0, 0.52],
						"6.8333": [0.13, 0, 0.51],
						"6.875": [0.14, 0, 0.51],
						"6.9167": [0.16, 0, 0.48],
						"6.9583": [0.16, 0, 0.46],
						"7.0": [0.17, 0, 0.45],
						"7.0417": [0.17, 0, 0.43],
						"7.0833": [0.15, 0, 0.35],
						"7.125": [0.12, 0, 0.28],
						"7.1667": [0.09, 0, 0.19],
						"7.2083": [0.05, 0, 0.12],
						"7.25": [0, 0, 0],
						"8.0": {
							"pre": [0, 0, 0],
							"post": [0, 0, 0],
							"lerp_mode": "catmullrom"
						},
						"8.0833": {
							"post": [-5.46934, -6.59483, -3.87442],
							"lerp_mode": "catmullrom"
						},
						"8.2917": {
							"post": [-24.36045, -18.3372, -24.5736],
							"lerp_mode": "catmullrom"
						},
						"8.4583": {
							"post": [-26.6372, -23.44434, -30.03394],
							"lerp_mode": "catmullrom"
						},
						"8.5833": {
							"post": [-27.1372, -23.44434, -30.53394],
							"lerp_mode": "catmullrom"
						},
						"8.9167": {
							"post": [-27.57, -24.03, -31.84547],
							"lerp_mode": "catmullrom"
						},
						"9.0833": {
							"post": [-26.6372, -24.44434, -33.28003],
							"lerp_mode": "catmullrom"
						},
						"9.4583": {
							"post": [-25.24484, -24.87172, -34.76282],
							"lerp_mode": "catmullrom"
						},
						"9.6667": {
							"post": [-25.02484, -25.14172, -35.06281],
							"lerp_mode": "catmullrom"
						},
						"9.7917": {
							"post": [-25.68531, -24.51055, -34.39042],
							"lerp_mode": "catmullrom"
						},
						"10.0417": {
							"post": [-25.89, -25.17, -35.55],
							"lerp_mode": "catmullrom"
						},
						"10.0833": {
							"post": [-26.36769, -24.44268, -34.05701],
							"lerp_mode": "catmullrom"
						},
						"10.2083": {
							"post": [-24.26656, -25.85154, -37.78486],
							"lerp_mode": "catmullrom"
						},
						"10.2917": {
							"post": [-25.85782, -24.16621, -33.81841],
							"lerp_mode": "catmullrom"
						},
						"10.4583": {
							"post": [-23.12164, -22.41959, -23.06423],
							"lerp_mode": "catmullrom"
						},
						"10.75": {
							"post": [-33.43597, 2.67804, 38.4926],
							"lerp_mode": "catmullrom"
						},
						"10.9167": {
							"post": [-34.83597, 5.27804, 55.3926],
							"lerp_mode": "catmullrom"
						},
						"11.25": {
							"post": [-34.91, 4.72656, 56.81],
							"lerp_mode": "catmullrom"
						},
						"11.4167": {
							"post": [-34.14, 5.47656, 58.61],
							"lerp_mode": "catmullrom"
						},
						"11.5833": {
							"post": [-34.1349, 5.84963, 58.7146],
							"lerp_mode": "catmullrom"
						},
						"11.7917": {
							"post": [-34.74262, 8.83811, 65.4196],
							"lerp_mode": "catmullrom"
						},
						"12.0": {
							"post": [-35.47, 8.61656, 66.12],
							"lerp_mode": "catmullrom"
						},
						"12.2083": {
							"post": [-36.25, 9.09656, 66.41],
							"lerp_mode": "catmullrom"
						},
						"12.5": {
							"post": [-35.44, 9.53656, 64.48],
							"lerp_mode": "catmullrom"
						},
						"12.5833": {
							"post": [-35.57282, 9.29734, 66.33695],
							"lerp_mode": "catmullrom"
						},
						"12.75": {
							"post": [-31.59262, 7.93811, 58.1196],
							"lerp_mode": "catmullrom"
						},
						"12.9583": {
							"post": [-2.49762, -11.47315, 23.75119],
							"lerp_mode": "catmullrom"
						},
						"13.0833": {
							"post": [4.76155, -3.98624, 3.16823],
							"lerp_mode": "catmullrom"
						},
						"13.2083": {
							"post": [-0.75, 0, -2.25],
							"lerp_mode": "catmullrom"
						},
						"13.3333": {
							"post": [0.25, 0, 1.25],
							"lerp_mode": "catmullrom"
						},
						"13.5417": {
							"post": [0, 0, 0],
							"lerp_mode": "catmullrom"
						}
					},
					"position": {
						"0.0": [0, 0, 0],
						"0.0417": [0, 0, 0],
						"0.0833": [-0.01, 0.01, 0],
						"0.125": [-0.01, 0.01, 0],
						"0.1667": [-0.01, 0.01, 0],
						"0.2083": [-0.01, 0.01, 0],
						"0.25": [-0.02, 0.01, 0],
						"0.2917": [-0.01, 0, 0],
						"0.3333": [-0.01, -0.01, 0],
						"0.375": [0, -0.02, 0],
						"0.4167": [0, -0.03, 0],
						"0.4583": [0, -0.04, 0],
						"0.5": [-0.01, -0.04, 0],
						"0.5417": [-0.01, -0.04, 0],
						"0.5833": [-0.02, -0.05, 0],
						"0.625": [-0.02, -0.05, 0],
						"0.6667": [-0.02, -0.06, 0],
						"0.7083": [-0.03, -0.06, 0],
						"0.75": [-0.03, -0.06, 0],
						"0.7917": [-0.03, -0.06, 0],
						"0.8333": [-0.03, -0.06, 0],
						"0.875": [-0.03, -0.06, 0],
						"0.9167": [-0.02, -0.05, 0],
						"0.9583": [-0.02, -0.04, 0],
						"1.0": [-0.02, -0.04, 0],
						"1.0417": [-0.01, -0.04, 0],
						"1.0833": [0, -0.04, 0],
						"1.125": [0, -0.05, 0],
						"1.1667": [0, -0.05, 0],
						"1.2083": [0, -0.05, 0],
						"1.25": [-0.01, -0.05, 0],
						"1.2917": [-0.01, -0.05, 0],
						"1.3333": [-0.02, -0.04, 0],
						"1.375": [-0.02, -0.04, 0],
						"1.4167": [-0.03, -0.04, 0],
						"1.4583": [-0.04, -0.04, 0],
						"1.5": [-0.04, -0.04, 0],
						"1.5417": [-0.04, -0.04, 0],
						"1.5833": [-0.05, -0.04, 0],
						"1.625": [-0.05, -0.05, 0],
						"1.6667": [-0.05, -0.05, 0],
						"1.7083": [-0.05, -0.05, 0],
						"1.75": [-0.05, -0.06, 0],
						"1.7917": [-0.05, -0.07, 0],
						"1.8333": [-0.05, -0.07, 0],
						"1.875": [-0.05, -0.07, 0],
						"1.9167": [-0.05, -0.07, 0],
						"1.9583": [-0.05, -0.06, 0],
						"2.0": [-0.05, -0.05, 0],
						"2.0417": [-0.05, -0.05, 0],
						"2.0833": [-0.05, -0.05, 0],
						"2.125": [-0.05, -0.05, 0],
						"2.1667": [-0.05, -0.05, 0],
						"2.2083": [-0.05, -0.05, 0],
						"2.25": [-0.05, -0.05, 0],
						"2.2917": [-0.05, -0.05, 0],
						"2.3333": [-0.05, -0.05, 0],
						"2.375": [-0.05, -0.05, 0],
						"2.4167": [-0.05, -0.04, 0],
						"2.4583": [-0.05, -0.04, 0],
						"2.5": [-0.05, -0.04, 0],
						"2.5417": [-0.05, -0.04, 0],
						"2.5833": [-0.05, -0.04, 0],
						"2.625": [-0.05, -0.05, 0],
						"2.6667": [-0.04, -0.05, 0],
						"2.7083": [-0.04, -0.06, 0],
						"2.75": [-0.03, -0.07, 0],
						"2.7917": [-0.03, -0.08, 0],
						"2.8333": [-0.03, -0.09, 0],
						"2.875": [-0.02, -0.1, 0],
						"2.9167": [-0.02, -0.12, 0],
						"2.9583": [-0.02, -0.12, 0],
						"3.0": [-0.01, -0.12, 0],
						"3.0417": [-0.01, -0.12, 0],
						"3.0833": [0, -0.1, 0],
						"3.125": [0, -0.09, 0],
						"3.1667": [0, -0.09, 0],
						"3.2083": [0, -0.08, 0],
						"3.25": [-0.01, -0.07, 0],
						"3.2917": [-0.01, -0.06, 0],
						"3.3333": [-0.02, -0.06, 0],
						"3.375": [-0.03, -0.05, 0],
						"3.4167": [-0.03, -0.07, 0],
						"3.4583": [-0.04, -0.09, 0],
						"3.5": [-0.04, -0.12, 0],
						"3.5417": [-0.04, -0.14, 0],
						"3.5833": [-0.04, -0.15, 0],
						"3.625": [-0.05, -0.14, 0],
						"3.6667": [-0.05, -0.13, 0],
						"3.7083": [-0.05, -0.13, 0],
						"3.75": [-0.05, -0.14, 0],
						"3.7917": [-0.05, -0.16, 0],
						"3.8333": [-0.05, -0.17, 0],
						"3.875": [-0.05, -0.17, 0],
						"3.9167": [-0.04, -0.15, 0],
						"3.9583": [-0.03, -0.14, 0],
						"4.0": [-0.02, -0.12, 0],
						"4.0417": [-0.01, -0.11, 0],
						"4.0833": [0, -0.08, 0],
						"4.125": [0, -0.07, 0],
						"4.1667": [0, -0.06, 0],
						"4.2083": [0, -0.05, 0],
						"4.25": [0, -0.03, 0],
						"4.2917": [0, -0.02, 0],
						"4.3333": [0, -0.02, 0],
						"4.375": [0, -0.02, 0],
						"4.4167": [-0.01, -0.01, 0],
						"4.4583": [-0.01, -0.01, 0],
						"4.5": [-0.01, -0.01, 0],
						"4.5417": [-0.02, -0.01, 0],
						"4.5833": [-0.01, -0.02, 0],
						"4.625": [-0.01, -0.03, 0],
						"4.6667": [0, -0.05, 0],
						"4.7083": [0, -0.06, 0],
						"4.75": [0, -0.06, 0],
						"4.7917": [-0.01, -0.06, 0],
						"4.8333": [-0.01, -0.06, 0],
						"4.875": [-0.01, -0.06, 0],
						"4.9167": [-0.02, -0.06, 0],
						"4.9583": [-0.02, -0.06, 0],
						"5.0": [-0.03, -0.07, 0],
						"5.0417": [-0.03, -0.06, 0],
						"5.0833": [-0.03, -0.06, 0],
						"5.125": [-0.03, -0.06, 0],
						"5.1667": [-0.03, -0.06, 0],
						"5.2083": [-0.03, -0.05, 0],
						"5.25": [-0.02, -0.04, 0],
						"5.2917": [-0.02, -0.04, 0],
						"5.3333": [-0.01, -0.04, 0],
						"5.375": [-0.01, -0.04, 0],
						"5.4167": [0, -0.05, 0],
						"5.4583": [0, -0.05, 0],
						"5.5": [0, -0.05, 0],
						"5.5417": [0, -0.05, 0],
						"5.5833": [-0.01, -0.05, 0],
						"5.625": [-0.02, -0.04, 0],
						"5.6667": [-0.02, -0.04, 0],
						"5.7083": [-0.03, -0.04, 0],
						"5.75": [-0.04, -0.04, 0],
						"5.7917": [-0.04, -0.04, 0],
						"5.8333": [-0.04, -0.04, 0],
						"5.875": [-0.05, -0.04, 0],
						"5.9167": [-0.05, -0.05, 0],
						"5.9583": [-0.05, -0.05, 0],
						"6.0": [-0.05, -0.05, 0],
						"6.0417": [-0.05, -0.06, 0],
						"6.0833": [-0.05, -0.07, 0],
						"6.125": [-0.05, -0.07, 0],
						"6.1667": [-0.05, -0.07, 0],
						"6.2083": [-0.05, -0.07, 0],
						"6.25": [-0.05, -0.06, 0],
						"6.2917": [-0.05, -0.06, 0],
						"6.3333": [-0.05, -0.06, 0],
						"6.375": [-0.05, -0.05, 0],
						"6.4167": [-0.05, -0.04, 0],
						"6.4583": [-0.05, -0.04, 0],
						"6.5": [-0.05, -0.03, 0],
						"6.5417": [-0.05, -0.03, 0],
						"6.5833": [-0.05, -0.02, 0],
						"6.625": [-0.05, -0.02, 0],
						"6.6667": [-0.05, -0.02, 0],
						"6.7083": [-0.05, -0.02, 0],
						"6.75": [-0.05, -0.01, 0],
						"6.7917": [-0.05, -0.01, 0],
						"6.8333": [-0.05, -0.01, 0],
						"6.875": [-0.05, -0.02, 0],
						"6.9167": [-0.05, -0.03, 0],
						"6.9583": [-0.04, -0.03, 0],
						"7.0": [-0.04, -0.04, 0],
						"7.0417": [-0.04, -0.05, 0],
						"7.0833": [-0.03, -0.06, 0],
						"7.125": [-0.03, -0.05, 0],
						"7.1667": [-0.02, -0.04, 0],
						"7.2083": [-0.01, -0.02, 0],
						"7.25": [0, 0, 0],
						"8.0": {
							"pre": [0, 0, 0],
							"post": [0, 0, 0],
							"lerp_mode": "catmullrom"
						},
						"8.1667": {
							"post": [0.30875, -0.91641, -0.54],
							"lerp_mode": "catmullrom"
						},
						"8.3333": {
							"post": [1.36297, 1.47656, -1.70312],
							"lerp_mode": "catmullrom"
						},
						"8.4583": {
							"post": [1.64593, 2.33502, -1.8],
							"lerp_mode": "catmullrom"
						},
						"8.5833": {
							"post": [1.6539, 2.52735, -1.7],
							"lerp_mode": "catmullrom"
						},
						"8.7083": {
							"post": [1.44969, 2.93984, -1.69],
							"lerp_mode": "catmullrom"
						},
						"8.8333": {
							"post": [1.31498, 2.58845, -1.69],
							"lerp_mode": "catmullrom"
						},
						"9.0833": {
							"post": [1.29844, 2.09375, -1.7],
							"lerp_mode": "catmullrom"
						},
						"9.2917": {
							"post": [1.30703, 2.09375, -1.7],
							"lerp_mode": "catmullrom"
						},
						"9.6667": {
							"post": [1.15691, 2.40446, -1.66],
							"lerp_mode": "catmullrom"
						},
						"10.0": {
							"post": [1.75985, 2.72422, -1.63],
							"lerp_mode": "catmullrom"
						},
						"10.0417": {
							"post": [2.23828, 2.61828, -1.62],
							"lerp_mode": "catmullrom"
						},
						"10.0833": {
							"post": [2.68141, 2.02219, -1.61],
							"lerp_mode": "catmullrom"
						},
						"10.2083": {
							"post": [2.54688, 1.76375, -1.61],
							"lerp_mode": "catmullrom"
						},
						"10.3333": {
							"post": [2.34641, 1.8417, -1.7],
							"lerp_mode": "catmullrom"
						},
						"10.5833": {
							"post": [1.19487, 0.80056, -2.65],
							"lerp_mode": "catmullrom"
						},
						"10.7917": {
							"post": [-0.28906, -0.91797, -3.5],
							"lerp_mode": "catmullrom"
						},
						"10.9583": {
							"post": [-0.35291, 0.55958, -3.67],
							"lerp_mode": "catmullrom"
						},
						"11.1667": {
							"post": [-0.46358, 1.41911, -3.65],
							"lerp_mode": "catmullrom"
						},
						"11.3333": {
							"post": [-0.43906, 1.45, -3.62],
							"lerp_mode": "catmullrom"
						},
						"11.5417": {
							"post": [-0.37996, 1.39166, -3.6],
							"lerp_mode": "catmullrom"
						},
						"11.7917": {
							"post": [-0.18816, 1.72318, -3.25234],
							"lerp_mode": "catmullrom"
						},
						"12.0417": {
							"post": [-0.15599, 2.61198, -2.96328],
							"lerp_mode": "catmullrom"
						},
						"12.3333": {
							"post": [-0.15342, 2.80122, -2.96328],
							"lerp_mode": "catmullrom"
						},
						"12.5": {
							"post": [-0.14906, 2.89141, -2.96328],
							"lerp_mode": "catmullrom"
						},
						"12.6667": {
							"post": [-0.27982, 2.42806, -2.96328],
							"lerp_mode": "catmullrom"
						},
						"12.7917": {
							"post": [-0.15111, 2.27636, -2.96328],
							"lerp_mode": "catmullrom"
						},
						"12.9583": {
							"post": [0.44921, -0.66467, -2.95328],
							"lerp_mode": "catmullrom"
						},
						"13.0833": {
							"post": [0.28719, -0.43, -2.83594],
							"lerp_mode": "catmullrom"
						},
						"13.2083": {
							"post": [0.47, -0.14, 0.39],
							"lerp_mode": "catmullrom"
						},
						"13.2917": {
							"post": [0.19924, 0.01743, -0.13359],
							"lerp_mode": "catmullrom"
						},
						"13.4167": {
							"post": [0, 0, 0],
							"lerp_mode": "catmullrom"
						}
					}
				},
				"righthand": {
					"rotation": [94.51712, 4.98455, -179.60671],
					"position": [-6.70625, -13.4, 8.4],
					"scale": [1, 1.5, 1]
				},
				"lefthand": {
					"rotation": {
						"0.0": [90.8048, -31.27324, -131.00752],
						"7.9167": [90.8048, -31.27324, -131.00752],
						"8.25": {
							"pre": [103.56087, -0.17697, -197.45951],
							"post": [103.56087, -0.17697, -197.45951],
							"lerp_mode": "catmullrom"
						},
						"8.4167": {
							"post": [103.57028, -2.12119, -197.9287],
							"lerp_mode": "catmullrom"
						},
						"8.5833": {
							"post": [102.49, -2.99, -198.19],
							"lerp_mode": "catmullrom"
						},
						"8.6667": {
							"post": [100.88901, -5.69006, -187.53021],
							"lerp_mode": "catmullrom"
						},
						"8.875": {
							"post": [95.76158, 0.71665, -165.63248],
							"lerp_mode": "catmullrom"
						},
						"8.9583": {
							"post": [95.36522, 2.47431, -163.44807],
							"lerp_mode": "catmullrom"
						},
						"9.1667": {
							"post": [95.70663, 3.40038, -164.01367],
							"lerp_mode": "catmullrom"
						},
						"9.5": {
							"post": [95.76543, 2.20907, -165.4818],
							"lerp_mode": "catmullrom"
						},
						"9.75": {
							"post": [90.72123, -12.34396, -200.76519],
							"lerp_mode": "catmullrom"
						},
						"9.9167": {
							"post": [117.50401, -5.64948, -194.89904],
							"lerp_mode": "catmullrom"
						},
						"10.0": {
							"post": [120.94, -2.39, -201.1],
							"lerp_mode": "catmullrom"
						},
						"10.1667": {
							"post": [120.94, -2.39, -201.1],
							"lerp_mode": "catmullrom"
						},
						"10.25": {
							"post": [103.92931, -2.38152, -201.07384],
							"lerp_mode": "catmullrom"
						},
						"10.4583": {
							"post": [111.82559, -23.5517, -161.37814],
							"lerp_mode": "catmullrom"
						},
						"10.7083": {
							"post": [66.72292, -34.10853, -141.85682],
							"lerp_mode": "catmullrom"
						},
						"12.375": {
							"post": [65.58, -34.51, -141.6],
							"lerp_mode": "catmullrom"
						},
						"12.5": {
							"post": [70.41882, -38.16472, -153.24657],
							"lerp_mode": "catmullrom"
						},
						"12.7083": {
							"post": [69.85875, -38.57267, -154.52391],
							"lerp_mode": "catmullrom"
						},
						"12.8333": {
							"post": [75.2475, -29.9974, -141.61939],
							"lerp_mode": "catmullrom"
						},
						"12.9167": [90.8048, -31.27324, -131.00752],
						"13.2083": [90.8048, -31.27324, -131.00752]
					},
					"position": {
						"0.0": [9.025, -10.5, -7.2],
						"7.9167": [9.025, -10.5, -7.2],
						"8.125": {
							"pre": [9.29, -16.95, -3.41],
							"post": [9.29, -16.95, -3.41],
							"lerp_mode": "catmullrom"
						},
						"8.25": [8.55859, -16.1875, -0.83203],
						"8.375": [8.55859, -16.1875, -0.83203],
						"8.5": {
							"pre": [8.55859, -19.6875, -1.16406],
							"post": [8.55859, -19.6875, -1.16406],
							"lerp_mode": "catmullrom"
						},
						"8.625": {
							"post": [8.82422, -24.3125, -1.70547],
							"lerp_mode": "catmullrom"
						},
						"8.7083": {
							"post": [10.28953, -24.9675, -0.59203],
							"lerp_mode": "catmullrom"
						},
						"8.875": {
							"post": [10.97656, -21.62172, 0.52366],
							"lerp_mode": "catmullrom"
						},
						"8.9583": {
							"post": [10.85677, -21.32759, 0.61537],
							"lerp_mode": "catmullrom"
						},
						"9.1667": {
							"post": [10.81355, -21.37514, 0.56207],
							"lerp_mode": "catmullrom"
						},
						"9.5": {
							"post": [10.35586, -22.16848, 0.34949],
							"lerp_mode": "catmullrom"
						},
						"9.6667": {
							"post": [9.78953, -25.15891, -0.59203],
							"lerp_mode": "catmullrom"
						},
						"9.75": [8.55859, -25.09375, -1.70547],
						"9.875": [8.55859, -24.98766, -1.95984],
						"9.9167": [8.55859, -24.3125, -1.70547],
						"10.0": [8.55859, -16.1875, -0.83203],
						"10.1667": {
							"pre": [8.37857, -16.23243, -0.59931],
							"post": [8.37857, -16.23243, -0.59931],
							"lerp_mode": "catmullrom"
						},
						"10.25": {
							"post": [8.37857, -16.23243, -0.99931],
							"lerp_mode": "catmullrom"
						},
						"10.375": {
							"post": [8.2133, -13.60993, -2.80635],
							"lerp_mode": "catmullrom"
						},
						"10.4583": {
							"post": [7.71922, -10.03246, -5.00545],
							"lerp_mode": "catmullrom"
						},
						"10.7083": {
							"post": [8.79976, -7.78496, -4.94733],
							"lerp_mode": "catmullrom"
						},
						"12.375": {
							"post": [8.75, -7.56, -4.94],
							"lerp_mode": "catmullrom"
						},
						"12.5": {
							"post": [9.65725, -8.04552, -4.5483],
							"lerp_mode": "catmullrom"
						},
						"12.7083": {
							"post": [8.52214, -8.03051, -4.53978],
							"lerp_mode": "catmullrom"
						},
						"12.8333": {
							"post": [9.78415, -10.88528, -5.11946],
							"lerp_mode": "catmullrom"
						},
						"12.9167": [8.025, -9.5, -6.2],
						"13.2083": [9.025, -10.5, -7.2]
					},
					"scale": {
						"0.0": [1, 1.5, 1],
						"7.9167": [1, 1.5, 1],
						"13.2083": [1, 1.5, 1]
					}
				},
				"magazine_and_bullet": {
					"rotation": {
						"7.9167": [0, 0, 0],
						"8.5833": {
							"pre": [0, 0, 0],
							"post": [0, 0, 0],
							"lerp_mode": "catmullrom"
						},
						"8.6667": {
							"post": [-4, 0, 0],
							"lerp_mode": "catmullrom"
						},
						"8.875": {
							"post": [-4.87, -7.98, 17.04],
							"lerp_mode": "catmullrom"
						},
						"8.9583": {
							"post": [-4.97, -10.29, 22.16],
							"lerp_mode": "catmullrom"
						},
						"9.1667": {
							"post": [-4.7339, -10.80007, 22.74683],
							"lerp_mode": "catmullrom"
						},
						"9.5": {
							"post": [-4.97, -10.2, 22.40953],
							"lerp_mode": "catmullrom"
						},
						"9.625": {
							"post": [-4.75, -7.5, 16.25953],
							"lerp_mode": "catmullrom"
						},
						"9.75": [-4, 0, 0],
						"9.8333": [-6, 0, 0],
						"9.9167": [0, 0, 0]
					},
					"position": {
						"8.375": [0, 0, 0],
						"8.5": {
							"pre": [0, -3.5, -0.33203],
							"post": [0, -3.5, -0.33203],
							"lerp_mode": "catmullrom"
						},
						"8.625": {
							"post": [0, -8.125, -0.87344],
							"lerp_mode": "catmullrom"
						},
						"8.7083": {
							"post": [2.02, -8.78, 0.24],
							"lerp_mode": "catmullrom"
						},
						"8.875": {
							"post": [4.03906, -5.43422, 1.35569],
							"lerp_mode": "catmullrom"
						},
						"9.1667": {
							"post": [4.13777, -5.18764, 1.3941],
							"lerp_mode": "catmullrom"
						},
						"9.5": {
							"post": [3.62177, -5.96011, 1.18378],
							"lerp_mode": "catmullrom"
						},
						"9.6667": {
							"post": [2.02, -8.97141, 0.24],
							"lerp_mode": "catmullrom"
						},
						"9.75": [0, -8.90625, -0.87344],
						"9.875": [0, -8.80016, -1.12781],
						"9.9167": [0, -8.125, -0.87344],
						"10.0": [0, 0, 0]
					}
				},
				"leftArm": {
					"rotation": [-129.1148, -1.6767, -38.3128],
					"position": [-1.2, -7, 243]
				},
				"rightArm": {
					"rotation": [-101.8111, -12.4, -2.4698],
					"position": [4.5, -8, 245.7]
				}
			},
			"sound_effects": {
				"8.0": {
					"effect": "ak101.inspect"
				}
			}
		},
		"animation.ak101.fp.sight": {
			"loop": "hold_on_last_frame",
			"bones": {
				"root": {
					"rotation": [0, 180, 0],
					"position": [0, 0, 0]
				},
				"AK47": {
					"rotation": [89.96508, 1.9997, -1.00061],
					"position": [-5, 4.5, 10.75],
					"scale": [1.3, 1.3, 0.86]
				},
				"justtest": {
					"scale": 0
				},
				"waist": {
					"rotation": [0, 0, 0],
					"position": [0.025, 0.3975, -4.75]
				},
				"bone": {
					"scale": 0.5
				},
				"root2": {
					"position": [3, 0.6, 0]
				},
				"righthand": {
					"rotation": [94.51712, 4.98455, -179.60671],
					"position": [-6.70625, -13.4, 8.4],
					"scale": [1, 1.5, 1]
				},
				"lefthand": {
					"rotation": [90.8048, -31.27324, -131.00752],
					"position": [9.025, -10.5, -7.2],
					"scale": [1, 1.5, 1]
				},
				"leftArm": {
					"rotation": [-129.1148, -1.6767, -38.3128],
					"position": [-1.2, -7, 238]
				},
				"rightArm": {
					"rotation": [-101.8111, -12.4, -2.4698],
					"position": [4.5, -8, 225.7]
				}
			}
		},
		"animation.ak101.fp.reload": {
			"loop": "hold_on_last_frame",
			"animation_length": 4.05,
			"bones": {
				"root": {
					"rotation": [0, 180, 0],
					"position": [0, 0, 0]
				},
				"AK47": {
					"rotation": [89.96508, 1.9997, -1.00061],
					"position": [-5, 4.5, 10.75],
					"scale": [1.3, 1.3, 0.86]
				},
				"justtest": {
					"scale": 0
				},
				"waist": {
					"rotation": [0, -1, 2],
					"position": [-3, -0.125, -8.975]
				},
				"bone": {
					"scale": 0.5
				},
				"body": {
					"rotation": {
						"0.0": [0, 0, 0],
						"0.1333": [-5.21485, -2.95862, -15.29475],
						"0.2167": [-5.32661, -2.7519, -13.05148],
						"0.3": [-6.02889, 0.16976, 5.24751],
						"0.4167": [-6.21954, -1.33872, -1.62954],
						"0.5": [-6.08767, 0.13183, -6.50534],
						"0.6667": [-5.92529, -1.3822, -11.43293],
						"0.75": [-8.51939, -4.2324, -18.46818],
						"0.8833": [-9.13595, -7.55317, -30.49841],
						"0.9667": [-8.50701, -8.15154, -38.36485],
						"1.05": [-9.69587, -6.81659, -33.77392],
						"1.1333": [-9.11576, -7.57465, -38.39108],
						"1.2167": [-9.00362, -7.71081, -39.24474],
						"1.3": [-6.70888, -8.74921, -49.37529],
						"1.4167": [-7.31669, -7.92557, -38.95768],
						"1.5": [-5.35749, -3.38984, -21.36846],
						"1.5833": [-3.68785, -3.32623, -20.36901],
						"1.6667": [-4.01371, -3.91418, -15.81009],
						"1.75": [-3.48871, -4.99149, -25.02553],
						"1.8333": [-4.03072, -3.75427, -15.57044],
						"1.9667": [-1.77897, -0.90446, -11.20517],
						"2.0833": [0.65978, 0.18913, -3.84963],
						"2.25": [0, 0, 0]
					},
					"position": {
						"0.0": [0, 0, 0],
						"0.0833": [-0.2875, 0, 0],
						"0.1667": [-0.19, 0.4375, 0.175],
						"0.3": [-0.3525, -1.75, -0.3375],
						"0.3833": [-0.6575, -1.68, -0.535],
						"0.4167": [-0.8625, -1.41, -0.7375],
						"0.5833": [-0.3525, -0.8625, -0.7875],
						"0.6333": [-0.445, -0.8075, -1.5],
						"0.7167": [-0.4675, -0.585, -1.775],
						"0.8": [-0.3125, -0.295, -1.5925],
						"0.8833": [-0.35, -0.275, -0.925],
						"0.9667": [-0.4475, -0.3375, -0.79],
						"1.0833": [-0.425, -0.225, -0.65],
						"1.1333": [-0.5125, -0.2375, -0.65],
						"1.25": [-0.5375, -0.1, -0.65],
						"1.3": [-0.9375, 0.325, -0.3875],
						"1.4167": [-0.5375, -0.3875, -0.5125],
						"1.55": [-0.215, -0.73, -0.49],
						"1.6333": [-0.2525, -0.4925, -0.9275],
						"1.7167": [-0.33, -0.48, -0.905],
						"1.75": [-0.4825, -0.46, -2.0775],
						"1.9167": [-0.115, -0.405, -0.6275],
						"2.0833": [0.17, -0.4325, -1.6675],
						"2.1667": [0, 0, 0]
					}
				},
				"root2": {
					"rotation": {
						"0.0": [0, 0, 0],
						"0.15": [-3.20127, -3.07695, -1.78944],
						"0.3": [-13.97, -1.75125, -11.33],
						"0.35": [-16.41043, -2.87458, -15.099],
						"0.4": [-18.13432, -1.44164, -12.19443],
						"0.5": [-18.21036, -1.43855, -14.00979],
						"0.6": [-17.8, -2.04125, -12.49],
						"0.7": [-17.43666, -3.86167, -12.43741],
						"0.85": [-17.90681, -4.46077, -13.12473],
						"0.95": [-16.54, -5.07125, -18.03],
						"1.05": [-15.62692, -4.62862, -14.41546],
						"1.15": [-15.98028, -4.83815, -16.24945],
						"1.25": [-16.49, -4.10125, -14.39],
						"1.35": [-16.53832, -3.9979, -14.51685],
						"1.45": [-16.17556, -4.56457, -17.97802],
						"1.6": [-16.58255, -7.98343, -25.61325],
						"1.7": [-19.2722, -8.07671, -28.13582],
						"1.75": [-20.05845, -7.73942, -29.55901],
						"1.8": [-20.05812, -7.86125, -29.96375],
						"1.9": [-19.61203, -8.92125, -30.25375],
						"2.0": [-19.15594, -9.21125, -29.81375],
						"2.05": [-19.39933, -9.11526, -29.83487],
						"2.15": [-18.57817, -5.91257, -28.89092],
						"2.2": [-16.63017, -6.90509, -32.91995],
						"2.25": [-16.83766, -7.44125, -29.72375],
						"2.3": [-17.33766, -7.53125, -27.72375],
						"2.35": [-16.91609, -6.90481, -22.60174],
						"2.5": [-6.19875, -3.82658, -0.5644],
						"2.65": [-7.05067, -2.00156, 10.65747],
						"2.7": [-7.52844, -1.90953, 11],
						"2.8": [-8.53268, -3.27654, 12.62551],
						"2.85": [-8.72844, -2.73953, 13.74],
						"3.0": [-8.44775, -2.7528, 11.89159],
						"3.1": [-5.70228, -0.35019, 17.2522],
						"3.2": [-3.84844, -1.02953, 15.56],
						"3.3": [0.85156, -0.84953, 13.73],
						"3.5": [-6.17059, -1.3766, 4.49142],
						"3.65": [-0.25, -0.8, -1.3],
						"3.75": [0, 0.1, 0.9],
						"3.9": [0, 0, -0.2],
						"4.0": [0, 0, 0]
					},
					"position": {
						"0.0": [0, 0, 0],
						"0.1": [-0.07047, -1.25859, -0.14609],
						"0.25": [-0.29125, -1.09547, -1.6225],
						"0.35": [-0.30781, -0.04766, -1.825],
						"0.45": [-0.35781, 0.25234, -0.06719],
						"0.55": [-0.38281, 0.06234, 0.55281],
						"0.65": [-0.30781, 0.05234, 0.30781],
						"0.75": [-0.34, 0.08, 0.31],
						"0.8": [-0.18281, 0.08593, 0.30781],
						"0.95": [0.19219, -0.66953, 0.30781],
						"1.1": [0.04219, -0.94922, 0.30781],
						"1.3": [-0.30781, -0.33203, 0.30781],
						"1.45": [-0.30781, 0.10234, 0.30781],
						"1.55": [-0.60781, 0.30234, 0.30781],
						"1.7": [-0.58281, 0.75234, 0.30781],
						"1.85": [-0.57781, 0.59234, 0.28781],
						"2.1": [-0.48281, 0.67734, 0.30781],
						"2.15": [-0.055, -0.31766, 0.60781],
						"2.25": [-0.19172, -0.79813, 0.1],
						"2.35": [-0.19172, -0.34188, 0.43594],
						"2.5": [-0.40172, -1.90984, 0.79438],
						"2.65": [-0.80281, -1.51594, 0.83438],
						"2.75": [-0.73, -1.37, 0.82],
						"2.8": [-0.68781, -1.89969, 0.35938],
						"2.9": [-0.71281, -1.29969, -0.00562],
						"3.0": [-0.78781, -1.32469, -0.06562],
						"3.1": [-0.78781, -1.35516, 0.69406],
						"3.2": [-0.98781, -1.87078, 0.49406],
						"3.35": [-0.70109, -4.88781, -1.05453],
						"3.5": [-0.50703, -1.30984, -2.51891],
						"3.6": [-0.28, -0.70906, -1.46719],
						"3.65": [-0.16, -0.55, 0.60407],
						"3.7": [-0.06641, -0.37187, 0.50312],
						"3.8": [-0.02, -0.1, -0.21594],
						"3.9": [0, 0, -0.13672],
						"4.05": [0, 0, 0]
					}
				},
				"magazine_and_bullet": {
					"rotation": {
						"0.75": [0, 0, 0],
						"0.85": [0, 0, 0],
						"1.0": [20, 0, 0],
						"1.4": [20, 0, 0],
						"1.5": [7.17591, 5.98372, -39.62446],
						"1.7": [-12, 0, 0],
						"1.85": [-9.84783, -0.35802, -2.97858],
						"1.95": [-3.92392, -0.17901, -1.48929],
						"2.05": [0, 0, 0],
						"2.15": [0, 0, 0]
					},
					"position": {
						"0.75": [0, 0, 0],
						"0.8": [0, -4.77, -0.37422],
						"0.85": [0, -9.11, -0.665],
						"0.95": [0, -17.8, -0.10781],
						"1.1": [-2.75869, -30.94359, 3.05816],
						"1.25": [1.69506, -22.27835, 9.04581],
						"1.4": [4.70351, -15.86903, 5.48137],
						"1.5": [4.2, -12.67344, 1.86375],
						"1.6": [2.1, -9.74, -1.35531],
						"1.7": [0, -8.08203, -1.09844],
						"1.85": [0.3, -7.43172, -0.92344],
						"1.95": [0.25, -7.09, -0.83984],
						"2.05": [0, -7.4, -0.74609],
						"2.15": [0, 0, 0]
					}
				},
				"charge_handle": {
					"position": {
						"2.7": [0, 0, 0],
						"2.8": [0, 0, 7],
						"2.95": [0, 0, 7],
						"3.05": [0, 0, 0]
					}
				},
				"righthand": {
					"rotation": [94.51712, 4.98455, -179.60671],
					"position": [-6.70625, -13.4, 8.4],
					"scale": [1, 1.5, 1]
				},
				"lefthand": {
					"rotation": {
						"0.0": [90.8048, -31.27324, -131.00752],
						"0.15": [100.25482, -32.19326, -129.25715],
						"0.35": [90.8048, -31.27324, -131.00752],
						"0.5": [97.57293, -18.64279, -165.39321],
						"0.6": [116.4136, -22.44744, -206.89084],
						"0.75": [116.4136, -22.44744, -206.89084],
						"0.8": [99.16224, -31.98438, -203.31958],
						"0.9": [98.63923, 0.60232, -225.61212],
						"0.95": [98.587, 1.12665, -229.07303],
						"1.5": [94.05549, -23.29996, -197.24305],
						"1.7": [102.26769, -40.586, -198.90312],
						"1.85": [102.26769, -40.586, -198.90312],
						"2.0": [92.16888, -46.1307, -190.21327],
						"2.05": [92.39061, -43.54599, -192.69253],
						"2.15": [117.47967, -40.72318, -192.47317],
						"2.2": [117.47967, -40.72318, -192.47317],
						"2.35": [130.57577, -16.61419, -185.9138],
						"2.5": [126.0773, 31.43308, -265.02005],
						"2.6": [120.10752, 21.7553, -271.9564],
						"2.7": [124.55644, 24.69941, -269.87717],
						"2.8": [87.77938, 30.00511, -272.20886],
						"2.85": [105.95478, 31.45751, -276.95181],
						"2.9": [117.51258, 28.78207, -266.6437],
						"2.95": [115.51258, 28.78207, -266.6437],
						"3.05": [147.60786, 32.07459, -271.38781],
						"3.1": [145.01258, 28.78207, -266.6437],
						"3.2": [129.00265, -15.26395, -205.31163],
						"3.25": [90.8048, -31.27324, -131.00752],
						"3.35": [90.8048, -31.27324, -131.00752]
					},
					"position": {
						"0.0": [8.025, -9.5, -6.2],
						"0.35": [8.425, -9.5, -6.2],
						"0.45": [8.545, -11.14, -4.94],
						"0.55": [8.325, -12.8, -1.905],
						"0.7": [8.04453, -12.9, -1.5],
						"0.75": [8.04453, -12.9, -1.5],
						"0.8": [8.74453, -17.9, 0],
						"0.9": [11.34453, -19.1, 3.8],
						"0.95": [12.14453, -27.2, 2.6],
						"1.15": [13.84453, -24.9, 4.8],
						"1.5": [13.16982, -23.89335, 2.20178],
						"1.6": [11.18041, -22.78014, 0.21293],
						"1.7": [8.79344, -22.715, -0.98],
						"1.85": [9.07144, -22.02749, -1.25304],
						"2.0": [9.09344, -21.96, -0.68],
						"2.05": [8.79344, -21.99, -0.48],
						"2.15": [7.87344, -12.8, -0.6],
						"2.2": [7.87344, -12.8, -0.6],
						"2.3": [8.59, -12.45, -0.82],
						"2.4": [9.49, -9.76, -1.13],
						"2.5": [9.15, -5.4, -3.1],
						"2.6": [9.17094, -5.4, -2.95313],
						"2.7": [9.57969, -5.4, -1.53282],
						"2.8": [9.41719, -5.4, 4.35625],
						"2.95": [9.41719, -5.4, 4.35625],
						"3.05": [9.23125, -5.4, -1.9],
						"3.1": [9.23125, -5.4, -1.9],
						"3.2": [10, -8.92, -4.05],
						"3.25": [8.7, -10.775, -6.2],
						"3.35": [8.025, -9.5, -6.2]
					},
					"scale": [1, 1.5, 1]
				},
				"leftArm": {
					"position": [0, 0, 264]
				},
				"rightArm": {
					"position": [4.5, -8, 250.7]
				}
			},
			"sound_effects": {
				"0.0": {
					"effect": "ak.kokang"
				}
			}
		},
		"animation.ak101.bipod": {
			"loop": "hold_on_last_frame",
			"bones": {
				"BipodRight": {
					"rotation": [-90, 0, 30]
				},
				"BipodLeft": {
					"rotation": [-90, 0, -30]
				},
				"justtest": {
					"scale": 0
				}
			}
		},
		"animation.ak101.barrel.short": {
			"loop": "hold_on_last_frame",
			"bones": {
				"muzzleflash": {
					"position": [0, 0, 5]
				},
				"muzzle": {
					"position": [0, 0, 6]
				},
				"justtest": {
					"scale": 0
				}
			}
		},
		"animation.ak101.barrel.heavy": {
			"loop": "hold_on_last_frame",
			"bones": {
				"muzzleflash": {
					"position": [0, 0, -6]
				},
				"muzzle": {
					"position": [0, 0, -7]
				},
				"justtest": {
					"scale": 0
				}
			}
		},
		"animation.akm.fp.draw": {
			"loop": "hold_on_last_frame",
			"animation_length": 1,
			"bones": {
				"body": {
					"rotation": {
						"0.0": [32.09413, -54.38778, -8.29667],
						"0.3": [0.10394, -5.10469, 11.38938],
						"0.4167": [0.19925, -1.77208, -0.66935],
						"0.5": [0.34213, -0.59218, -3.90586],
						"0.5833": [0, 0, 0]
					},
					"position": {
						"0.0": [0, -8.65, 0],
						"0.1333": [-0.015, -4.545, 0.0225],
						"0.3333": [-0.02, -0.8025, -2.865],
						"0.4667": [-0.01, -0.3875, -0.65],
						"0.55": [0, 0, 0]
					}
				},
				"leftArm": {
					"rotation": {
						"0.0": [-22, 0, 0],
						"0.2": [-7, 0, -22],
						"0.4": [-6.87267, -3.78028, -12.77942],
						"0.5167": [0, 0, 0]
					},
					"position": {
						"0.0": [1.6625, -1.1375, 0],
						"0.2": [3.007, 2.8127, 3.3989],
						"0.4": [1.557, 0.9252, 1.6239],
						"0.5167": [0, 0, 0]
					}
				},
				"root2": {
					"rotation": {
						"0.0": [0.81, -32.64, 33.95],
						"0.0333": [0.41, -30.53, 32.03],
						"0.0667": [-0.2, -27.56, 29.28],
						"0.1": [-0.85, -24.08, 26.12],
						"0.1333": [-1.39, -20.46, 22.92],
						"0.1667": [-1.65, -17.06, 20.1],
						"0.2": [-1.47, -12.69, 17.07],
						"0.2333": [-0.93, -8.04, 14.24],
						"0.2667": [-0.31, -3.86, 11.52],
						"0.3": [0.1, -0.92, 8.88],
						"0.3333": [0.22, 0.14, 6.64],
						"0.3667": [0.24, 0.31, 4.3],
						"0.4": [0.2, -0.02, 2.09],
						"0.4333": [0.14, -0.46, 0.25],
						"0.4667": [0.11, -0.62, -0.98],
						"0.5": [0.07, -0.33, -1.34],
						"0.5333": [0.03, 0.03, -0.45],
						"0.5667": [-0.01, 0.27, 0.27],
						"0.6": [-0.02, 0.27, 0.3],
						"0.6333": [-0.01, 0.19, 0.21],
						"0.6667": [0, 0.07, 0.08],
						"0.7": [0, 0, 0]
					},
					"position": {
						"0.0": [-3.18, -5.58, 24],
						"0.0333": [-2.87, -5.17, 21.3],
						"0.0667": [-2.43, -4.59, 17.38],
						"0.1": [-1.92, -3.92, 12.96],
						"0.1333": [-1.44, -3.26, 8.8],
						"0.1667": [-1.07, -2.71, 5.61],
						"0.2": [-0.68, -1.99, 2.44],
						"0.2333": [-0.43, -1.4, 0.64],
						"0.2667": [-0.25, -0.94, -0.49],
						"0.3": [-0.12, -0.67, -0.97],
						"0.3333": [-0.06, -0.54, -0.77],
						"0.3667": [-0.03, -0.45, -0.5],
						"0.4": [-0.01, -0.38, -0.3],
						"0.4333": [-0.02, -0.34, -0.02],
						"0.4667": [-0.03, -0.3, 0.16],
						"0.5": [-0.02, -0.21, 0.14],
						"0.5333": [-0.02, -0.12, 0.02],
						"0.5667": [-0.01, -0.05, -0.06],
						"0.6": [-0.01, -0.02, -0.06],
						"0.6333": [0, -0.01, -0.03],
						"0.6667": [0, 0, 0]
					}
				}
			},
			"sound_effects": {
				"0.0": {
					"effect": "ak101.draw"
				}
			}
		},
		"animation.ak101.fp.sprint": {
			"loop": true,
			"animation_length": 0.733,
			"bones": {
				"root": {
					"rotation": [0, 180, 0],
					"position": [0, 0, 0]
				},
				"AK47": {
					"rotation": [89.96508, 1.9997, -1.00061],
					"position": [-5, 4.5, 10.75],
					"scale": [1.3, 1.3, 0.86]
				},
				"justtest": {
					"scale": 0
				},
				"waist": {
					"rotation": [0, -1, 2],
					"position": [-3, -0.125, -8.975]
				},
				"bone": {
					"scale": 0.5
				},
				"root2": {
					"rotation": {
						"0.0": [-36.52, -35.74, 32.48],
						"0.0417": [-32.27, -37.05, 28.57],
						"0.0833": [-28.28, -39.11, 24.8],
						"0.1667": [-28.4, -41.87, 24.55],
						"0.2083": [-30.29, -45.12, 25.96],
						"0.25": [-34.73, -50.52, 30.11],
						"0.2917": [-36.18, -52.5, 31.56],
						"0.375": [-35.37, -53.43, 30.99],
						"0.4167": [-33.57, -53.55, 29.56],
						"0.4583": [-33.2, -52.65, 29.35],
						"0.5": [-36.12, -50.26, 32.02],
						"0.5417": [-40.46, -46.84, 35.9],
						"0.625": [-43, -43.56, 38.17],
						"0.6667": [-41.8, -40.57, 37.14],
						"0.7083": [-38.8, -37.72, 34.49],
						"0.75": [-36.52, -35.74, 32.48]
					},
					"position": {
						"0.0": [-3.18, -5.3, -0.64],
						"0.0417": [-2.41, -6.38, -0.64],
						"0.0833": [-1.48, -7.24, -0.64],
						"0.1667": [-0.74, -6.55, -0.64],
						"0.2083": [-0.17, -5.45, -0.64],
						"0.25": [0.46, -3.88, -0.64],
						"0.2917": [0.62, -4.18, -0.64],
						"0.375": [0.64, -4.9, -0.64],
						"0.4167": [0.58, -5.87, -0.64],
						"0.4583": [0.32, -6.43, -0.64],
						"0.5": [-0.67, -5.98, -0.64],
						"0.5417": [-1.8, -5.13, -0.64],
						"0.625": [-2.63, -4.52, -0.64],
						"0.6667": [-3.19, -4.22, -0.64],
						"0.7083": [-3.27, -4.7, -0.64],
						"0.75": [-3.18, -5.3, -0.64]
					}
				},
				"righthand": {
					"rotation": [94.51712, 4.98455, -179.60671],
					"position": [-6.70625, -13.4, 8.4],
					"scale": [1, 1.5, 1]
				},
				"lefthand": {
					"rotation": [90.8048, -31.27324, -131.00752],
					"position": [9.025, -10.5, -7.2],
					"scale": [1, 1.5, 1]
				},
				"leftArm": {
					"rotation": [-129.1148, -1.6767, -38.3128],
					"position": [-1070.2, -7, -7]
				},
				"rightArm": {
					"rotation": [-101.8111, -12.4, -2.4698],
					"position": [-989.5, -8, 9.7]
				}
			}
		},
		"animation.ak101.shoot.sight": {
			"animation_length": 0.7333,
			"bones": {
				"waist": {
					"rotation": {
						"0.0": [0, 0, 0],
						"0.0167": [-0.44, -0.01, -0.07],
						"0.0333": [-1.01, -0.03, -0.17],
						"0.05": [-1.2, -0.04, -0.2],
						"0.0667": [-1.13, -0.04, -0.19],
						"0.0833": [-1.02, -0.04, -0.17],
						"0.1": [-0.86, -0.04, -0.15],
						"0.1167": [-0.67, -0.04, -0.12],
						"0.1333": [-0.46, -0.03, -0.08],
						"0.15": [-0.23, -0.03, -0.05],
						"0.1667": [0, -0.02, -0.01],
						"0.1833": [0.23, -0.02, 0.03],
						"0.2": [0.45, -0.01, 0.06],
						"0.2167": [0.64, -0.01, 0.09],
						"0.2333": [0.8, -0.01, 0.12],
						"0.25": [0.93, 0, 0.14],
						"0.2667": [1, 0, 0.15],
						"0.2833": [1.02, 0, 0.15],
						"0.3": [1.02, 0, 0.15],
						"0.3167": [0.99, 0, 0.15],
						"0.3333": [0.94, 0, 0.14],
						"0.35": [0.87, 0, 0.13],
						"0.3667": [0.78, 0, 0.12],
						"0.3833": [0.69, 0, 0.1],
						"0.4": [0.59, 0, 0.09],
						"0.4167": [0.48, 0, 0.07],
						"0.4333": [0.38, 0, 0.06],
						"0.45": [0.28, 0, 0.04],
						"0.4667": [0.19, 0, 0.03],
						"0.4833": [0.11, 0, 0.02],
						"0.5": [0.04, 0, 0.01],
						"0.5167": [0, 0, 0]
					},
					"position": {
						"0.0": [0, 0, 0],
						"0.0167": [0, -0.13, 1],
						"0.0333": [0, -0.31, 2.33],
						"0.05": [0, -0.4, 3],
						"0.0667": [0, -0.39, 2.91],
						"0.0833": [0, -0.36, 2.68],
						"0.1": [0, -0.31, 2.33],
						"0.1167": [0, -0.26, 1.91],
						"0.1333": [0, -0.19, 1.46],
						"0.15": [0, -0.13, 1],
						"0.1667": [0, -0.08, 0.58],
						"0.1833": [0, -0.03, 0.23],
						"0.2": [0, 0, 0],
						"0.2167": [0, 0.01, -0.11],
						"0.2333": [0, 0.02, -0.17],
						"0.25": [0, 0.03, -0.21],
						"0.2667": [0, 0.03, -0.22],
						"0.2833": [0, 0.03, -0.21],
						"0.3": [0, 0.02, -0.19],
						"0.3167": [0, 0.02, -0.15],
						"0.3333": [0, 0.01, -0.11],
						"0.35": [0, 0.01, -0.07],
						"0.3667": [0, 0, -0.03],
						"0.3833": [0, 0, -0.01],
						"0.4": [0, 0, 0]
					}
				},
				"scope": {
					"rotation": {
						"0.0": [0, 0, 0],
						"0.1333": [5, 0, 0],
						"0.2333": [-5, 0, 0],
						"0.3667": [0, 0, 0]
					},
					"position": {
						"0.0": [0, 0, 0],
						"0.0833": [0, 0, -1],
						"0.2333": [0, 0, 0.2],
						"0.3667": [0, 0, 0]
					}
				},
				"bone12": {
					"position": {
						"0.0": [0, 0, 0],
						"0.05": [0, 0, 2.5],
						"0.0667": [0, 0, 2.5],
						"0.0833": [0, 0, 2.5],
						"0.1833": [0, 0, -0.5],
						"0.2333": [0, 0, 0]
					}
				},
				"justtest": {
					"scale": 0
				},
				"action": {
					"position": {
						"0.0": [0, 0, 0],
						"0.0667": [0, 0, 14],
						"0.2667": [0, 0, 0]
					}
				},
				"action2": {
					"position": {
						"0.0": [0, 0, 0],
						"0.0667": [0, 0, 14],
						"0.2667": [0, 0, 0]
					}
				},
				"root2": {
					"rotation": {
						"0.0": [0, 0, 0],
						"0.0167": [1.43203, 0, -1.63828],
						"0.0333": [-1.99297, 0, 1.55703],
						"0.1": [-2.28203, 0, -0.76719],
						"0.1667": [-2.17265, 0, 0.825],
						"0.3": [-0.09766, 0, 0.50938],
						"0.3667": [0.2275, 0.05859, 0.10891],
						"0.4333": [-0.11328, 0.11328, 0],
						"0.55": [-0.0625, -0.05859, 0],
						"0.6833": [0, 0, 0]
					},
					"position": {
						"0.0": [0, 0, 0],
						"0.0167": [0, -0.22656, 1.95156],
						"0.0833": [0, -0.28516, 1.58844],
						"0.15": [0, -0.28516, 0.08828],
						"0.2": [0, 0, -0.40391],
						"0.25": [0, 0, -0.36719],
						"0.3167": [0, 0, 0.05469],
						"0.3667": [0, 0, 0.19922],
						"0.4333": [0, -0.10547, 0],
						"0.5": [0, -0.10547, -0.08031],
						"0.6": [0, -0.03516, -0.07031],
						"0.7333": [0, 0, 0]
					}
				},
				"charge_handle": {
					"position": {
						"0.0": [0, 0, 0],
						"0.0333": [0, 0, 0.5],
						"0.0833": [0, 0, 0]
					}
				},
				"charge_l": {
					"rotation": {
						"0.0": [0, 0, 0],
						"0.05": [0, -17, 0],
						"0.1": [0, 0, 0],
						"0.1667": [0, 0, 0],
						"0.2333": [0, -8, 0],
						"0.3": [0, 0, 0]
					}
				},
				"charge_r": {
					"rotation": {
						"0.0": [0, 0, 0],
						"0.05": [0, 10.65, 0],
						"0.1": [0, 0, 0],
						"0.1667": [0, 0, 0],
						"0.2333": [0, 7.05, 0],
						"0.3": [0, 0, 0]
					}
				}
			},
			"particle_effects": {
				"0.0": {
					"effect": "krep.amrmuzzleflash",
					"locator": "ak101muzzle"
				}
			}
		},
		"animation.ak101.shoot.nsight": {
			"animation_length": 0.7333,
			"bones": {
				"waist": {
					"rotation": {
						"0.0": [0, 0, 0],
						"0.0167": [-0.77, -0.01, -0.07],
						"0.0333": [-1.79, -0.03, -0.17],
						"0.05": [-2.2, -0.04, -0.2],
						"0.0667": [-2.12, -0.04, -0.19],
						"0.0833": [-1.96, -0.04, -0.17],
						"0.1": [-1.74, -0.04, -0.15],
						"0.1167": [-1.48, -0.04, -0.12],
						"0.1333": [-1.17, -0.03, -0.08],
						"0.15": [-0.84, -0.03, -0.05],
						"0.1667": [-0.51, -0.02, -0.01],
						"0.1833": [-0.17, -0.02, 0.03],
						"0.2": [0.15, -0.01, 0.06],
						"0.2167": [0.44, -0.01, 0.09],
						"0.2333": [0.68, -0.01, 0.12],
						"0.25": [0.88, 0, 0.14],
						"0.2667": [1, 0, 0.15],
						"0.2833": [1.05, 0, 0.15],
						"0.3": [1.07, 0, 0.15],
						"0.3167": [1.05, 0, 0.15],
						"0.3333": [1.01, 0, 0.14],
						"0.35": [0.94, 0, 0.13],
						"0.3667": [0.85, 0, 0.12],
						"0.3833": [0.75, 0, 0.1],
						"0.4": [0.64, 0, 0.09],
						"0.4167": [0.53, 0, 0.07],
						"0.4333": [0.41, 0, 0.06],
						"0.45": [0.3, 0, 0.04],
						"0.4667": [0.2, 0, 0.03],
						"0.4833": [0.12, 0, 0.02],
						"0.5": [0.05, 0, 0.01],
						"0.5167": [0, 0, 0]
					},
					"position": {
						"0.0": [0, 0, 0],
						"0.0167": [0, -0.13, 1],
						"0.0333": [0, -0.31, 2.33],
						"0.05": [0, -0.4, 3],
						"0.0667": [0, -0.39, 2.91],
						"0.0833": [0, -0.36, 2.68],
						"0.1": [0, -0.31, 2.33],
						"0.1167": [0, -0.26, 1.91],
						"0.1333": [0, -0.19, 1.46],
						"0.15": [0, -0.13, 1],
						"0.1667": [0, -0.08, 0.58],
						"0.1833": [0, -0.03, 0.23],
						"0.2": [0, 0, 0],
						"0.2167": [0, 0.01, -0.11],
						"0.2333": [0, 0.02, -0.17],
						"0.25": [0, 0.03, -0.21],
						"0.2667": [0, 0.03, -0.22],
						"0.2833": [0, 0.03, -0.21],
						"0.3": [0, 0.02, -0.19],
						"0.3167": [0, 0.02, -0.15],
						"0.3333": [0, 0.01, -0.11],
						"0.35": [0, 0.01, -0.07],
						"0.3667": [0, 0, -0.03],
						"0.3833": [0, 0, -0.01],
						"0.4": [0, 0, 0]
					}
				},
				"scope": {
					"rotation": {
						"0.0": [0, 0, 0],
						"0.1333": [5, 0, 0],
						"0.2333": [-5, 0, 0],
						"0.3667": [0, 0, 0]
					},
					"position": {
						"0.0": [0, 0, 0],
						"0.0833": [0, 0, -1],
						"0.2333": [0, 0, 0.2],
						"0.3667": [0, 0, 0]
					}
				},
				"bone12": {
					"position": {
						"0.0": [0, 0, 0],
						"0.05": [0, 0, 2.5],
						"0.0667": [0, 0, 2.5],
						"0.0833": [0, 0, 2.5],
						"0.1833": [0, 0, -0.5],
						"0.2333": [0, 0, 0]
					}
				},
				"justtest": {
					"scale": 0
				},
				"action": {
					"position": {
						"0.0": [0, 0, 0],
						"0.0667": [0, 0, 14],
						"0.2667": [0, 0, 0]
					}
				},
				"action2": {
					"position": {
						"0.0": [0, 0, 0],
						"0.0667": [0, 0, 14],
						"0.2667": [0, 0, 0]
					}
				},
				"root2": {
					"rotation": {
						"0.0": [0, 0, 0],
						"0.0167": [1.43203, 0, -1.63828],
						"0.0333": [-1.99297, 0, 1.55703],
						"0.1": [-2.28203, 0, -0.76719],
						"0.1667": [-2.17265, 0, 0.825],
						"0.3": [-0.09766, 0, 0.50938],
						"0.3667": [0.2275, 0.05859, 0.10891],
						"0.4333": [-0.11328, 0.11328, 0],
						"0.55": [-0.0625, -0.05859, 0],
						"0.6833": [0, 0, 0]
					},
					"position": {
						"0.0": [0, 0, 0],
						"0.0167": [0, -0.22656, 1.95156],
						"0.0833": [0, -0.28516, 1.58844],
						"0.15": [0, -0.28516, 0.08828],
						"0.2": [0, 0, -0.40391],
						"0.25": [0, 0, -0.36719],
						"0.3167": [0, 0, 0.05469],
						"0.3667": [0, 0, 0.19922],
						"0.4333": [0, -0.10547, 0],
						"0.5": [0, -0.10547, -0.08031],
						"0.6": [0, -0.03516, -0.07031],
						"0.7333": [0, 0, 0]
					}
				}
			},
			"particle_effects": {
				"0.0": {
					"effect": "krep.amrmuzzleflash",
					"locator": "ak101muzzle"
				}
			}
		},
		"animation.ak101.muzzleflash.1": {
			"animation_length": 0.05,
			"bones": {
				"muzzleflash": {
					"position": [0, 0, -58],
					"scale": 2
				},
				"muzzleflashfront": {
					"position": [0, 0, -4.6],
					"scale": [1, 1, 1.9]
				},
				"muzzlestar": {
					"scale": 0.3
				},
				"justtest": {
					"scale": 0
				}
			},
			"particle_effects": {
				"0.0": {
					"effect": "krep.shell",
					"locator": "bolt"
				}
			}
		},
		"animation.ak101.muzzleflash.2": {
			"animation_length": 0.05,
			"bones": {
				"muzzleflash": {
					"rotation": [0, 0, 45],
					"position": [0, 0, -58],
					"scale": 2
				},
				"muzzleflashfront": {
					"position": [0, 0, -0.5],
					"scale": [1, 1, 1.1]
				},
				"muzzlestar": {
					"scale": 0.3
				},
				"justtest": {
					"scale": 0
				}
			}
		},
		"animation.ak101.fp.sight.holo512": {
			"loop": "hold_on_last_frame",
			"bones": {
				"root": {
					"rotation": [0, 180, 0],
					"position": [0, 0, 0]
				},
				"body": {
					"rotation": [-0.03495, 2.99939, -7.50152],
					"position": [7.0675, 1.925, 12.2]
				},
				"leftarm": {
					"rotation": [-91.64723, 22.69862, 54.3308],
					"position": [-6.5, -5.2, -24.7],
					"scale": [1, 1.5, 1]
				},
				"rightArm": {
					"rotation": [-90.10912, -2.5, 10],
					"position": [-2.05, -3.3, -3],
					"scale": [1, 1.5, 1]
				},
				"justtest": {
					"scale": 0
				},
				"AK47": {
					"rotation": [89.96508, 1.9997, -1.00061],
					"position": [-5, 4.5, 10.75],
					"scale": [1.3, 1.3, 0.86]
				}
			}
		},
		"animation.ak101.tp.hold": {
			"loop": "hold_on_last_frame",
			"bones": {
				"leftArm": {
					"rotation": [-117.0081, 1.72776, -56.10136],
					"position": [-2, -2, -4],
					"scale": [1, 1.2, 1]
				},
				"rightArm": {
					"rotation": [-100, 0, 0],
					"position": [2, -1, 0]
				},
				"ak47": {
					"position": [-3, 19.8, -16.3],
					"scale": 0.6
				},
				"muzzleflash": {
					"scale": 0
				},
				"bone18": {
					"rotation": [0, 0, 0],
					"position": [2.91, 0, 11.41],
					"scale": 0
				},
				"bone7": {
					"rotation": [0, -180, 0],
					"position": [-6, 8, -21],
					"scale": [0.4, 0.5, 0.6]
				},
				"righthand_pos": {
					"position": [0, 1938, 0]
				},
				"lefthand_pos": {
					"position": [0, 2619, 0]
				}
			}
		},
		"animation.ak101.tp.hold.sight": {
			"loop": "hold_on_last_frame",
			"bones": {
				"leftArm": {
					"rotation": [-117.0081, 1.72776, -56.10136],
					"position": [-2, -2, -4],
					"scale": [1, 1.2, 1]
				},
				"rightArm": {
					"rotation": [-100, 0, 0],
					"position": [2, -1, 0]
				},
				"ak47": {
					"position": [-3, 19.8, -16.3],
					"scale": 0.6
				},
				"muzzleflash": {
					"scale": 0
				},
				"bone18": {
					"rotation": [0, 0, 0],
					"position": [2.91, 0, 11.41],
					"scale": 0
				},
				"bone7": {
					"rotation": [0, -180, 0],
					"position": [-6, 8, -21],
					"scale": [0.4, 0.5, 0.6]
				},
				"righthand_pos": {
					"position": [0, 1938, 0]
				},
				"lefthand_pos": {
					"position": [0, 2619, 0]
				}
			}
		}
	}
}