{
	"format_version": "1.10.0",
	"animation_controllers": {
		"controller.animation.minimi.fp": {
			"initial_state": "hold",
			"states": {
				"hold": {
					"blend_transition": 0.1,
					"blend_via_shortest_path": true,
					"animations": [
						{
							"minimi_fp_hold": "variable.minimi"
						}
					],
					"transitions": [
						{
							"sprint": "variable.minimi&&query.is_sprinting&&!q.is_using_item"
						},
						{
							"reload": "variable.minimiemp&&query.mark_variant==1"
						},
						{
							"sight": "variable.minimi&&query.is_sneaking&&q.property('krep:minimisight')!='nfscope'&&q.property('krep:minimisight')!='acog'"
						},
						{
							"hold": "!variable.minimi"
						}
					]
				},
				"sprint": {
					"blend_transition": 0.1,
					"blend_via_shortest_path": true,
					"animations": [
						{
							"minimi_fp_sprint": "variable.minimi"
						}
					],
					"transitions": [
						{
							"hold": "variable.minimi&&!query.is_sprinting"
						},
						{
							"reload": "variable.minimiemp&&query.mark_variant==1"
						},
						{
							"hold": "variable.minimi&&q.is_using_item"
						},
						{
							"hold": "!variable.minimi"
						},
						{
							"sight": "variable.minimi&&query.is_sneaking&&q.property('krep:minimisight')!='nfscope'&&q.property('krep:minimisight')!='acog'"
						}
					]
				},
				"reload": {
					"blend_transition": 0.1,
					"blend_via_shortest_path": true,
					"animations": [
						{
							"minimi_fp_reload": "variable.minimi"
						}
					],
					"transitions": [
						{
							"hold": "variable.minimi&&query.all_animations_finished"
						},
						{
							"hold": "!variable.minimi"
						}
					]
				},
				"sight": {
					"blend_transition": 0.1,
					"blend_via_shortest_path": true,
					"animations": [
						{
							"minimi_fp_sight": "variable.minimi&&q.property('krep:minimisight')=='nothing'"
						},
						{
							"minimi_fp_sight_holo512": "variable.minimi&&q.property('krep:minimisight')=='holo512'"
						}
					],
					"transitions": [
						{
							"hold": "variable.minimi&&!query.is_sneaking"
						},
						{
							"hold": "!variable.minimi"
						},
						{
							"reload": "variable.minimiemp&&query.mark_variant==1"
						}
					]
				}
			}
		},
		"controller.animation.gunwalking.minimi": {
			"initial_state": "setup",
			"states": {
				"setup": {
					"blend_transition": 0.1,
					"blend_via_shortest_path": true,
					"animations": [
						{
							"gunwalk_delay": "variable.minimi"
						}
					],
					"transitions": [
						{
							"walking": "variable.minimi&&query.is_moving&&!q.is_sneaking&&q.any_animation_finished"
						}
					]
				},
				"walking": {
					"blend_transition": 0.5,
					"blend_via_shortest_path": true,
					"animations": [
						{
							"gunwalk": "variable.minimi"
						}
					],
					"transitions": [
						{
							"setup": "!query.is_moving"
						},
						{
							"setup": "!variable.minimi"
						},
						{
							"setup": "q.is_sneaking"
						}
					]
				}
			}
		}
	}
}