{
  "hud_actionbar_text": {
    "controls": [
      {
        "actionbar_message": {
          "alpha": "@hud.anim_actionbar_text_alpha_out",
          "anchor_from": "top_left",
          "anchor_to": "top_left",
          "color": "$tool_tip_text",
          "localize": false,
          "offset": [
            475,
            45
          ],
          "text": "$actionbar_text",
          "type": "label"
        }
      }
    ],
    "offset": [
      0,
      "50%-68px"
    ],
    "size": [
      "100%",
      "100%c"
    ],
    "type": "panel"
  },
  "hud_title_text": {
    "alpha": "@hud.anim_title_text_alpha_in",
    "controls": [
      {
        "title_frame": {
          "controls": [
            {
              "title_background": {
                "alpha": "@hud.anim_title_background_alpha_in",
                "size": [
                  "100%sm + 30px",
                  "100%sm + 6px"
                ],
                "texture": "textures/ui/hud_tip_text_background",
                "type": "image"
              }
            },
            {
              "title": {
                "anchor_from": "top_middle",
                "anchor_to": "top_middle",
                "bindings": [
                  {
                    "binding_name": "#hud_title_text_string",
                    "binding_name_override": "#text",
                    "binding_type": "global"
                  }
                ],
                "color": "$title_command_text_color",
                "font_size": "normal",
                "layer": 31,
                "localize": false,
                "offset": [
                  0,
                  0
                ],
                "shadow": "$show_shadow",
                "text": "#text",
                "text_alignment": "center",
                "type": "label",
                "variables": [
                  {
                    "$show_shadow": false,
                    "requires": "(not $title_shadow)"
                  },
                  {
                    "$show_shadow": true,
                    "requires": "$title_shadow"
                  }
                ]
              }
            }
          ],
          "size": [
            "100%",
            "100%cm"
          ],
          "type": "panel"
        }
      },
      {
        "subtitle_frame": {
          "controls": [
            {
              "subtitle_background": {
                "alpha": "$subtitle_bg",
                "offset": [
                  0,
                  16
                ],
                "size": [
                  "100%sm + 20px",
                  "100%sm + 5px"
                ],
                "texture": "textures/ui/hud_tip_text_background",
                "type": "image",
                "variables": [
                  {
                    "$subtitle_bg": "@hud.anim_title_background_alpha_in",
                    "requires": "$subtitle_initially_visible"
                  },
                  {
                    "$subtitle_bg": "@hud.anim_subtitle_background_alpha_in",
                    "requires": "(not $subtitle_initially_visible)"
                  }
                ]
              }
            },
            {
              "subtitle": {
                "alpha": "$anim_type",
                "anchor_from": "top_middle",
                "anchor_to": "top_middle",
                "bindings": [
                  {
                    "binding_name": "#hud_subtitle_text_string",
                    "binding_name_override": "#text",
                    "binding_type": "global"
                  }
                ],
                "color": "$title_command_text_color",
                "font_size": "normal",
                "layer": 31,
                "localize": false,
                "offset": [
                  2,
                  25
                ],
                "shadow": "$show_shadow",
                "text": "#text",
                "text_alignment": "center",
                "type": "label",
                "variables": [
                  {
                    "$anim_type": 1,
                    "requires": "$subtitle_initially_visible"
                  },
                  {
                    "$anim_type": "@hud.anim_subtitle_text_alpha_in",
                    "requires": "(not $subtitle_initially_visible)"
                  },
                  {
                    "$show_shadow": false,
                    "requires": "(not $title_shadow)"
                  },
                  {
                    "$show_shadow": true,
                    "requires": "$title_shadow"
                  }
                ]
              }
            }
          ],
          "size": [
            "100%",
            "100%cm"
          ],
          "type": "panel"
        }
      }
    ],
    "ignored": "($title_text > 'gun')",
    "layer": 1,
    "offset": [
      0,
      -35
    ],
    "orientation": "vertical",
    "propagate_alpha": true,
    "type": "stack_panel"
  },
  "root_panel": {
    "modifications": [
      {
        "array_name": "controls",
        "operation": "insert_front",
        "value": [
          {
            "scope_factory@hud.scope_factory": {}
          }
        ]
      }
    ],
    "type": "panel"
  },
  "scope_factory": {
    "factory": {
      "control_ids": {
        "hud_title_text": "scope_renderer@hud.scope_renderer"
      },
      "name": "hud_title_text_factory"
    },
    "type": "panel"
  },
  "scope_renderer": {
    "$texture|default": "textures/ui/empty",
    "anchor_from": "top_right ",
    "anchor_to": "top_right ",
    "layer": 2,
    "offset": [
      0,
      0
    ],
    "size": [
      "15%",
      "15%"
    ],
    "texture": "$texture",
    "type": "image",
    "variables": [
      {
        "$texture": "textures/ui/aim",
        "requires": "($title_text = 'gun.aim')"
      },
      {
        "$texture": "textures/ui/origin_aim",
        "requires": "($title_text = 'gun.originaim')",
        "size": [
          "5%",
          "5%"
        ]
      },
      {
        "$texture": "textures/ui/aim4",
        "requires": "($title_text = 'gun.minigunaim')"
      },
      {
        "$texture": "textures/ui/aim",
        "requires": "($title_text = 'gun.run')"
      },
      {
        "$texture": "textures/ui/hit",
        "requires": "($title_text = 'gun.hit')"
      },
      {
        "$texture": "textures/ui/hit_sneak",
        "requires": "($title_text = 'gun.hit2')"
      },
      {
        "$texture": "textures/ui/hit_sneak2",
        "requires": "($title_text = 'gun.hit3')"
      },
      {
        "$texture": "textures/ui/empty",
        "requires": "($title_text = 'gun.unaim')"
      }
    ]
  }
}