{
    "format_version": "1.10.0",
    "animation_controllers": {
        "controller.animation.ballista": {
            "initial_state": "setup",
            "states": {
                "setup": {
                    "transitions": [
                        {
                            "ballista.5": "query.get_equipped_item_name=='ballista'&&query.is_using_item"
                        },
                        {
                            "reload": "query.get_equipped_item_name=='ballista_emp'&&query.mark_variant==3&&q.is_using_item"
                        }
                    ]
                },
                "ballista.5": {
                    "animations": [
                        "ballistashoot"
                    ],
                    "transitions": [
                        {
                            "delay.4": "query.all_animations_finished&&!query.is_using_item||query.get_equipped_item_name!='ballista'"
                        }
                    ],
                    "on_entry": [
                        "@s krep:ballista_fire",
                        "/title @s actionbar \n------\n§l 4/5",
                        "/playsound ballista.shoot @a[r=250]"
                    ]
                },
                "delay.4": {
                    "transitions": [
                        {
                            "ballista.4": "query.get_equipped_item_name=='ballista'&&query.is_using_item"
                        }
                    ]
                },
                "ballista.4": {
                    "animations": [
                        "ballistashoot"
                    ],
                    "transitions": [
                        {
                            "delay.3": "query.all_animations_finished&&!query.is_using_item||query.get_equipped_item_name!='ballista'"
                        }
                    ],
                    "on_entry": [
                        "@s krep:ballista_fire",
                        "/title @s actionbar \n------\n§l 3/5",
                        "/playsound ballista.shoot @a[r=250]"
                    ]
                },
                "delay.3": {
                    "transitions": [
                        {
                            "ballista.3": "query.get_equipped_item_name=='ballista'&&query.is_using_item"
                        }
                    ]
                },
                "ballista.3": {
                    "animations": [
                        "ballistashoot"
                    ],
                    "transitions": [
                        {
                            "delay.2": "query.all_animations_finished&&!query.is_using_item||query.get_equipped_item_name!='ballista'"
                        }
                    ],
                    "on_entry": [
                        "@s krep:ballista_fire",
                        "/title @s actionbar \n------\n§l 2/5",
                        "/playsound ballista.shoot @a[r=250]"
                    ]
                },
                "delay.2": {
                    "transitions": [
                        {
                            "ballista.2": "query.get_equipped_item_name=='ballista'&&query.is_using_item"
                        }
                    ]
                },
                "ballista.2": {
                    "animations": [
                        "ballistashoot"
                    ],
                    "transitions": [
                        {
                            "delay.1": "query.all_animations_finished&&!query.is_using_item||query.get_equipped_item_name!='ballista'"
                        }
                    ],
                    "on_entry": [
                        "@s krep:ballista_fire",
                        "/title @s actionbar \n------\n§l 1/5",
                        "/playsound ballista.shoot @a[r=250]"
                    ]
                },
                "delay.1": {
                    "transitions": [
                        {
                            "ballista.1": "query.get_equipped_item_name=='ballista'&&query.is_using_item"
                        }
                    ]
                },
                "ballista.1": {
                    "animations": [
                        "ballistashoot"
                    ],
                    "transitions": [
                        {
                            "ballista.0": "query.all_animations_finished&&!q.is_using_item"
                        }
                    ],
                    "on_entry": [
                        "@s krep:ballista_fire",
                        "/title @s actionbar \n------\n§l 0/5",
                        "/replaceitem entity @s slot.weapon.mainhand 0 krep:ballista_emp 1 0",
                        "/playsound ballista.shoot @a[r=250]"
                    ]
                },
                "ballista.0": {
                    "transitions": [
                        {
                            "setup": "query.get_equipped_item_name=='ballista'"
                        },
                        {
                            "reload": "query.get_equipped_item_name=='ballista_emp'&&query.mark_variant==3&&q.is_using_item"
                        }
                    ]
                },
                "reload": {
                    "animations": [
                        {
                            "ballistareload": "query.get_equipped_item_name('main_hand')=='ballista_emp' || query.get_equipped_item_name('main_hand')=='ballista'"
                        }
                    ],
                    "on_entry": [
                        "@s krep:reload"
                    ],
                    "on_exit": [
                        "@s krep:noreload"
                    ],
                    "transitions": [
                        {
                            "ballista.0": "query.get_equipped_item_name!='ballista_emp'||query.all_animations_finished"
                        }
                    ]
                }
            }
        }
    }
}
