{
	"format_version": "1.12.0",
	"minecraft:geometry": [
		{
			"description": {
				"identifier": "geometry.ss2v1",
				"texture_width": 256,
				"texture_height": 256,
				"visible_bounds_width": 11,
				"visible_bounds_height": 4,
				"visible_bounds_offset": [0, 1, 0]
			},
			"bones": [
				{
					"name": "root",
					"pivot": [0, 0, 0]
				},
				{
					"name": "waist",
					"parent": "root",
					"pivot": [0, 12, 0]
				},
				{
					"name": "body",
					"parent": "waist",
					"pivot": [0, 24, 0]
				},
				{
					"name": "head",
					"parent": "body",
					"pivot": [0, 24, 0]
				},
				{
					"name": "hat",
					"parent": "head",
					"pivot": [0, 24, 0]
				},
				{
					"name": "cape",
					"parent": "body",
					"pivot": [0, 24, 3]
				},
				{
					"name": "leftArm",
					"parent": "body",
					"pivot": [5, 22, 0],
					"cubes": [
						{
							"origin": [4, 12, -2],
							"size": [4, 12, 4],
							"uv": {
								"north": {"uv": [248, 244], "uv_size": [-4, 12]},
								"east": {"uv": [252, 244], "uv_size": [-4, 12]},
								"south": {"uv": [256, 244], "uv_size": [-4, 12]},
								"west": {"uv": [244, 244], "uv_size": [-4, 12]},
								"up": {"uv": [248, 240], "uv_size": [-4, 4]},
								"down": {"uv": [252, 244], "uv_size": [-4, -4]}
							}
						}
					]
				},
				{
					"name": "leftSleeve",
					"parent": "leftArm",
					"pivot": [5, 22, 0]
				},
				{
					"name": "leftItem",
					"parent": "leftArm",
					"pivot": [6, 15, 1]
				},
				{
					"name": "leftArmArmor",
					"parent": "leftArm",
					"pivot": [5, 22, 0]
				},
				{
					"name": "rightArm",
					"parent": "body",
					"pivot": [-5, 22, 0],
					"cubes": [
						{
							"origin": [-8, 12, -2],
							"size": [4, 12, 4],
							"uv": {
								"north": {"uv": [244, 244], "uv_size": [4, 12]},
								"east": {"uv": [240, 244], "uv_size": [4, 12]},
								"south": {"uv": [252, 244], "uv_size": [4, 12]},
								"west": {"uv": [248, 244], "uv_size": [4, 12]},
								"up": {"uv": [244, 240], "uv_size": [4, 4]},
								"down": {"uv": [248, 244], "uv_size": [4, -4]}
							}
						}
					]
				},
				{
					"name": "rightSleeve",
					"parent": "rightArm",
					"pivot": [-5, 22, 0]
				},
				{
					"name": "rightItem",
					"parent": "rightArm",
					"pivot": [-6, 15, 1],
					"locators": {
						"lead_hold": [-6, 15, 1]
					}
				},
				{
					"name": "rightArmArmor",
					"parent": "rightArm",
					"pivot": [-5, 22, 0]
				},
				{
					"name": "jacket",
					"parent": "body",
					"pivot": [0, 24, 0]
				},
				{
					"name": "helmet",
					"parent": "body",
					"pivot": [0, 24, 0]
				},
				{
					"name": "bodyArmor",
					"parent": "body",
					"pivot": [0, 24, 0]
				},
				{
					"name": "belt",
					"parent": "body",
					"pivot": [0, 24, 0]
				},
				{
					"name": "leftLeg",
					"parent": "root",
					"pivot": [1.9, 12, 0]
				},
				{
					"name": "leftLegging",
					"parent": "leftLeg",
					"pivot": [1.9, 12, 0]
				},
				{
					"name": "leftBoot",
					"parent": "leftLeg",
					"pivot": [1.9, 12, 0]
				},
				{
					"name": "leftSock",
					"parent": "leftLeg",
					"pivot": [1.9, 12, 0]
				},
				{
					"name": "rightLeg",
					"parent": "root",
					"pivot": [-1.9, 12, 0]
				},
				{
					"name": "rightLegging",
					"parent": "rightLeg",
					"pivot": [-1.9, 12, 0]
				},
				{
					"name": "rightBoot",
					"parent": "rightLeg",
					"pivot": [-1.9, 12, 0]
				},
				{
					"name": "rightSock",
					"parent": "rightLeg",
					"pivot": [-1.9, 12, 0]
				},
				{
					"name": "bone4",
					"pivot": [2, 0, -3],
					"rotation": [0, 180, 0]
				},
				{
					"name": "root2",
					"parent": "bone4",
					"pivot": [-1, 18.33, -16.59225]
				},
				{
					"name": "Db",
					"parent": "root2",
					"pivot": [-1, 18.33, -15.9666]
				},
				{
					"name": "constraint",
					"parent": "Db",
					"pivot": [-1, 23.06151, -38.72477]
				},
				{
					"name": "rightHand",
					"parent": "Db",
					"pivot": [8.38482, 37.09963, -13.81591]
				},
				{
					"name": "righthand_pos",
					"parent": "rightHand",
					"pivot": [-1, 19.89414, -13.81591],
					"cubes": [
						{"origin": [5.25654, 19.89414, -16.94418], "size": [4.69241, 18.76963, 6.25654], "uv": [242, 0]}
					]
				},
				{
					"name": "rear_part",
					"parent": "Db",
					"pivot": [-1, 19.55198, -24.94083]
				},
				{
					"name": "rear_steel",
					"parent": "rear_part",
					"pivot": [-1, 19.94302, -24.93593],
					"cubes": [
						{
							"origin": [-2.4175, 18.5744, -25.05814],
							"size": [2.835, 1.95517, 5.76775],
							"uv": {
								"east": {"uv": [106, 106], "uv_size": [7, 3]},
								"south": {"uv": [44, 128], "uv_size": [4, 3]},
								"west": {"uv": [108, 34], "uv_size": [7, 3]},
								"up": {"uv": [54, 12], "uv_size": [4, 7]},
								"down": {"uv": [18, 61], "uv_size": [4, -7]}
							}
						},
						{
							"origin": [-2.4175, 20.52957, -21.1478],
							"size": [2.835, 1.4175, 1.46638],
							"uv": {
								"east": {"uv": [0, 160], "uv_size": [2, 2]},
								"south": {"uv": [142, 124], "uv_size": [4, 2]},
								"west": {"uv": [160, 46], "uv_size": [2, 2]}
							}
						},
						{
							"origin": [-4.37904, 21.18958, -21.63715],
							"size": [0.91221, 0.73432, 0.48992],
							"inflate": 0.001,
							"pivot": [-1, 16.51812, -26.07759],
							"rotation": [0, 0, 45],
							"uv": {
								"north": {"uv": [180, 36], "uv_size": [1, 1]},
								"south": {"uv": [180, 44], "uv_size": [1, 1]},
								"up": {"uv": [180, 48], "uv_size": [1, 1]}
							}
						},
						{
							"origin": [-3.55689, 20.36746, -21.63715],
							"size": [0.73432, 0.91221, 0.48992],
							"inflate": 0.001,
							"pivot": [-1, 16.51812, -26.07759],
							"rotation": [0, 0, 45],
							"uv": {
								"north": {"uv": [50, 180], "uv_size": [1, 1]},
								"south": {"uv": [66, 180], "uv_size": [1, 1]},
								"west": {"uv": [180, 68], "uv_size": [1, 1]}
							}
						},
						{
							"origin": [1.46683, 21.18958, -21.63715],
							"size": [0.91221, 0.73432, 0.48992],
							"inflate": 0.001,
							"pivot": [-1, 16.51812, -26.07759],
							"rotation": [0, 0, -45],
							"uv": {
								"north": {"uv": [70, 180], "uv_size": [1, 1]},
								"south": {"uv": [180, 72], "uv_size": [1, 1]},
								"up": {"uv": [74, 180], "uv_size": [1, 1]}
							}
						},
						{
							"origin": [-2.43312, 20.52957, -21.63659],
							"size": [2.86625, 2.19957, 0.48879],
							"uv": {
								"north": {"uv": [92, 128], "uv_size": [4, 3]},
								"up": {"uv": [160, 54], "uv_size": [4, 1]},
								"down": {"uv": [62, 161], "uv_size": [4, -1]}
							}
						},
						{
							"origin": [-0.53565, 22.04482, -20.46349],
							"size": [0.19552, 0.58655, 0.19552],
							"uv": {
								"east": {"uv": [192, 120], "uv_size": [1, 1]},
								"south": {"uv": [122, 192], "uv_size": [1, 1]},
								"west": {"uv": [126, 192], "uv_size": [1, 1]},
								"up": {"uv": [192, 128], "uv_size": [1, 1]}
							}
						},
						{
							"origin": [-1.65988, 22.04482, -20.46349],
							"size": [0.19552, 0.58655, 0.19552],
							"uv": {
								"east": {"uv": [194, 24], "uv_size": [1, 1]},
								"south": {"uv": [194, 28], "uv_size": [1, 1]},
								"west": {"uv": [194, 32], "uv_size": [1, 1]},
								"up": {"uv": [36, 194], "uv_size": [1, 1]}
							}
						},
						{
							"origin": [-4.65279, 22.04482, -22.40109],
							"size": [0.78207, 0.58655, 0.78207],
							"pivot": [-1, 16.51812, -26.07759],
							"rotation": [0, 45, 0],
							"uv": {
								"north": {"uv": [146, 192], "uv_size": [1, 1]},
								"east": {"uv": [150, 192], "uv_size": [1, 1]},
								"south": {"uv": [154, 192], "uv_size": [1, 1]},
								"west": {"uv": [158, 192], "uv_size": [1, 1]},
								"up": {"uv": [162, 192], "uv_size": [1, 1]},
								"down": {"uv": [192, 165], "uv_size": [1, -1]}
							}
						},
						{
							"origin": [1.87072, 22.04482, -22.40109],
							"size": [0.78207, 0.58655, 0.78207],
							"pivot": [-1, 16.51812, -26.07759],
							"rotation": [0, -45, 0],
							"uv": {
								"north": {"uv": [12, 194], "uv_size": [1, 1]},
								"east": {"uv": [194, 12], "uv_size": [1, 1]},
								"south": {"uv": [16, 194], "uv_size": [1, 1]},
								"west": {"uv": [194, 16], "uv_size": [1, 1]},
								"up": {"uv": [20, 194], "uv_size": [1, 1]},
								"down": {"uv": [194, 21], "uv_size": [1, -1]}
							}
						},
						{
							"origin": [-1.29328, 22.04482, -21.05004],
							"size": [0.58655, 0.58655, 0.39103],
							"uv": {
								"south": {"uv": [138, 192], "uv_size": [1, 1]},
								"up": {"uv": [142, 192], "uv_size": [1, 1]}
							}
						},
						{
							"origin": [-0.53565, 23.83393, -29.50227],
							"size": [0.19552, 0.39103, 0.58655],
							"pivot": [-1, 16.51812, -26.07759],
							"rotation": [-67.5, 0, 0],
							"uv": {
								"north": {"uv": [176, 192], "uv_size": [1, 1]},
								"east": {"uv": [186, 192], "uv_size": [1, 1]},
								"south": {"uv": [190, 192], "uv_size": [1, 1]},
								"west": {"uv": [0, 194], "uv_size": [1, 1]},
								"up": {"uv": [194, 0], "uv_size": [1, 1]},
								"down": {"uv": [8, 195], "uv_size": [1, -1]}
							}
						},
						{
							"origin": [-1.65988, 23.83393, -29.50227],
							"size": [0.19552, 0.39103, 0.58655],
							"pivot": [-1, 16.51812, -26.07759],
							"rotation": [-67.5, 0, 0],
							"uv": {
								"north": {"uv": [40, 194], "uv_size": [1, 1]},
								"east": {"uv": [194, 40], "uv_size": [1, 1]},
								"south": {"uv": [44, 194], "uv_size": [1, 1]},
								"west": {"uv": [52, 194], "uv_size": [1, 1]},
								"up": {"uv": [194, 52], "uv_size": [1, 1]},
								"down": {"uv": [56, 195], "uv_size": [1, -1]}
							}
						},
						{
							"origin": [0.82258, 20.36746, -21.63715],
							"size": [0.73432, 0.91221, 0.48992],
							"inflate": 0.001,
							"pivot": [-1, 16.51812, -26.07759],
							"rotation": [0, 0, -45],
							"uv": {
								"north": {"uv": [92, 180], "uv_size": [1, 1]},
								"east": {"uv": [96, 180], "uv_size": [1, 1]},
								"south": {"uv": [100, 180], "uv_size": [1, 1]}
							}
						},
						{
							"origin": [-3.07738, 21.1738, -21.63659],
							"size": [4.15474, 0.91109, 0.48879],
							"uv": {
								"north": {"uv": [154, 140], "uv_size": [5, 1]},
								"east": {"uv": [180, 104], "uv_size": [1, 1]},
								"west": {"uv": [110, 180], "uv_size": [1, 1]}
							}
						},
						{
							"origin": [-4.80579, 21.1738, -22.31804],
							"size": [0.73319, 0.91109, 0.48879],
							"pivot": [-1, 16.51812, -26.07759],
							"rotation": [0, 22.5, 0],
							"uv": {
								"east": {"uv": [114, 180], "uv_size": [1, 1]},
								"up": {"uv": [180, 116], "uv_size": [1, 1]},
								"down": {"uv": [118, 181], "uv_size": [1, -1]}
							}
						},
						{
							"origin": [-6.14188, 21.1738, -23.60904],
							"size": [0.73319, 0.91109, 0.48879],
							"pivot": [-1, 16.51812, -26.07759],
							"rotation": [0, 45, 0],
							"uv": {
								"east": {"uv": [180, 120], "uv_size": [1, 1]},
								"south": {"uv": [122, 180], "uv_size": [1, 1]},
								"up": {"uv": [126, 180], "uv_size": [1, 1]},
								"down": {"uv": [180, 129], "uv_size": [1, -1]}
							}
						},
						{
							"origin": [-6.8822, 21.1738, -25.31307],
							"size": [0.73319, 0.91109, 0.12221],
							"pivot": [-1, 16.51812, -26.07759],
							"rotation": [0, 67.5, 0],
							"uv": {
								"north": {"uv": [130, 180], "uv_size": [1, 1]},
								"east": {"uv": [142, 180], "uv_size": [1, 1]},
								"south": {"uv": [146, 180], "uv_size": [1, 1]},
								"west": {"uv": [150, 180], "uv_size": [1, 1]},
								"up": {"uv": [154, 180], "uv_size": [1, 1]},
								"down": {"uv": [158, 181], "uv_size": [1, -1]}
							}
						},
						{
							"origin": [-2.43312, 23.40972, -23.89991],
							"size": [2.86625, 0.73319, 0.48879],
							"pivot": [-1, 16.51812, -26.07759],
							"rotation": [-22.5, 0, 0],
							"uv": {
								"east": {"uv": [162, 180], "uv_size": [1, 1]},
								"west": {"uv": [166, 180], "uv_size": [1, 1]},
								"up": {"uv": [160, 72], "uv_size": [4, 1]},
								"down": {"uv": [160, 77], "uv_size": [4, -1]}
							}
						},
						{
							"origin": [-2.43312, 23.84973, -26.53197],
							"size": [2.86625, 0.73319, 0.48879],
							"pivot": [-1, 16.51812, -26.07759],
							"rotation": [-45, 0, 0],
							"uv": {
								"east": {"uv": [180, 166], "uv_size": [1, 1]},
								"south": {"uv": [160, 108], "uv_size": [4, 1]},
								"west": {"uv": [178, 180], "uv_size": [1, 1]},
								"up": {"uv": [116, 160], "uv_size": [4, 1]},
								"down": {"uv": [160, 121], "uv_size": [4, -1]}
							}
						},
						{
							"origin": [4.14901, 21.1738, -25.31307],
							"size": [0.73319, 0.91109, 0.12221],
							"pivot": [-1, 16.51812, -26.07759],
							"rotation": [0, -67.5, 0],
							"uv": {
								"north": {"uv": [0, 182], "uv_size": [1, 1]},
								"east": {"uv": [182, 0], "uv_size": [1, 1]},
								"south": {"uv": [8, 182], "uv_size": [1, 1]},
								"west": {"uv": [12, 182], "uv_size": [1, 1]},
								"up": {"uv": [182, 12], "uv_size": [1, 1]},
								"down": {"uv": [16, 183], "uv_size": [1, -1]}
							}
						},
						{
							"origin": [2.0726, 21.1738, -22.31804],
							"size": [0.73319, 0.91109, 0.48879],
							"pivot": [-1, 16.51812, -26.07759],
							"rotation": [0, -22.5, 0],
							"uv": {
								"west": {"uv": [182, 16], "uv_size": [1, 1]},
								"up": {"uv": [20, 182], "uv_size": [1, 1]},
								"down": {"uv": [182, 21], "uv_size": [1, -1]}
							}
						},
						{
							"origin": [3.40869, 21.1738, -23.60904],
							"size": [0.73319, 0.91109, 0.48879],
							"pivot": [-1, 16.51812, -26.07759],
							"rotation": [0, -45, 0],
							"uv": {
								"south": {"uv": [182, 24], "uv_size": [1, 1]},
								"west": {"uv": [182, 28], "uv_size": [1, 1]},
								"up": {"uv": [182, 32], "uv_size": [1, 1]},
								"down": {"uv": [36, 183], "uv_size": [1, -1]}
							}
						},
						{
							"origin": [-2.43312, 18.33766, -19.98794],
							"size": [2.86625, 0.73319, 0.48879],
							"pivot": [-1, 16.51812, -26.07759],
							"rotation": [22.5, 0, 0],
							"uv": {
								"east": {"uv": [182, 136], "uv_size": [1, 1]},
								"west": {"uv": [138, 182], "uv_size": [1, 1]},
								"up": {"uv": [162, 90], "uv_size": [4, 1]},
								"down": {"uv": [162, 95], "uv_size": [4, -1]}
							}
						},
						{
							"origin": [-2.43312, 12.966, -19.68774],
							"size": [2.86625, 0.73319, 0.12221],
							"pivot": [-1, 16.51812, -26.07759],
							"rotation": [67.5, 0, 0],
							"uv": {
								"north": {"uv": [102, 162], "uv_size": [4, 1]},
								"east": {"uv": [182, 140], "uv_size": [1, 1]},
								"south": {"uv": [122, 162], "uv_size": [4, 1]},
								"west": {"uv": [182, 144], "uv_size": [1, 1]},
								"up": {"uv": [128, 162], "uv_size": [4, 1]},
								"down": {"uv": [134, 163], "uv_size": [4, -1]}
							}
						},
						{
							"origin": [-2.43312, 15.68168, -19.30359],
							"size": [2.86625, 0.73319, 0.48879],
							"pivot": [-1, 16.51812, -26.07759],
							"rotation": [45, 0, 0],
							"uv": {
								"east": {"uv": [182, 148], "uv_size": [1, 1]},
								"south": {"uv": [140, 162], "uv_size": [4, 1]},
								"west": {"uv": [182, 152], "uv_size": [1, 1]},
								"up": {"uv": [162, 140], "uv_size": [4, 1]},
								"down": {"uv": [146, 163], "uv_size": [4, -1]}
							}
						},
						{
							"origin": [-2.43179, 21.17515, -21.1478],
							"size": [2.86492, 0.90975, 0.84398],
							"uv": {
								"east": {"uv": [182, 156], "uv_size": [1, 1]},
								"south": {"uv": [152, 162], "uv_size": [4, 1]},
								"west": {"uv": [182, 160], "uv_size": [1, 1]},
								"up": {"uv": [162, 152], "uv_size": [4, 1]},
								"down": {"uv": [164, 5], "uv_size": [4, -1]}
							}
						},
						{
							"origin": [-2.4175, 23.61493, -23.71224],
							"size": [2.835, 0.36659, 1.46638],
							"pivot": [-1, 16.51812, -26.07759],
							"rotation": [-22.5, 0, 0],
							"uv": {
								"east": {"uv": [130, 172], "uv_size": [2, 1]},
								"west": {"uv": [154, 172], "uv_size": [2, 1]},
								"up": {"uv": [142, 128], "uv_size": [4, 2]}
							}
						},
						{
							"origin": [-1.58655, 20.19761, -21.60997],
							"size": [1.1731, 3.42155, 5.66999],
							"pivot": [-1, 16.51812, -26.07759],
							"rotation": [-17.5, 0, 0],
							"uv": {
								"north": {"uv": [144, 136], "uv_size": [2, 4]},
								"east": {"uv": [36, 56], "uv_size": [7, 4]},
								"south": {"uv": [0, 146], "uv_size": [2, 4]},
								"west": {"uv": [58, 26], "uv_size": [7, 4]},
								"up": {"uv": [36, 128], "uv_size": [2, 7]},
								"down": {"uv": [40, 135], "uv_size": [2, -7]}
							}
						},
						{
							"origin": [-1.19552, 27.93054, -24.84582],
							"size": [0.39103, 0.29328, 0.29328],
							"pivot": [-1, 16.51812, -26.07759],
							"rotation": [-62.5, 0, 0],
							"uv": {
								"north": {"uv": [84, 190], "uv_size": [1, 1]},
								"east": {"uv": [190, 84], "uv_size": [1, 1]},
								"west": {"uv": [190, 88], "uv_size": [1, 1]},
								"up": {"uv": [190, 92], "uv_size": [1, 1]},
								"down": {"uv": [190, 97], "uv_size": [1, -1]}
							}
						},
						{
							"origin": [-1.19552, 23.42364, -17.50411],
							"size": [0.39103, 0.29328, 1.56414],
							"pivot": [-1, 16.51812, -26.07759],
							"rotation": [-17.5, 0, 0],
							"uv": {
								"north": {"uv": [130, 194], "uv_size": [1, 1]},
								"east": {"uv": [72, 176], "uv_size": [2, 1]},
								"south": {"uv": [194, 132], "uv_size": [1, 1]},
								"west": {"uv": [176, 72], "uv_size": [2, 1]},
								"up": {"uv": [76, 176], "uv_size": [1, 2]},
								"down": {"uv": [94, 178], "uv_size": [1, -2]}
							}
						},
						{
							"origin": [1.1919, 23.32645, -23.88571],
							"size": [1.93438, 0.29215, 1.9344],
							"inflate": -0.001,
							"pivot": [-1, 16.51812, -26.07759],
							"rotation": [-24.03208, -42.406, 16.73634],
							"uv": {
								"east": {"uv": [26, 176], "uv_size": [2, 1]},
								"south": {"uv": [30, 176], "uv_size": [2, 1]},
								"west": {"uv": [34, 176], "uv_size": [2, 1]},
								"up": {"uv": [164, 128], "uv_size": [2, 2]},
								"down": {"uv": [164, 138], "uv_size": [2, -2]}
							}
						},
						{
							"origin": [5.75363, 20.19761, -19.32397],
							"size": [0.82951, 3.42155, 0.82951],
							"pivot": [-1, 16.51812, -26.07759],
							"rotation": [-24.03208, -42.406, 16.73634],
							"uv": {
								"north": {"uv": [164, 98], "uv_size": [1, 4]},
								"east": {"uv": [164, 112], "uv_size": [1, 4]},
								"south": {"uv": [116, 164], "uv_size": [1, 4]},
								"west": {"uv": [164, 156], "uv_size": [1, 4]},
								"up": {"uv": [40, 190], "uv_size": [1, 1]},
								"down": {"uv": [190, 41], "uv_size": [1, -1]}
							}
						},
						{
							"origin": [-2.43312, 23.249, -29.13207],
							"size": [2.86625, 0.73319, 0.12221],
							"pivot": [-1, 16.51812, -26.07759],
							"rotation": [-67.5, 0, 0],
							"uv": {
								"north": {"uv": [16, 164], "uv_size": [4, 1]},
								"east": {"uv": [170, 182], "uv_size": [1, 1]},
								"south": {"uv": [22, 164], "uv_size": [4, 1]},
								"west": {"uv": [182, 170], "uv_size": [1, 1]},
								"up": {"uv": [28, 164], "uv_size": [4, 1]},
								"down": {"uv": [34, 165], "uv_size": [4, -1]}
							}
						},
						{
							"origin": [-2.41806, 18.65485, -25.2418],
							"size": [2.83612, 0.46974, 5.35739],
							"inflate": 0.001,
							"pivot": [-1, 16.51812, -26.07759],
							"rotation": [-5, 0, 0],
							"uv": {
								"north": {"uv": [164, 36], "uv_size": [4, 1]},
								"east": {"uv": [146, 84], "uv_size": [7, 1]},
								"south": {"uv": [164, 46], "uv_size": [4, 1]},
								"west": {"uv": [96, 146], "uv_size": [7, 1]},
								"up": {"uv": [0, 56], "uv_size": [4, 7]},
								"down": {"uv": [56, 7], "uv_size": [4, -7]}
							}
						},
						{
							"origin": [-2.4175, 14.55535, -18.73507],
							"size": [2.835, 0.58655, 0.29328],
							"pivot": [-1, 16.51812, -26.07759],
							"rotation": [45, 0, 0],
							"uv": {
								"east": {"uv": [186, 88], "uv_size": [1, 1]},
								"south": {"uv": [164, 50], "uv_size": [4, 1]},
								"west": {"uv": [186, 92], "uv_size": [1, 1]}
							}
						},
						{
							"origin": [-2.4175, 10.26481, -29.42287],
							"size": [2.835, 0.63543, 0.29328],
							"pivot": [-1, 16.51812, -26.07759],
							"rotation": [135, 0, 0],
							"uv": {
								"north": {"uv": [164, 68], "uv_size": [4, 1]},
								"east": {"uv": [186, 96], "uv_size": [1, 1]},
								"south": {"uv": [164, 80], "uv_size": [4, 1]},
								"west": {"uv": [186, 100], "uv_size": [1, 1]},
								"up": {"uv": [164, 84], "uv_size": [4, 1]}
							}
						},
						{
							"origin": [-2.46638, 10.33395, -29.2155],
							"size": [2.93275, 0.29328, 0.29328],
							"pivot": [-1, 16.51812, -26.07759],
							"rotation": [135, 0, 0],
							"uv": {
								"north": {"uv": [164, 148], "uv_size": [4, 1]},
								"east": {"uv": [194, 56], "uv_size": [1, 1]},
								"south": {"uv": [158, 164], "uv_size": [4, 1]},
								"west": {"uv": [60, 194], "uv_size": [1, 1]},
								"up": {"uv": [164, 162], "uv_size": [4, 1]},
								"down": {"uv": [166, 1], "uv_size": [4, -1]}
							}
						},
						{
							"origin": [-2.46638, 11.71646, -27.83299],
							"size": [2.93275, 0.29328, 0.29328],
							"pivot": [-1, 16.51812, -26.07759],
							"rotation": [135, 0, 0],
							"uv": {
								"north": {"uv": [4, 166], "uv_size": [4, 1]},
								"east": {"uv": [194, 60], "uv_size": [1, 1]},
								"south": {"uv": [166, 12], "uv_size": [4, 1]},
								"west": {"uv": [194, 64], "uv_size": [1, 1]},
								"up": {"uv": [166, 16], "uv_size": [4, 1]},
								"down": {"uv": [166, 21], "uv_size": [4, -1]}
							}
						},
						{
							"origin": [-2.41693, 19.212, -28.19269],
							"size": [2.83387, 0.86295, 0.60987],
							"inflate": -0.001,
							"pivot": [-1, 16.51812, -26.07759],
							"rotation": [-45, 0, 0],
							"uv": {
								"north": {"uv": [158, 148], "uv_size": [4, 1]},
								"east": {"uv": [180, 8], "uv_size": [1, 1]},
								"west": {"uv": [24, 180], "uv_size": [1, 1]}
							}
						},
						{
							"origin": [-2.4175, 19.18539, -25.66912],
							"size": [2.835, 0.73319, 0.61098],
							"uv": {
								"north": {"uv": [102, 158], "uv_size": [4, 1]},
								"east": {"uv": [4, 180], "uv_size": [1, 1]},
								"west": {"uv": [180, 4], "uv_size": [1, 1]}
							}
						},
						{
							"origin": [-2.41693, 17.25183, -23.90216],
							"size": [2.83387, 0.86293, 0.60987],
							"inflate": -0.001,
							"pivot": [-1, 16.51812, -26.07759],
							"rotation": [45, 0, 0],
							"uv": {
								"north": {"uv": [154, 158], "uv_size": [4, 1]},
								"east": {"uv": [28, 180], "uv_size": [1, 1]},
								"west": {"uv": [32, 180], "uv_size": [1, 1]}
							}
						}
					]
				},
				{
					"name": "trigger",
					"parent": "rear_steel",
					"pivot": [-1, 18.15774, -20.20217],
					"cubes": [
						{
							"origin": [-1.39103, 8.85248, -20.17874],
							"size": [0.78207, 0.19552, 0.78207],
							"pivot": [-1, 16.51812, -26.07759],
							"rotation": [45, 0, 0],
							"uv": {
								"east": {"uv": [102, 186], "uv_size": [1, 1]},
								"south": {"uv": [186, 108], "uv_size": [1, 1]},
								"west": {"uv": [186, 112], "uv_size": [1, 1]},
								"up": {"uv": [186, 124], "uv_size": [1, 1]},
								"down": {"uv": [132, 187], "uv_size": [1, -1]}
							}
						},
						{
							"origin": [-1.39103, 6.37357, -26.77388],
							"size": [0.78207, 0.19552, 0.68431],
							"pivot": [-1, 16.51812, -26.07759],
							"rotation": [90, 0, 0],
							"uv": {
								"north": {"uv": [186, 132], "uv_size": [1, 1]},
								"east": {"uv": [136, 186], "uv_size": [1, 1]},
								"south": {"uv": [186, 136], "uv_size": [1, 1]},
								"west": {"uv": [186, 140], "uv_size": [1, 1]},
								"up": {"uv": [186, 144], "uv_size": [1, 1]},
								"down": {"uv": [186, 149], "uv_size": [1, -1]}
							}
						},
						{
							"origin": [-1.39103, 9.2791, -19.05104],
							"size": [0.78207, 0.19552, 0.87983],
							"pivot": [-1, 16.51812, -26.07759],
							"rotation": [45, 0, 0],
							"uv": {
								"north": {"uv": [186, 152], "uv_size": [1, 1]},
								"east": {"uv": [186, 156], "uv_size": [1, 1]},
								"south": {"uv": [186, 160], "uv_size": [1, 1]},
								"west": {"uv": [186, 168], "uv_size": [1, 1]},
								"up": {"uv": [170, 186], "uv_size": [1, 1]},
								"down": {"uv": [186, 173], "uv_size": [1, -1]}
							}
						},
						{
							"origin": [-1.58655, 18.60264, -20.20519],
							"size": [1.1731, 0.19552, 1.75965],
							"pivot": [-1, 16.51812, -26.07759],
							"rotation": [-5, 0, 0],
							"uv": {
								"north": {"uv": [4, 176], "uv_size": [2, 1]},
								"east": {"uv": [176, 4], "uv_size": [2, 1]},
								"west": {"uv": [176, 8], "uv_size": [2, 1]},
								"up": {"uv": [66, 164], "uv_size": [2, 2]},
								"down": {"uv": [90, 166], "uv_size": [2, -2]}
							}
						},
						{
							"origin": [-1.39103, 11.69339, -18.47631],
							"size": [0.78207, 0.19552, 0.78207],
							"pivot": [-1, 16.51812, -26.07759],
							"rotation": [22.5, 0, 0],
							"uv": {
								"east": {"uv": [174, 186], "uv_size": [1, 1]},
								"west": {"uv": [186, 176], "uv_size": [1, 1]},
								"up": {"uv": [186, 180], "uv_size": [1, 1]},
								"down": {"uv": [182, 187], "uv_size": [1, -1]}
							}
						},
						{
							"origin": [-1.39103, 14.96953, -18.77273],
							"size": [0.78207, 0.19552, 1.56414],
							"uv": {
								"east": {"uv": [22, 174], "uv_size": [2, 1]},
								"west": {"uv": [38, 174], "uv_size": [2, 1]},
								"up": {"uv": [42, 174], "uv_size": [1, 2]},
								"down": {"uv": [46, 176], "uv_size": [1, -2]}
							}
						},
						{
							"origin": [-1.39103, 17.88286, -19.90927],
							"size": [0.78207, 0.19552, 1.1731],
							"pivot": [-1, 16.51812, -26.07759],
							"rotation": [-22.5, 0, 0],
							"uv": {
								"east": {"uv": [174, 56], "uv_size": [2, 1]},
								"west": {"uv": [60, 174], "uv_size": [2, 1]},
								"up": {"uv": [174, 60], "uv_size": [1, 2]},
								"down": {"uv": [64, 176], "uv_size": [1, -2]}
							}
						},
						{
							"origin": [-1.39103, 17.80453, -19.35928],
							"size": [0.78207, 0.29328, 1.1731],
							"uv": {
								"north": {"uv": [28, 188], "uv_size": [1, 1]},
								"east": {"uv": [134, 174], "uv_size": [2, 1]},
								"south": {"uv": [32, 188], "uv_size": [1, 1]},
								"west": {"uv": [174, 136], "uv_size": [2, 1]},
								"up": {"uv": [138, 174], "uv_size": [1, 2]},
								"down": {"uv": [174, 142], "uv_size": [1, -2]}
							}
						},
						{
							"origin": [-1.39103, 8.72445, -25.96429],
							"size": [0.39103, 0.19552, 1.1731],
							"pivot": [-1, 16.51812, -26.07759],
							"rotation": [90, 0, 0],
							"uv": {
								"north": {"uv": [188, 36], "uv_size": [1, 1]},
								"east": {"uv": [174, 144], "uv_size": [2, 1]},
								"west": {"uv": [174, 148], "uv_size": [2, 1]},
								"up": {"uv": [174, 152], "uv_size": [1, 2]},
								"down": {"uv": [174, 158], "uv_size": [1, -2]}
							}
						},
						{
							"origin": [-1.39103, 9.36107, -23.57696],
							"size": [0.39103, 0.19552, 0.58655],
							"pivot": [-1, 16.51812, -26.07759],
							"rotation": [67.5, 0, 0],
							"uv": {
								"north": {"uv": [188, 44], "uv_size": [1, 1]},
								"east": {"uv": [48, 188], "uv_size": [1, 1]},
								"south": {"uv": [188, 48], "uv_size": [1, 1]},
								"west": {"uv": [64, 188], "uv_size": [1, 1]},
								"up": {"uv": [68, 188], "uv_size": [1, 1]},
								"down": {"uv": [188, 69], "uv_size": [1, -1]}
							}
						},
						{
							"origin": [-1.39103, 10.86283, -21.61497],
							"size": [0.39103, 0.19552, 0.58655],
							"pivot": [-1, 16.51812, -26.07759],
							"rotation": [45, 0, 0],
							"uv": {
								"north": {"uv": [72, 188], "uv_size": [1, 1]},
								"east": {"uv": [188, 72], "uv_size": [1, 1]},
								"south": {"uv": [90, 188], "uv_size": [1, 1]},
								"west": {"uv": [94, 188], "uv_size": [1, 1]},
								"up": {"uv": [98, 188], "uv_size": [1, 1]},
								"down": {"uv": [188, 105], "uv_size": [1, -1]}
							}
						},
						{
							"origin": [-1.3916, 9.76338, -30.94537],
							"size": [0.39216, 0.7832, 0.88095],
							"inflate": 0.001,
							"pivot": [-1, 16.51812, -26.07759],
							"rotation": [135, 0, 0],
							"uv": {
								"north": {"uv": [106, 188], "uv_size": [1, 1]},
								"east": {"uv": [110, 188], "uv_size": [1, 1]},
								"south": {"uv": [114, 188], "uv_size": [1, 1]},
								"west": {"uv": [188, 116], "uv_size": [1, 1]},
								"up": {"uv": [118, 188], "uv_size": [1, 1]},
								"down": {"uv": [188, 121], "uv_size": [1, -1]}
							}
						},
						{
							"origin": [-1, 7.02206, -26.58717],
							"size": [0.39103, 0.19552, 0.39103],
							"pivot": [-1, 16.51812, -26.07759],
							"rotation": [90, 0, 0],
							"uv": {
								"north": {"uv": [122, 188], "uv_size": [1, 1]},
								"east": {"uv": [126, 188], "uv_size": [1, 1]},
								"south": {"uv": [188, 128], "uv_size": [1, 1]},
								"west": {"uv": [140, 188], "uv_size": [1, 1]},
								"up": {"uv": [144, 188], "uv_size": [1, 1]},
								"down": {"uv": [148, 189], "uv_size": [1, -1]}
							}
						},
						{
							"origin": [-1, 7.79027, -29.8211],
							"size": [0.39103, 0.19552, 0.58655],
							"pivot": [-1, 16.51812, -26.07759],
							"rotation": [112.5, 0, 0],
							"uv": {
								"north": {"uv": [152, 188], "uv_size": [1, 1]},
								"east": {"uv": [156, 188], "uv_size": [1, 1]},
								"south": {"uv": [160, 188], "uv_size": [1, 1]},
								"west": {"uv": [164, 188], "uv_size": [1, 1]},
								"up": {"uv": [188, 164], "uv_size": [1, 1]},
								"down": {"uv": [178, 189], "uv_size": [1, -1]}
							}
						},
						{
							"origin": [-1, 9.66275, -32.33425],
							"size": [0.39103, 0.19552, 0.58655],
							"pivot": [-1, 16.51812, -26.07759],
							"rotation": [135, 0, 0],
							"uv": {
								"north": {"uv": [186, 188], "uv_size": [1, 1]},
								"east": {"uv": [0, 190], "uv_size": [1, 1]},
								"south": {"uv": [190, 0], "uv_size": [1, 1]},
								"west": {"uv": [8, 190], "uv_size": [1, 1]},
								"up": {"uv": [12, 190], "uv_size": [1, 1]},
								"down": {"uv": [190, 13], "uv_size": [1, -1]}
							}
						},
						{
							"origin": [-1, 12.35444, -33.93952],
							"size": [0.39103, 0.19552, 1.75965],
							"pivot": [-1, 16.51812, -26.07759],
							"rotation": [157.5, 0, 0],
							"uv": {
								"north": {"uv": [16, 190], "uv_size": [1, 1]},
								"east": {"uv": [174, 160], "uv_size": [2, 1]},
								"south": {"uv": [190, 16], "uv_size": [1, 1]},
								"west": {"uv": [174, 164], "uv_size": [2, 1]},
								"up": {"uv": [170, 174], "uv_size": [1, 2]},
								"down": {"uv": [174, 176], "uv_size": [1, -2]}
							}
						},
						{
							"origin": [-1, 7.5499, -23.30544],
							"size": [0.39103, 0.19552, 0.39103],
							"pivot": [-1, 16.51812, -26.07759],
							"rotation": [67.5, 0, 0],
							"uv": {
								"north": {"uv": [20, 190], "uv_size": [1, 1]},
								"east": {"uv": [190, 20], "uv_size": [1, 1]},
								"south": {"uv": [190, 24], "uv_size": [1, 1]},
								"west": {"uv": [190, 28], "uv_size": [1, 1]},
								"up": {"uv": [190, 32], "uv_size": [1, 1]},
								"down": {"uv": [36, 191], "uv_size": [1, -1]}
							}
						},
						{
							"origin": [-1.39103, 20.1395, -22.07417],
							"size": [0.78207, 0.19552, 1.1731],
							"pivot": [-1, 16.51812, -26.07759],
							"rotation": [-45, 0, 0],
							"uv": {
								"north": {"uv": [186, 184], "uv_size": [1, 1]},
								"east": {"uv": [174, 64], "uv_size": [2, 1]},
								"west": {"uv": [174, 76], "uv_size": [2, 1]},
								"up": {"uv": [174, 80], "uv_size": [1, 2]},
								"down": {"uv": [174, 86], "uv_size": [1, -2]}
							}
						},
						{
							"origin": [-1.39103, 21.90967, -26.98055],
							"size": [0.78207, 0.19552, 1.1731],
							"pivot": [-1, 16.51812, -26.07759],
							"rotation": [-90, 0, 0],
							"uv": {
								"north": {"uv": [4, 188], "uv_size": [1, 1]},
								"east": {"uv": [174, 88], "uv_size": [2, 1]},
								"south": {"uv": [188, 4], "uv_size": [1, 1]},
								"west": {"uv": [90, 174], "uv_size": [2, 1]},
								"up": {"uv": [174, 92], "uv_size": [1, 2]},
								"down": {"uv": [174, 98], "uv_size": [1, -2]}
							}
						},
						{
							"origin": [-1.39103, 19.69203, -31.7016],
							"size": [0.78207, 0.19552, 1.1731],
							"pivot": [-1, 16.51812, -26.07759],
							"rotation": [-135, 0, 0],
							"uv": {
								"north": {"uv": [188, 8], "uv_size": [1, 1]},
								"east": {"uv": [174, 100], "uv_size": [2, 1]},
								"south": {"uv": [24, 188], "uv_size": [1, 1]},
								"west": {"uv": [174, 108], "uv_size": [2, 1]},
								"up": {"uv": [174, 112], "uv_size": [1, 2]},
								"down": {"uv": [174, 128], "uv_size": [1, -2]}
							}
						}
					]
				},
				{
					"name": "attachment_adapter",
					"parent": "rear_part",
					"pivot": [-1, 19.55198, -24.94083]
				},
				{
					"name": "stock_default",
					"parent": "rear_part",
					"pivot": [-1, 8.85781, -8.74154],
					"cubes": [
						{
							"origin": [-1.48879, 22.84841, -19.09252],
							"size": [0.97759, 0.73319, 9.28706],
							"pivot": [-1, 16.51812, -26.07759],
							"rotation": [-17.5, 0, 0],
							"uv": {
								"north": {"uv": [196, 164], "uv_size": [1, 1]},
								"east": {"uv": [134, 88], "uv_size": [12, 1]},
								"south": {"uv": [174, 196], "uv_size": [1, 1]},
								"west": {"uv": [134, 100], "uv_size": [12, 1]},
								"up": {"uv": [68, 134], "uv_size": [1, 12]}
							}
						},
						{
							"origin": [-2.33929, 20.27042, -21.63385],
							"size": [2.67858, 3.31079, 2.54094],
							"pivot": [-1, 16.51812, -26.07759],
							"rotation": [-17.5, 0, 0],
							"uv": {
								"north": {"uv": [72, 134], "uv_size": [3, 4]},
								"east": {"uv": [92, 134], "uv_size": [3, 4]},
								"south": {"uv": [118, 134], "uv_size": [3, 4]},
								"west": {"uv": [136, 8], "uv_size": [3, 4]},
								"up": {"uv": [140, 60], "uv_size": [3, 3]},
								"down": {"uv": [140, 69], "uv_size": [3, -3]}
							}
						},
						{
							"origin": [-1.73319, 25.54503, -17.30836],
							"size": [1.46638, 0.48879, 2.56617],
							"pivot": [-1, 16.51812, -26.07759],
							"rotation": [-45, 0, 0],
							"uv": {
								"east": {"uv": [172, 20], "uv_size": [3, 1]},
								"south": {"uv": [42, 178], "uv_size": [2, 1]},
								"west": {"uv": [172, 24], "uv_size": [3, 1]},
								"down": {"uv": [108, 157], "uv_size": [2, -3]}
							}
						},
						{
							"origin": [-2.22142, 29.59445, -20.20975],
							"size": [2.44283, 2.44283, 3.56706],
							"inflate": -0.001,
							"pivot": [-1, 16.51812, -26.07759],
							"rotation": [-67.5, 0, 0],
							"uv": {
								"north": {"uv": [72, 140], "uv_size": [3, 3]},
								"east": {"uv": [120, 88], "uv_size": [5, 3]},
								"south": {"uv": [140, 72], "uv_size": [3, 3]},
								"west": {"uv": [118, 122], "uv_size": [5, 3]},
								"up": {"uv": [124, 94], "uv_size": [3, 5]},
								"down": {"uv": [16, 131], "uv_size": [3, -5]}
							}
						},
						{
							"origin": [-2.22198, 13.74003, -8.81274],
							"size": [2.44396, 3.91034, 0.68431],
							"pivot": [-2.22198, 13.74003, -8.12843],
							"rotation": [7.5, 0, 0],
							"uv": {
								"north": {"uv": [126, 34], "uv_size": [3, 5]},
								"east": {"uv": [50, 158], "uv_size": [1, 5]},
								"south": {"uv": [74, 126], "uv_size": [3, 5]},
								"west": {"uv": [54, 158], "uv_size": [1, 5]},
								"up": {"uv": [110, 172], "uv_size": [3, 1]},
								"down": {"uv": [120, 173], "uv_size": [3, -1]}
							}
						},
						{
							"origin": [-2.22198, 20.75882, -19.09252],
							"size": [2.44396, 2.08959, 9.28706],
							"pivot": [-1, 16.51812, -26.07759],
							"rotation": [-17.5, 0, 0],
							"uv": {
								"north": {"uv": [140, 78], "uv_size": [3, 3]},
								"east": {"uv": [40, 12], "uv_size": [12, 3]},
								"south": {"uv": [92, 140], "uv_size": [3, 3]},
								"west": {"uv": [40, 18], "uv_size": [12, 3]},
								"up": {"uv": [36, 42], "uv_size": [3, 12]},
								"down": {"uv": [42, 54], "uv_size": [3, -12]}
							}
						},
						{
							"origin": [-1.73319, 29.1051, -20.21032],
							"size": [1.46638, 0.48879, 3.56819],
							"pivot": [-1, 16.51812, -26.07759],
							"rotation": [-67.5, 0, 0],
							"uv": {
								"north": {"uv": [46, 178], "uv_size": [2, 1]},
								"east": {"uv": [156, 86], "uv_size": [5, 1]},
								"south": {"uv": [178, 52], "uv_size": [2, 1]},
								"west": {"uv": [156, 100], "uv_size": [5, 1]},
								"down": {"uv": [114, 141], "uv_size": [2, -5]}
							}
						},
						{
							"origin": [-2.22142, 26.03439, -17.30779],
							"size": [2.44283, 0.85425, 2.44283],
							"inflate": -0.001,
							"pivot": [-1, 16.51812, -26.07759],
							"rotation": [-45, 0, 0],
							"uv": {
								"east": {"uv": [26, 172], "uv_size": [3, 1]},
								"south": {"uv": [172, 28], "uv_size": [3, 1]},
								"west": {"uv": [32, 172], "uv_size": [3, 1]},
								"up": {"uv": [118, 140], "uv_size": [3, 3]},
								"down": {"uv": [124, 143], "uv_size": [3, -3]}
							}
						},
						{
							"origin": [0.67935, 20.27255, -19.43258],
							"size": [0.85347, 3.30966, 4.88601],
							"inflate": -0.001,
							"pivot": [-1, 16.51812, -26.07759],
							"rotation": [-17.75313, -9.53274, 3.03513],
							"uv": {
								"north": {"uv": [10, 168], "uv_size": [1, 4]},
								"east": {"uv": [60, 70], "uv_size": [6, 4]},
								"south": {"uv": [14, 168], "uv_size": [1, 4]},
								"west": {"uv": [68, 70], "uv_size": [6, 4]},
								"up": {"uv": [112, 154], "uv_size": [1, 6]},
								"down": {"uv": [122, 160], "uv_size": [1, -6]}
							}
						},
						{
							"origin": [-3.53282, 20.27255, -19.43258],
							"size": [0.85347, 3.30966, 4.88601],
							"inflate": -0.001,
							"pivot": [-1, 16.51812, -26.07759],
							"rotation": [-17.75313, 9.53274, -3.03513],
							"uv": {
								"north": {"uv": [18, 168], "uv_size": [1, 4]},
								"east": {"uv": [72, 64], "uv_size": [6, 4]},
								"south": {"uv": [22, 168], "uv_size": [1, 4]},
								"west": {"uv": [76, 26], "uv_size": [6, 4]},
								"up": {"uv": [126, 154], "uv_size": [1, 6]},
								"down": {"uv": [130, 160], "uv_size": [1, -6]}
							}
						},
						{
							"origin": [-2.34029, 18.67058, -20.92803],
							"size": [2.68352, 0.55009, 2.48152],
							"inflate": -0.001,
							"pivot": [-1, 16.51812, -26.07759],
							"rotation": [-5, 0, 0],
							"uv": {
								"north": {"uv": [172, 32], "uv_size": [3, 1]},
								"east": {"uv": [172, 40], "uv_size": [3, 1]},
								"south": {"uv": [50, 172], "uv_size": [3, 1]},
								"west": {"uv": [172, 52], "uv_size": [3, 1]},
								"up": {"uv": [130, 140], "uv_size": [3, 3]},
								"down": {"uv": [142, 11], "uv_size": [3, -3]}
							}
						},
						{
							"origin": [-1.73319, 20.27003, -19.09252],
							"size": [1.46638, 0.48879, 5.86551],
							"pivot": [-1, 16.51812, -26.07759],
							"rotation": [-17.5, 0, 0],
							"uv": {
								"north": {"uv": [54, 178], "uv_size": [2, 1]},
								"east": {"uv": [146, 38], "uv_size": [8, 1]},
								"south": {"uv": [178, 56], "uv_size": [2, 1]},
								"west": {"uv": [42, 146], "uv_size": [8, 1]},
								"down": {"uv": [40, 126], "uv_size": [2, -8]}
							}
						},
						{
							"origin": [8.41879, 24.90001, -20.21032],
							"size": [0.69125, 0.611, 3.56819],
							"pivot": [-1, 16.51812, -26.07759],
							"rotation": [-59.63881, -40.78947, -20.94102],
							"uv": {
								"north": {"uv": [184, 196], "uv_size": [1, 1]},
								"east": {"uv": [156, 112], "uv_size": [5, 1]},
								"south": {"uv": [188, 196], "uv_size": [1, 1]},
								"west": {"uv": [156, 116], "uv_size": [5, 1]},
								"up": {"uv": [90, 156], "uv_size": [1, 5]},
								"down": {"uv": [156, 125], "uv_size": [1, -5]}
							}
						},
						{
							"origin": [2.17144, 18.65268, -19.09252],
							"size": [0.69125, 0.48879, 5.86551],
							"pivot": [-1, 16.51812, -26.07759],
							"rotation": [-12.56853, -12.27659, -43.64293],
							"uv": {
								"north": {"uv": [192, 196], "uv_size": [1, 1]},
								"east": {"uv": [146, 50], "uv_size": [8, 1]},
								"west": {"uv": [52, 146], "uv_size": [8, 1]},
								"up": {"uv": [146, 60], "uv_size": [1, 8]},
								"down": {"uv": [62, 154], "uv_size": [1, -8]}
							}
						},
						{
							"origin": [5.90144, 22.38266, -17.30836],
							"size": [0.69125, 0.48879, 2.56617],
							"pivot": [-1, 16.51812, -26.07759],
							"rotation": [-35.26439, -30, -35.26439],
							"uv": {
								"north": {"uv": [196, 196], "uv_size": [1, 1]},
								"east": {"uv": [70, 172], "uv_size": [3, 1]},
								"west": {"uv": [76, 172], "uv_size": [3, 1]},
								"up": {"uv": [56, 172], "uv_size": [1, 3]},
								"down": {"uv": [82, 175], "uv_size": [1, -3]}
							}
						},
						{
							"origin": [-4.8627, 18.65268, -19.09252],
							"size": [0.69125, 0.48879, 5.86551],
							"pivot": [-1, 16.51812, -26.07759],
							"rotation": [-12.56853, 12.27659, 43.64293],
							"uv": {
								"north": {"uv": [0, 198], "uv_size": [1, 1]},
								"east": {"uv": [146, 70], "uv_size": [8, 1]},
								"west": {"uv": [72, 146], "uv_size": [8, 1]},
								"up": {"uv": [146, 74], "uv_size": [1, 8]},
								"down": {"uv": [92, 154], "uv_size": [1, -8]}
							}
						},
						{
							"origin": [-11.11004, 24.90001, -20.21032],
							"size": [0.69125, 0.611, 3.56819],
							"pivot": [-1, 16.51812, -26.07759],
							"rotation": [-59.63881, 40.78947, 20.94102],
							"uv": {
								"north": {"uv": [198, 0], "uv_size": [1, 1]},
								"east": {"uv": [156, 128], "uv_size": [5, 1]},
								"south": {"uv": [8, 198], "uv_size": [1, 1]},
								"west": {"uv": [156, 136], "uv_size": [5, 1]},
								"up": {"uv": [42, 158], "uv_size": [1, 5]},
								"down": {"uv": [46, 163], "uv_size": [1, -5]}
							}
						},
						{
							"origin": [-8.59269, 22.38266, -17.30836],
							"size": [0.69125, 0.48879, 2.56617],
							"pivot": [-1, 16.51812, -26.07759],
							"rotation": [-35.26439, 30, 35.26439],
							"uv": {
								"north": {"uv": [12, 198], "uv_size": [1, 1]},
								"east": {"uv": [94, 172], "uv_size": [3, 1]},
								"west": {"uv": [100, 172], "uv_size": [3, 1]},
								"up": {"uv": [86, 172], "uv_size": [1, 3]},
								"down": {"uv": [106, 175], "uv_size": [1, -3]}
							}
						},
						{
							"origin": [3.85146, 20.13024, -19.09252],
							"size": [0.48879, 1.03688, 9.28706],
							"pivot": [-1, 16.51812, -26.07759],
							"rotation": [-12.56853, -12.27659, -43.64293],
							"uv": {
								"north": {"uv": [198, 12], "uv_size": [1, 1]},
								"east": {"uv": [136, 14], "uv_size": [12, 1]},
								"south": {"uv": [16, 198], "uv_size": [1, 1]},
								"west": {"uv": [136, 42], "uv_size": [12, 1]},
								"up": {"uv": [136, 60], "uv_size": [1, 12]},
								"down": {"uv": [136, 86], "uv_size": [1, -12]}
							}
						},
						{
							"origin": [-6.34026, 20.13024, -19.09252],
							"size": [0.48879, 1.03688, 9.28706],
							"pivot": [-1, 16.51812, -26.07759],
							"rotation": [-12.56853, 12.27659, 43.64293],
							"uv": {
								"north": {"uv": [198, 16], "uv_size": [1, 1]},
								"east": {"uv": [136, 92], "uv_size": [12, 1]},
								"south": {"uv": [20, 198], "uv_size": [1, 1]},
								"west": {"uv": [136, 96], "uv_size": [12, 1]},
								"up": {"uv": [84, 136], "uv_size": [1, 12]},
								"down": {"uv": [88, 148], "uv_size": [1, -12]}
							}
						}
					]
				},
				{
					"name": "lever",
					"parent": "rear_part",
					"pivot": [-1, 22.65341, -20.24427],
					"cubes": [
						{
							"origin": [-1.39103, 21.91949, -20.43061],
							"size": [0.78207, 0.58655, 0.39103],
							"uv": {
								"north": {"uv": [190, 100], "uv_size": [1, 1]},
								"east": {"uv": [102, 190], "uv_size": [1, 1]},
								"south": {"uv": [190, 108], "uv_size": [1, 1]},
								"west": {"uv": [190, 112], "uv_size": [1, 1]},
								"up": {"uv": [190, 124], "uv_size": [1, 1]},
								"down": {"uv": [130, 191], "uv_size": [1, -1]}
							}
						},
						{
							"origin": [4.45147, 21.91949, -26.27311],
							"size": [0.78207, 0.58655, 0.39103],
							"pivot": [-1, 16.51812, -26.07759],
							"rotation": [0, -90, 0],
							"uv": {
								"north": {"uv": [190, 132], "uv_size": [1, 1]},
								"east": {"uv": [134, 190], "uv_size": [1, 1]},
								"south": {"uv": [190, 136], "uv_size": [1, 1]},
								"west": {"uv": [190, 140], "uv_size": [1, 1]},
								"up": {"uv": [190, 144], "uv_size": [1, 1]},
								"down": {"uv": [190, 149], "uv_size": [1, -1]}
							}
						},
						{
							"origin": [2.71651, 21.91949, -30.34712],
							"size": [0.82951, 0.58655, 0.27649],
							"pivot": [-1, 16.51812, -26.07759],
							"rotation": [0, -135, 0],
							"uv": {
								"north": {"uv": [190, 152], "uv_size": [1, 1]},
								"east": {"uv": [190, 156], "uv_size": [1, 1]},
								"south": {"uv": [190, 160], "uv_size": [1, 1]},
								"west": {"uv": [168, 190], "uv_size": [1, 1]},
								"up": {"uv": [190, 168], "uv_size": [1, 1]},
								"down": {"uv": [172, 191], "uv_size": [1, -1]}
							}
						},
						{
							"origin": [2.71651, 21.91949, -22.08457],
							"size": [0.82951, 0.58655, 0.27649],
							"pivot": [-1, 16.51812, -26.07759],
							"rotation": [0, -45, 0],
							"uv": {
								"north": {"uv": [190, 172], "uv_size": [1, 1]},
								"east": {"uv": [190, 176], "uv_size": [1, 1]},
								"south": {"uv": [190, 180], "uv_size": [1, 1]},
								"west": {"uv": [182, 190], "uv_size": [1, 1]},
								"up": {"uv": [190, 184], "uv_size": [1, 1]},
								"down": {"uv": [190, 189], "uv_size": [1, -1]}
							}
						},
						{
							"origin": [2.97585, 23.68424, -26.22423],
							"size": [3.91034, 0.19552, 0.29328],
							"pivot": [-1, 16.51812, -26.07759],
							"rotation": [-90, -72.5, 90],
							"uv": {
								"north": {"uv": [156, 50], "uv_size": [5, 1]},
								"east": {"uv": [4, 192], "uv_size": [1, 1]},
								"south": {"uv": [62, 156], "uv_size": [5, 1]},
								"west": {"uv": [192, 4], "uv_size": [1, 1]},
								"up": {"uv": [156, 68], "uv_size": [5, 1]},
								"down": {"uv": [156, 83], "uv_size": [5, -1]}
							}
						},
						{
							"origin": [2.75658, 24.0497, -26.22479],
							"size": [2.64061, 0.19665, 0.2944],
							"inflate": 0.001,
							"pivot": [-1, 16.51812, -26.07759],
							"rotation": [-90, -70, 90],
							"uv": {
								"north": {"uv": [170, 104], "uv_size": [3, 1]},
								"east": {"uv": [192, 116], "uv_size": [1, 1]},
								"south": {"uv": [170, 118], "uv_size": [3, 1]},
								"west": {"uv": [118, 192], "uv_size": [1, 1]},
								"up": {"uv": [170, 132], "uv_size": [3, 1]},
								"down": {"uv": [136, 171], "uv_size": [3, -1]}
							}
						},
						{
							"origin": [-8.88619, 8.86319, -26.22423],
							"size": [1.27086, 0.29328, 0.29328],
							"pivot": [-1, 16.51812, -26.07759],
							"rotation": [89.99999, 72.5, -90.00001],
							"uv": {
								"north": {"uv": [176, 36], "uv_size": [2, 1]},
								"east": {"uv": [110, 192], "uv_size": [1, 1]},
								"south": {"uv": [176, 44], "uv_size": [2, 1]},
								"west": {"uv": [114, 192], "uv_size": [1, 1]},
								"up": {"uv": [176, 48], "uv_size": [2, 1]},
								"down": {"uv": [50, 177], "uv_size": [2, -1]}
							}
						},
						{
							"origin": [-11.6436, 15.78301, -26.22423],
							"size": [0.55302, 0.29328, 0.29328],
							"pivot": [-1, 16.51812, -26.07759],
							"rotation": [-90.00001, 62.5, 89.99999],
							"uv": {
								"north": {"uv": [192, 8], "uv_size": [1, 1]},
								"east": {"uv": [24, 192], "uv_size": [1, 1]},
								"south": {"uv": [28, 192], "uv_size": [1, 1]},
								"west": {"uv": [32, 192], "uv_size": [1, 1]},
								"up": {"uv": [192, 36], "uv_size": [1, 1]},
								"down": {"uv": [192, 45], "uv_size": [1, -1]}
							}
						},
						{
							"origin": [-8.49515, 8.47216, -26.22423],
							"size": [0.48879, 0.39103, 0.29328],
							"pivot": [-1, 16.51812, -26.07759],
							"rotation": [89.99999, 72.5, -90.00001],
							"uv": {
								"north": {"uv": [48, 192], "uv_size": [1, 1]},
								"east": {"uv": [192, 48], "uv_size": [1, 1]},
								"south": {"uv": [64, 192], "uv_size": [1, 1]},
								"west": {"uv": [68, 192], "uv_size": [1, 1]},
								"up": {"uv": [192, 68], "uv_size": [1, 1]},
								"down": {"uv": [72, 193], "uv_size": [1, -1]}
							}
						},
						{
							"origin": [-1.16353, 5.52889, -26.22423],
							"size": [0.55302, 0.29328, 0.29328],
							"pivot": [-1, 16.51812, -26.07759],
							"rotation": [90, 27.5, -90],
							"uv": {
								"north": {"uv": [192, 72], "uv_size": [1, 1]},
								"east": {"uv": [88, 192], "uv_size": [1, 1]},
								"south": {"uv": [92, 192], "uv_size": [1, 1]},
								"west": {"uv": [96, 192], "uv_size": [1, 1]},
								"up": {"uv": [192, 104], "uv_size": [1, 1]},
								"down": {"uv": [106, 193], "uv_size": [1, -1]}
							}
						}
					]
				},
				{
					"name": "front_part",
					"parent": "Db",
					"pivot": [-1, 19.55198, -24.93593]
				},
				{
					"name": "ejector",
					"parent": "front_part",
					"pivot": [-0.82371, 21.84583, -22.04717],
					"cubes": [
						{
							"origin": [-1.29328, 20.96948, -21.793],
							"size": [0.58655, 0.58655, 0.35193],
							"uv": {
								"north": {"uv": [198, 80], "uv_size": [1, 1]},
								"east": {"uv": [84, 198], "uv_size": [1, 1]},
								"south": {"uv": [198, 84], "uv_size": [1, 1]},
								"west": {"uv": [198, 88], "uv_size": [1, 1]},
								"up": {"uv": [198, 92], "uv_size": [1, 1]},
								"down": {"uv": [198, 97], "uv_size": [1, -1]}
							}
						},
						{
							"origin": [-4.5969, 19.19961, -21.793],
							"size": [0.32884, 0.56978, 0.35193],
							"pivot": [-1, 16.51812, -26.07759],
							"rotation": [0, 0, 45],
							"uv": {
								"north": {"uv": [100, 198], "uv_size": [1, 1]},
								"east": {"uv": [198, 100], "uv_size": [1, 1]},
								"south": {"uv": [198, 108], "uv_size": [1, 1]},
								"west": {"uv": [198, 112], "uv_size": [1, 1]},
								"up": {"uv": [198, 124], "uv_size": [1, 1]},
								"down": {"uv": [128, 199], "uv_size": [1, -1]}
							}
						},
						{
							"origin": [2.26806, 19.19961, -21.793],
							"size": [0.32884, 0.56978, 0.35193],
							"pivot": [-1, 16.51812, -26.07759],
							"rotation": [0, 0, -45],
							"uv": {
								"north": {"uv": [132, 198], "uv_size": [1, 1]},
								"east": {"uv": [198, 132], "uv_size": [1, 1]},
								"south": {"uv": [198, 136], "uv_size": [1, 1]},
								"west": {"uv": [198, 140], "uv_size": [1, 1]},
								"up": {"uv": [198, 144], "uv_size": [1, 1]},
								"down": {"uv": [198, 149], "uv_size": [1, -1]}
							}
						},
						{
							"origin": [-1.92871, 20.6762, -21.793],
							"size": [1.85741, 0.29328, 0.35193],
							"uv": {
								"north": {"uv": [170, 178], "uv_size": [2, 1]},
								"east": {"uv": [198, 152], "uv_size": [1, 1]},
								"south": {"uv": [178, 172], "uv_size": [2, 1]},
								"west": {"uv": [198, 156], "uv_size": [1, 1]},
								"up": {"uv": [174, 178], "uv_size": [2, 1]},
								"down": {"uv": [178, 177], "uv_size": [2, -1]}
							}
						}
					]
				},
				{
					"name": "wood_hg",
					"parent": "front_part",
					"pivot": [-0.02241, 19.31106, -28.25972],
					"cubes": [
						{
							"origin": [-2.46638, 19.06319, -29.79942],
							"size": [2.93275, 1.71077, 3.12827],
							"uv": {
								"north": {"uv": [34, 26], "uv_size": [4, 2]},
								"east": {"uv": [138, 0], "uv_size": [4, 2]},
								"south": {"uv": [140, 30], "uv_size": [4, 2]},
								"west": {"uv": [140, 84], "uv_size": [4, 2]},
								"up": {"uv": [40, 24], "uv_size": [4, 4]},
								"down": {"uv": [118, 38], "uv_size": [4, -4]}
							}
						},
						{
							"origin": [-1.97759, 18.5744, -29.79942],
							"size": [1.95517, 0.48879, 3.12827],
							"uv": {
								"north": {"uv": [26, 168], "uv_size": [3, 1]},
								"east": {"uv": [160, 0], "uv_size": [4, 1]},
								"south": {"uv": [32, 168], "uv_size": [3, 1]},
								"west": {"uv": [160, 16], "uv_size": [4, 1]},
								"up": {"uv": [128, 50], "uv_size": [3, 4]},
								"down": {"uv": [128, 92], "uv_size": [3, -4]}
							}
						},
						{
							"origin": [-2.46694, 18.72856, -41.24987],
							"size": [2.93388, 0.61213, 11.24336],
							"inflate": 0.001,
							"pivot": [-1, 16.51812, -26.07759],
							"rotation": [-5, 0, 0],
							"uv": {
								"north": {"uv": [20, 160], "uv_size": [4, 1]},
								"east": {"uv": [118, 4], "uv_size": [14, 1]},
								"south": {"uv": [160, 20], "uv_size": [4, 1]},
								"west": {"uv": [120, 60], "uv_size": [14, 1]},
								"up": {"uv": [6, 24], "uv_size": [4, 14]},
								"down": {"uv": [12, 38], "uv_size": [4, -14]}
							}
						},
						{
							"origin": [-2.46638, 20.04077, -41.04165],
							"size": [2.93275, 0.73319, 6.10991],
							"uv": {
								"north": {"uv": [160, 24], "uv_size": [4, 1]},
								"east": {"uv": [142, 56], "uv_size": [8, 1]},
								"south": {"uv": [26, 160], "uv_size": [4, 1]},
								"west": {"uv": [142, 108], "uv_size": [8, 1]},
								"up": {"uv": [0, 46], "uv_size": [4, 8]},
								"down": {"uv": [46, 32], "uv_size": [4, -8]}
							}
						},
						{
							"origin": [-2.46638, 19.55198, -34.93174],
							"size": [2.93275, 1.22198, 5.13232],
							"uv": {
								"north": {"uv": [78, 142], "uv_size": [4, 2]},
								"east": {"uv": [124, 102], "uv_size": [7, 2]},
								"south": {"uv": [142, 112], "uv_size": [4, 2]},
								"west": {"uv": [126, 42], "uv_size": [7, 2]},
								"up": {"uv": [48, 54], "uv_size": [4, 7]},
								"down": {"uv": [54, 61], "uv_size": [4, -7]}
							}
						},
						{
							"origin": [-5.04622, 18.49057, -41.04165],
							"size": [0.19552, 0.19552, 14.3705],
							"pivot": [-1, 16.51812, -26.07759],
							"rotation": [0, 0, 45],
							"uv": {
								"north": {"uv": [194, 100], "uv_size": [1, 1]},
								"east": {"uv": [106, 112], "uv_size": [18, 1]},
								"south": {"uv": [194, 108], "uv_size": [1, 1]},
								"west": {"uv": [114, 20], "uv_size": [18, 1]},
								"up": {"uv": [8, 112], "uv_size": [1, 18]},
								"down": {"uv": [12, 130], "uv_size": [1, -18]}
							}
						},
						{
							"origin": [2.8507, 18.49057, -41.04165],
							"size": [0.19552, 0.19552, 14.3705],
							"pivot": [-1, 16.51812, -26.07759],
							"rotation": [0, 0, -45],
							"uv": {
								"north": {"uv": [194, 112], "uv_size": [1, 1]},
								"east": {"uv": [114, 30], "uv_size": [18, 1]},
								"south": {"uv": [194, 124], "uv_size": [1, 1]},
								"west": {"uv": [116, 8], "uv_size": [18, 1]},
								"up": {"uv": [84, 116], "uv_size": [1, 18]},
								"down": {"uv": [88, 134], "uv_size": [1, -18]}
							}
						},
						{
							"origin": [-2.46638, 17.85339, -24.40498],
							"size": [2.93275, 1.46638, 0.48879],
							"pivot": [-1, 16.51812, -26.07759],
							"rotation": [67.5, 0, 0],
							"uv": {
								"north": {"uv": [142, 116], "uv_size": [4, 2]},
								"east": {"uv": [172, 122], "uv_size": [1, 2]},
								"south": {"uv": [142, 120], "uv_size": [4, 2]},
								"west": {"uv": [126, 172], "uv_size": [1, 2]},
								"up": {"uv": [160, 28], "uv_size": [4, 1]},
								"down": {"uv": [32, 161], "uv_size": [4, -1]}
							}
						},
						{
							"origin": [-1.97759, 20.04077, -41.53044],
							"size": [1.95517, 0.73319, 0.48879],
							"uv": {
								"north": {"uv": [168, 58], "uv_size": [3, 1]},
								"east": {"uv": [40, 182], "uv_size": [1, 1]},
								"south": {"uv": [78, 168], "uv_size": [3, 1]},
								"west": {"uv": [182, 40], "uv_size": [1, 1]},
								"up": {"uv": [168, 88], "uv_size": [3, 1]},
								"down": {"uv": [168, 93], "uv_size": [3, -1]}
							}
						},
						{
							"origin": [8.5443, 20.04077, -37.69567],
							"size": [0.69125, 0.73319, 0.73319],
							"pivot": [-1, 16.51812, -26.07759],
							"rotation": [0, 45, 0],
							"uv": {
								"north": {"uv": [44, 182], "uv_size": [1, 1]},
								"east": {"uv": [182, 52], "uv_size": [1, 1]},
								"south": {"uv": [54, 182], "uv_size": [1, 1]},
								"west": {"uv": [182, 56], "uv_size": [1, 1]},
								"up": {"uv": [58, 182], "uv_size": [1, 1]},
								"down": {"uv": [182, 61], "uv_size": [1, -1]}
							}
						},
						{
							"origin": [-11.23555, 20.04077, -37.69567],
							"size": [0.69125, 0.73319, 0.73319],
							"pivot": [-1, 16.51812, -26.07759],
							"rotation": [0, -45, 0],
							"uv": {
								"north": {"uv": [62, 182], "uv_size": [1, 1]},
								"east": {"uv": [182, 64], "uv_size": [1, 1]},
								"south": {"uv": [182, 76], "uv_size": [1, 1]},
								"west": {"uv": [78, 182], "uv_size": [1, 1]},
								"up": {"uv": [182, 80], "uv_size": [1, 1]},
								"down": {"uv": [82, 183], "uv_size": [1, -1]}
							}
						},
						{
							"origin": [-1.97759, 19.55198, -41.04165],
							"size": [1.95517, 0.48879, 0.48879],
							"uv": {
								"north": {"uv": [168, 96], "uv_size": [3, 1]},
								"east": {"uv": [182, 84], "uv_size": [1, 1]},
								"south": {"uv": [168, 100], "uv_size": [3, 1]},
								"west": {"uv": [86, 182], "uv_size": [1, 1]},
								"up": {"uv": [110, 168], "uv_size": [3, 1]},
								"down": {"uv": [168, 111], "uv_size": [3, -1]}
							}
						},
						{
							"origin": [-1.97759, 8.0822, -39.4953],
							"size": [1.95517, 0.48879, 0.69125],
							"pivot": [-1, 16.51812, -26.07759],
							"rotation": [-45, 0, 0],
							"uv": {
								"north": {"uv": [168, 114], "uv_size": [3, 1]},
								"east": {"uv": [182, 88], "uv_size": [1, 1]},
								"south": {"uv": [168, 128], "uv_size": [3, 1]},
								"west": {"uv": [182, 92], "uv_size": [1, 1]},
								"up": {"uv": [168, 136], "uv_size": [3, 1]},
								"down": {"uv": [168, 141], "uv_size": [3, -1]}
							}
						},
						{
							"origin": [-1.97759, 18.24033, -41.24931],
							"size": [1.95517, 0.611, 11.24223],
							"pivot": [-1, 16.51812, -26.07759],
							"rotation": [-5, 0, 0],
							"uv": {
								"north": {"uv": [168, 152], "uv_size": [3, 1]},
								"east": {"uv": [126, 110], "uv_size": [14, 1]},
								"south": {"uv": [156, 168], "uv_size": [3, 1]},
								"west": {"uv": [126, 114], "uv_size": [14, 1]},
								"up": {"uv": [24, 36], "uv_size": [3, 14]},
								"down": {"uv": [30, 50], "uv_size": [3, -14]}
							}
						},
						{
							"origin": [-3.60031, 17.04466, -41.24931],
							"size": [0.69127, 0.36659, 11.24223],
							"pivot": [-1, 16.51812, -26.07759],
							"rotation": [-3.54002, 3.53329, 44.89078],
							"uv": {
								"north": {"uv": [182, 96], "uv_size": [1, 1]},
								"east": {"uv": [126, 118], "uv_size": [14, 1]},
								"south": {"uv": [182, 100], "uv_size": [1, 1]},
								"west": {"uv": [126, 122], "uv_size": [14, 1]},
								"up": {"uv": [4, 124], "uv_size": [1, 14]},
								"down": {"uv": [80, 140], "uv_size": [1, -14]}
							}
						},
						{
							"origin": [0.90904, 17.04466, -41.24931],
							"size": [0.69127, 0.36659, 11.24223],
							"pivot": [-1, 16.51812, -26.07759],
							"rotation": [-3.54002, -3.53329, -44.89078],
							"uv": {
								"north": {"uv": [104, 182], "uv_size": [1, 1]},
								"east": {"uv": [126, 126], "uv_size": [14, 1]},
								"south": {"uv": [182, 108], "uv_size": [1, 1]},
								"west": {"uv": [128, 46], "uv_size": [14, 1]},
								"up": {"uv": [22, 128], "uv_size": [1, 14]},
								"down": {"uv": [26, 142], "uv_size": [1, -14]}
							}
						},
						{
							"origin": [-3.83653, 17.28087, -29.79942],
							"size": [0.69125, 0.36659, 3.12827],
							"pivot": [-1, 16.51812, -26.07759],
							"rotation": [0, 0, 45],
							"uv": {
								"north": {"uv": [182, 112], "uv_size": [1, 1]},
								"east": {"uv": [160, 124], "uv_size": [4, 1]},
								"south": {"uv": [182, 124], "uv_size": [1, 1]},
								"west": {"uv": [160, 132], "uv_size": [4, 1]},
								"up": {"uv": [108, 160], "uv_size": [1, 4]},
								"down": {"uv": [160, 162], "uv_size": [1, -4]}
							}
						},
						{
							"origin": [1.14528, 17.28087, -29.79942],
							"size": [0.69125, 0.36659, 3.12827],
							"pivot": [-1, 16.51812, -26.07759],
							"rotation": [0, 0, -45],
							"uv": {
								"north": {"uv": [182, 132], "uv_size": [1, 1]},
								"east": {"uv": [4, 162], "uv_size": [4, 1]},
								"south": {"uv": [134, 182], "uv_size": [1, 1]},
								"west": {"uv": [162, 58], "uv_size": [4, 1]},
								"up": {"uv": [162, 62], "uv_size": [1, 4]},
								"down": {"uv": [78, 166], "uv_size": [1, -4]}
							}
						}
					]
				},
				{
					"name": "barrel",
					"parent": "front_part",
					"pivot": [-0.02241, 22.04482, -27.11106]
				},
				{
					"name": "barrels",
					"parent": "barrel",
					"pivot": [-1, 16.51812, -26.07759],
					"cubes": [
						{
							"origin": [-1.29384, 21.16443, -43.53506],
							"size": [0.58768, 0.88095, 21.89903],
							"inflate": 0.001,
							"uv": {
								"north": {"uv": [182, 178], "uv_size": [1, 1]},
								"east": {"uv": [52, 36], "uv_size": [28, 1]},
								"south": {"uv": [182, 182], "uv_size": [1, 1]},
								"west": {"uv": [58, 22], "uv_size": [28, 1]},
								"up": {"uv": [6, 56], "uv_size": [1, 28]},
								"down": {"uv": [10, 84], "uv_size": [1, -28]}
							}
						},
						{
							"origin": [-1.39103, 22.04482, -43.53449],
							"size": [0.78207, 0.19552, 21.8979],
							"uv": {
								"north": {"uv": [76, 194], "uv_size": [1, 1]},
								"east": {"uv": [58, 32], "uv_size": [28, 1]},
								"south": {"uv": [194, 76], "uv_size": [1, 1]},
								"west": {"uv": [60, 10], "uv_size": [28, 1]},
								"up": {"uv": [14, 56], "uv_size": [1, 28]},
								"down": {"uv": [60, 68], "uv_size": [1, -28]}
							}
						},
						{
							"origin": [-1.58655, 22.24034, -43.53449],
							"size": [1.1731, 0.19552, 21.8979],
							"uv": {
								"north": {"uv": [68, 176], "uv_size": [2, 1]},
								"east": {"uv": [60, 14], "uv_size": [28, 1]},
								"south": {"uv": [176, 68], "uv_size": [2, 1]},
								"west": {"uv": [60, 18], "uv_size": [28, 1]},
								"up": {"uv": [26, 0], "uv_size": [2, 28]},
								"down": {"uv": [30, 28], "uv_size": [2, -28]}
							}
						},
						{
							"origin": [2.26806, 19.19961, -21.81255],
							"size": [0.32884, 0.56978, 0.19552],
							"pivot": [-1, 16.51812, -26.25356],
							"rotation": [0, 0, -45],
							"uv": {
								"north": {"uv": [194, 140], "uv_size": [1, 1]},
								"east": {"uv": [194, 144], "uv_size": [1, 1]},
								"south": {"uv": [194, 148], "uv_size": [1, 1]},
								"west": {"uv": [194, 152], "uv_size": [1, 1]},
								"up": {"uv": [194, 156], "uv_size": [1, 1]},
								"down": {"uv": [194, 161], "uv_size": [1, -1]}
							}
						},
						{
							"origin": [-4.5969, 19.19961, -21.81255],
							"size": [0.32884, 0.56978, 0.19552],
							"pivot": [-1, 16.51812, -26.25356],
							"rotation": [0, 0, 45],
							"uv": {
								"north": {"uv": [166, 194], "uv_size": [1, 1]},
								"east": {"uv": [194, 168], "uv_size": [1, 1]},
								"south": {"uv": [170, 194], "uv_size": [1, 1]},
								"west": {"uv": [194, 172], "uv_size": [1, 1]},
								"up": {"uv": [194, 176], "uv_size": [1, 1]},
								"down": {"uv": [180, 195], "uv_size": [1, -1]}
							}
						},
						{
							"origin": [-1.43991, 20.96948, -43.53449],
							"size": [0.87983, 0.19552, 21.8979],
							"uv": {
								"north": {"uv": [134, 194], "uv_size": [1, 1]},
								"east": {"uv": [64, 40], "uv_size": [28, 1]},
								"south": {"uv": [194, 136], "uv_size": [1, 1]},
								"west": {"uv": [64, 44], "uv_size": [28, 1]},
								"up": {"uv": [44, 62], "uv_size": [1, 28]},
								"down": {"uv": [18, 92], "uv_size": [1, -28]}
							}
						},
						{
							"origin": [-1.92871, 20.6762, -21.81255],
							"size": [1.85741, 0.2835, 0.19552],
							"uv": {
								"north": {"uv": [178, 150], "uv_size": [2, 1]},
								"east": {"uv": [198, 76], "uv_size": [1, 1]},
								"south": {"uv": [178, 154], "uv_size": [2, 1]},
								"west": {"uv": [80, 198], "uv_size": [1, 1]},
								"up": {"uv": [178, 158], "uv_size": [2, 1]},
								"down": {"uv": [178, 163], "uv_size": [2, -1]}
							}
						},
						{
							"origin": [-1.29328, 22.43586, -43.53449],
							"size": [0.58655, 0.19552, 21.8979],
							"uv": {
								"north": {"uv": [80, 194], "uv_size": [1, 1]},
								"east": {"uv": [62, 0], "uv_size": [28, 1]},
								"south": {"uv": [194, 80], "uv_size": [1, 1]},
								"west": {"uv": [62, 4], "uv_size": [28, 1]},
								"up": {"uv": [36, 62], "uv_size": [1, 28]},
								"down": {"uv": [40, 90], "uv_size": [1, -28]}
							}
						},
						{
							"origin": [-3.61039, 21.76053, -43.53449],
							"size": [0.09776, 0.29328, 21.8979],
							"pivot": [-1, 16.51812, -26.07759],
							"rotation": [0, 0, 22.5],
							"uv": {
								"north": {"uv": [194, 180], "uv_size": [1, 1]},
								"east": {"uv": [64, 48], "uv_size": [28, 1]},
								"south": {"uv": [194, 184], "uv_size": [1, 1]},
								"west": {"uv": [64, 52], "uv_size": [28, 1]},
								"up": {"uv": [22, 64], "uv_size": [1, 28]},
								"down": {"uv": [26, 92], "uv_size": [1, -28]}
							}
						},
						{
							"origin": [1.51263, 21.76053, -43.53449],
							"size": [0.09776, 0.29328, 21.8979],
							"pivot": [-1, 16.51812, -26.07759],
							"rotation": [0, 0, -22.5],
							"uv": {
								"north": {"uv": [194, 188], "uv_size": [1, 1]},
								"east": {"uv": [64, 56], "uv_size": [28, 1]},
								"south": {"uv": [194, 192], "uv_size": [1, 1]},
								"west": {"uv": [64, 60], "uv_size": [28, 1]},
								"up": {"uv": [30, 64], "uv_size": [1, 28]},
								"down": {"uv": [48, 92], "uv_size": [1, -28]}
							}
						},
						{
							"origin": [-24.84738, 22.48474, -32.71949],
							"size": [0.19552, 0.58655, 0.19552],
							"pivot": [-1, 16.51812, -8.8721],
							"rotation": [0, -45, 0],
							"uv": {
								"north": {"uv": [44, 190], "uv_size": [1, 1]},
								"east": {"uv": [52, 190], "uv_size": [1, 1]},
								"south": {"uv": [190, 52], "uv_size": [1, 1]},
								"west": {"uv": [56, 190], "uv_size": [1, 1]},
								"up": {"uv": [190, 56], "uv_size": [1, 1]},
								"down": {"uv": [60, 191], "uv_size": [1, -1]}
							}
						},
						{
							"origin": [-1.14664, 22.87577, -42.60579],
							"size": [0.29328, 0.29328, 0.29328],
							"pivot": [-1, 23.02241, -42.45915],
							"rotation": [0, -45, 0],
							"uv": {
								"north": {"uv": [190, 60], "uv_size": [1, 1]},
								"east": {"uv": [190, 64], "uv_size": [1, 1]},
								"south": {"uv": [76, 190], "uv_size": [1, 1]},
								"west": {"uv": [190, 76], "uv_size": [1, 1]},
								"up": {"uv": [80, 190], "uv_size": [1, 1]},
								"down": {"uv": [190, 81], "uv_size": [1, -1]}
							}
						},
						{
							"origin": [-5.72766, 18.48074, -25.93796],
							"size": [0.80986, 0.29328, 4.30137],
							"pivot": [-1, 16.51812, -26.07759],
							"rotation": [0, 0, 45],
							"uv": {
								"north": {"uv": [4, 184], "uv_size": [1, 1]},
								"east": {"uv": [138, 146], "uv_size": [6, 1]},
								"south": {"uv": [184, 4], "uv_size": [1, 1]},
								"west": {"uv": [146, 142], "uv_size": [6, 1]},
								"up": {"uv": [146, 146], "uv_size": [1, 6]},
								"down": {"uv": [148, 10], "uv_size": [1, -6]}
							}
						},
						{
							"origin": [-2.38251, 20.6762, -25.93796],
							"size": [0.80985, 0.29328, 4.30137],
							"uv": {
								"north": {"uv": [184, 8], "uv_size": [1, 1]},
								"east": {"uv": [14, 148], "uv_size": [6, 1]},
								"south": {"uv": [24, 184], "uv_size": [1, 1]},
								"west": {"uv": [22, 148], "uv_size": [6, 1]},
								"up": {"uv": [30, 148], "uv_size": [1, 6]},
								"down": {"uv": [34, 154], "uv_size": [1, -6]}
							}
						},
						{
							"origin": [-5.72766, 20.14263, -25.93796],
							"size": [0.80986, 0.29328, 4.30137],
							"pivot": [-1, 16.51812, -26.07759],
							"rotation": [0, 0, 45],
							"uv": {
								"north": {"uv": [28, 184], "uv_size": [1, 1]},
								"east": {"uv": [148, 88], "uv_size": [6, 1]},
								"south": {"uv": [32, 184], "uv_size": [1, 1]},
								"west": {"uv": [148, 100], "uv_size": [6, 1]},
								"up": {"uv": [38, 148], "uv_size": [1, 6]},
								"down": {"uv": [66, 154], "uv_size": [1, -6]}
							}
						},
						{
							"origin": [-2.38251, 22.3381, -25.93796],
							"size": [0.80985, 0.29328, 4.30137],
							"uv": {
								"north": {"uv": [184, 36], "uv_size": [1, 1]},
								"east": {"uv": [148, 112], "uv_size": [6, 1]},
								"south": {"uv": [184, 44], "uv_size": [1, 1]},
								"west": {"uv": [148, 116], "uv_size": [6, 1]},
								"up": {"uv": [148, 120], "uv_size": [1, 6]},
								"down": {"uv": [150, 32], "uv_size": [1, -6]}
							}
						},
						{
							"origin": [-4.63841, 19.0534, -25.93796],
							"size": [0.29328, 0.80986, 4.30137],
							"pivot": [-1, 16.51812, -26.07759],
							"rotation": [0, 0, 45],
							"uv": {
								"north": {"uv": [48, 184], "uv_size": [1, 1]},
								"east": {"uv": [148, 128], "uv_size": [6, 1]},
								"south": {"uv": [184, 48], "uv_size": [1, 1]},
								"west": {"uv": [148, 136], "uv_size": [6, 1]},
								"up": {"uv": [42, 150], "uv_size": [1, 6]},
								"down": {"uv": [46, 156], "uv_size": [1, -6]}
							}
						},
						{
							"origin": [-6.30031, 19.0534, -25.93796],
							"size": [0.29328, 0.80986, 4.30137],
							"pivot": [-1, 16.51812, -26.07759],
							"rotation": [0, 0, 45],
							"uv": {
								"north": {"uv": [66, 184], "uv_size": [1, 1]},
								"east": {"uv": [150, 12], "uv_size": [6, 1]},
								"south": {"uv": [184, 68], "uv_size": [1, 1]},
								"west": {"uv": [150, 34], "uv_size": [6, 1]},
								"up": {"uv": [50, 150], "uv_size": [1, 6]},
								"down": {"uv": [54, 156], "uv_size": [1, -6]}
							}
						},
						{
							"origin": [-2.95573, 21.2483, -25.93853],
							"size": [0.2944, 0.81098, 4.3025],
							"inflate": 0.001,
							"uv": {
								"north": {"uv": [70, 184], "uv_size": [1, 1]},
								"east": {"uv": [150, 42], "uv_size": [6, 1]},
								"south": {"uv": [184, 72], "uv_size": [1, 1]},
								"west": {"uv": [150, 60], "uv_size": [6, 1]},
								"up": {"uv": [58, 150], "uv_size": [1, 6]},
								"down": {"uv": [70, 156], "uv_size": [1, -6]}
							}
						},
						{
							"origin": [-5.68717, 18.57849, -43.53449],
							"size": [0.72887, 0.19552, 17.59653],
							"pivot": [-1, 16.51812, -26.07759],
							"rotation": [0, 0, 45],
							"uv": {
								"north": {"uv": [74, 184], "uv_size": [1, 1]},
								"east": {"uv": [52, 76], "uv_size": [23, 1]},
								"south": {"uv": [90, 184], "uv_size": [1, 1]},
								"west": {"uv": [76, 70], "uv_size": [23, 1]},
								"up": {"uv": [0, 66], "uv_size": [1, 23]},
								"down": {"uv": [78, 97], "uv_size": [1, -23]}
							}
						},
						{
							"origin": [-2.34203, 20.77396, -43.53449],
							"size": [0.72889, 0.19552, 17.59653],
							"uv": {
								"north": {"uv": [94, 184], "uv_size": [1, 1]},
								"east": {"uv": [52, 80], "uv_size": [23, 1]},
								"south": {"uv": [98, 184], "uv_size": [1, 1]},
								"west": {"uv": [80, 64], "uv_size": [23, 1]},
								"up": {"uv": [82, 74], "uv_size": [1, 23]},
								"down": {"uv": [52, 107], "uv_size": [1, -23]}
							}
						},
						{
							"origin": [-5.68717, 20.14263, -43.53449],
							"size": [0.72887, 0.19552, 17.59653],
							"pivot": [-1, 16.51812, -26.07759],
							"rotation": [0, 0, 45],
							"uv": {
								"north": {"uv": [184, 104], "uv_size": [1, 1]},
								"east": {"uv": [82, 36], "uv_size": [23, 1]},
								"south": {"uv": [108, 184], "uv_size": [1, 1]},
								"west": {"uv": [84, 26], "uv_size": [23, 1]},
								"up": {"uv": [56, 84], "uv_size": [1, 23]},
								"down": {"uv": [60, 107], "uv_size": [1, -23]}
							}
						},
						{
							"origin": [-2.34203, 22.3381, -43.53449],
							"size": [0.72889, 0.19552, 17.59653],
							"uv": {
								"north": {"uv": [112, 184], "uv_size": [1, 1]},
								"east": {"uv": [86, 74], "uv_size": [23, 1]},
								"south": {"uv": [116, 184], "uv_size": [1, 1]},
								"west": {"uv": [86, 78], "uv_size": [23, 1]},
								"up": {"uv": [64, 84], "uv_size": [1, 23]},
								"down": {"uv": [68, 107], "uv_size": [1, -23]}
							}
						},
						{
							"origin": [-4.63841, 19.09389, -43.53449],
							"size": [0.19552, 0.72887, 17.59653],
							"pivot": [-1, 16.51812, -26.07759],
							"rotation": [0, 0, 45],
							"uv": {
								"north": {"uv": [184, 116], "uv_size": [1, 1]},
								"east": {"uv": [86, 82], "uv_size": [23, 1]},
								"south": {"uv": [120, 184], "uv_size": [1, 1]},
								"west": {"uv": [86, 86], "uv_size": [23, 1]},
								"up": {"uv": [72, 84], "uv_size": [1, 23]},
								"down": {"uv": [4, 109], "uv_size": [1, -23]}
							}
						},
						{
							"origin": [-6.20255, 19.09389, -43.53449],
							"size": [0.19552, 0.72887, 17.59653],
							"pivot": [-1, 16.51812, -26.07759],
							"rotation": [0, 0, 45],
							"uv": {
								"north": {"uv": [184, 120], "uv_size": [1, 1]},
								"east": {"uv": [88, 22], "uv_size": [23, 1]},
								"south": {"uv": [124, 184], "uv_size": [1, 1]},
								"west": {"uv": [88, 30], "uv_size": [23, 1]},
								"up": {"uv": [8, 86], "uv_size": [1, 23]},
								"down": {"uv": [12, 109], "uv_size": [1, -23]}
							}
						},
						{
							"origin": [-2.85741, 21.28935, -43.53449],
							"size": [0.19552, 0.72889, 17.59653],
							"uv": {
								"north": {"uv": [128, 184], "uv_size": [1, 1]},
								"east": {"uv": [90, 8], "uv_size": [23, 1]},
								"south": {"uv": [184, 128], "uv_size": [1, 1]},
								"west": {"uv": [90, 12], "uv_size": [23, 1]},
								"up": {"uv": [86, 90], "uv_size": [1, 23]},
								"down": {"uv": [90, 113], "uv_size": [1, -23]}
							}
						},
						{
							"origin": [2.9178, 18.48074, -25.93796],
							"size": [0.80986, 0.29328, 4.30137],
							"pivot": [-1, 16.51812, -26.07759],
							"rotation": [0, 0, -45],
							"uv": {
								"north": {"uv": [142, 184], "uv_size": [1, 1]},
								"east": {"uv": [150, 64], "uv_size": [6, 1]},
								"south": {"uv": [146, 184], "uv_size": [1, 1]},
								"west": {"uv": [74, 150], "uv_size": [6, 1]},
								"up": {"uv": [150, 74], "uv_size": [1, 6]},
								"down": {"uv": [82, 156], "uv_size": [1, -6]}
							}
						},
						{
							"origin": [-0.42734, 20.6762, -25.93796],
							"size": [0.80985, 0.29328, 4.30137],
							"uv": {
								"north": {"uv": [150, 184], "uv_size": [1, 1]},
								"east": {"uv": [150, 92], "uv_size": [6, 1]},
								"south": {"uv": [154, 184], "uv_size": [1, 1]},
								"west": {"uv": [96, 150], "uv_size": [6, 1]},
								"up": {"uv": [86, 150], "uv_size": [1, 6]},
								"down": {"uv": [104, 156], "uv_size": [1, -6]}
							}
						},
						{
							"origin": [2.9178, 20.14263, -25.93796],
							"size": [0.80986, 0.29328, 4.30137],
							"pivot": [-1, 16.51812, -26.07759],
							"rotation": [0, 0, -45],
							"uv": {
								"north": {"uv": [158, 184], "uv_size": [1, 1]},
								"east": {"uv": [150, 96], "uv_size": [6, 1]},
								"south": {"uv": [162, 184], "uv_size": [1, 1]},
								"west": {"uv": [150, 104], "uv_size": [6, 1]},
								"up": {"uv": [138, 150], "uv_size": [1, 6]},
								"down": {"uv": [142, 156], "uv_size": [1, -6]}
							}
						},
						{
							"origin": [-0.42734, 22.3381, -25.93796],
							"size": [0.80985, 0.29328, 4.30137],
							"uv": {
								"north": {"uv": [184, 164], "uv_size": [1, 1]},
								"east": {"uv": [150, 146], "uv_size": [6, 1]},
								"south": {"uv": [166, 184], "uv_size": [1, 1]},
								"west": {"uv": [150, 150], "uv_size": [6, 1]},
								"up": {"uv": [0, 152], "uv_size": [1, 6]},
								"down": {"uv": [152, 10], "uv_size": [1, -6]}
							}
						},
						{
							"origin": [2.34514, 19.0534, -25.93796],
							"size": [0.29328, 0.80986, 4.30137],
							"pivot": [-1, 16.51812, -26.07759],
							"rotation": [0, 0, -45],
							"uv": {
								"north": {"uv": [178, 184], "uv_size": [1, 1]},
								"east": {"uv": [14, 152], "uv_size": [6, 1]},
								"south": {"uv": [0, 186], "uv_size": [1, 1]},
								"west": {"uv": [152, 16], "uv_size": [6, 1]},
								"up": {"uv": [22, 152], "uv_size": [1, 6]},
								"down": {"uv": [26, 158], "uv_size": [1, -6]}
							}
						},
						{
							"origin": [4.00703, 19.0534, -25.93796],
							"size": [0.29328, 0.80986, 4.30137],
							"pivot": [-1, 16.51812, -26.07759],
							"rotation": [0, 0, -45],
							"uv": {
								"north": {"uv": [186, 0], "uv_size": [1, 1]},
								"east": {"uv": [152, 20], "uv_size": [6, 1]},
								"south": {"uv": [8, 186], "uv_size": [1, 1]},
								"west": {"uv": [152, 54], "uv_size": [6, 1]},
								"up": {"uv": [118, 152], "uv_size": [1, 6]},
								"down": {"uv": [152, 126], "uv_size": [1, -6]}
							}
						},
						{
							"origin": [0.66133, 21.2483, -25.93853],
							"size": [0.2944, 0.81098, 4.3025],
							"inflate": 0.001,
							"uv": {
								"north": {"uv": [12, 186], "uv_size": [1, 1]},
								"east": {"uv": [152, 108], "uv_size": [6, 1]},
								"south": {"uv": [186, 12], "uv_size": [1, 1]},
								"west": {"uv": [152, 132], "uv_size": [6, 1]},
								"up": {"uv": [4, 154], "uv_size": [1, 6]},
								"down": {"uv": [8, 160], "uv_size": [1, -6]}
							}
						},
						{
							"origin": [2.9583, 18.57849, -43.53449],
							"size": [0.72887, 0.19552, 17.59653],
							"pivot": [-1, 16.51812, -26.07759],
							"rotation": [0, 0, -45],
							"uv": {
								"north": {"uv": [16, 186], "uv_size": [1, 1]},
								"east": {"uv": [90, 16], "uv_size": [23, 1]},
								"south": {"uv": [186, 16], "uv_size": [1, 1]},
								"west": {"uv": [92, 0], "uv_size": [23, 1]},
								"up": {"uv": [0, 92], "uv_size": [1, 23]},
								"down": {"uv": [34, 115], "uv_size": [1, -23]}
							}
						},
						{
							"origin": [-0.38686, 20.77396, -43.53449],
							"size": [0.72889, 0.19552, 17.59653],
							"uv": {
								"north": {"uv": [20, 186], "uv_size": [1, 1]},
								"east": {"uv": [92, 4], "uv_size": [23, 1]},
								"south": {"uv": [186, 20], "uv_size": [1, 1]},
								"west": {"uv": [94, 40], "uv_size": [23, 1]},
								"up": {"uv": [38, 92], "uv_size": [1, 23]},
								"down": {"uv": [42, 115], "uv_size": [1, -23]}
							}
						},
						{
							"origin": [2.9583, 20.14263, -43.53449],
							"size": [0.72887, 0.19552, 17.59653],
							"pivot": [-1, 16.51812, -26.07759],
							"rotation": [0, 0, -45],
							"uv": {
								"north": {"uv": [186, 24], "uv_size": [1, 1]},
								"east": {"uv": [94, 44], "uv_size": [23, 1]},
								"south": {"uv": [186, 28], "uv_size": [1, 1]},
								"west": {"uv": [94, 48], "uv_size": [23, 1]},
								"up": {"uv": [16, 94], "uv_size": [1, 23]},
								"down": {"uv": [20, 117], "uv_size": [1, -23]}
							}
						},
						{
							"origin": [-0.38686, 22.3381, -43.53449],
							"size": [0.72889, 0.19552, 17.59653],
							"uv": {
								"north": {"uv": [186, 32], "uv_size": [1, 1]},
								"east": {"uv": [94, 52], "uv_size": [23, 1]},
								"south": {"uv": [36, 186], "uv_size": [1, 1]},
								"west": {"uv": [94, 56], "uv_size": [23, 1]},
								"up": {"uv": [24, 94], "uv_size": [1, 23]},
								"down": {"uv": [28, 117], "uv_size": [1, -23]}
							}
						},
						{
							"origin": [2.4429, 19.09389, -43.53449],
							"size": [0.19552, 0.72887, 17.59653],
							"pivot": [-1, 16.51812, -26.07759],
							"rotation": [0, 0, -45],
							"uv": {
								"north": {"uv": [40, 186], "uv_size": [1, 1]},
								"east": {"uv": [94, 60], "uv_size": [23, 1]},
								"south": {"uv": [186, 40], "uv_size": [1, 1]},
								"west": {"uv": [94, 90], "uv_size": [23, 1]},
								"up": {"uv": [46, 94], "uv_size": [1, 23]},
								"down": {"uv": [94, 117], "uv_size": [1, -23]}
							}
						},
						{
							"origin": [4.00703, 19.09389, -43.53449],
							"size": [0.19552, 0.72887, 17.59653],
							"pivot": [-1, 16.51812, -26.07759],
							"rotation": [0, 0, -45],
							"uv": {
								"north": {"uv": [44, 186], "uv_size": [1, 1]},
								"east": {"uv": [98, 94], "uv_size": [23, 1]},
								"south": {"uv": [52, 186], "uv_size": [1, 1]},
								"west": {"uv": [98, 98], "uv_size": [23, 1]},
								"up": {"uv": [76, 100], "uv_size": [1, 23]},
								"down": {"uv": [80, 123], "uv_size": [1, -23]}
							}
						},
						{
							"origin": [0.66189, 21.28935, -43.53449],
							"size": [0.19552, 0.72889, 17.59653],
							"uv": {
								"north": {"uv": [186, 52], "uv_size": [1, 1]},
								"east": {"uv": [102, 68], "uv_size": [23, 1]},
								"south": {"uv": [56, 186], "uv_size": [1, 1]},
								"west": {"uv": [98, 102], "uv_size": [23, 1]},
								"up": {"uv": [98, 106], "uv_size": [1, 23]},
								"down": {"uv": [102, 129], "uv_size": [1, -23]}
							}
						}
					]
				},
				{
					"name": "steel",
					"parent": "barrel",
					"pivot": [-1.43458, 20.06522, -26.00954],
					"cubes": [
						{
							"origin": [-2.27086, 18.5744, -25.88908],
							"size": [2.54172, 2.19957, 4.25249],
							"uv": {
								"north": {"uv": [136, 130], "uv_size": [3, 3]},
								"east": {"uv": [118, 116], "uv_size": [5, 3]},
								"south": {"uv": [8, 138], "uv_size": [3, 3]},
								"west": {"uv": [16, 120], "uv_size": [5, 3]},
								"up": {"uv": [24, 120], "uv_size": [3, 5]},
								"down": {"uv": [120, 45], "uv_size": [3, -5]}
							}
						},
						{
							"origin": [-2.46694, 18.57383, -26.67172],
							"size": [2.93388, 2.20069, 0.7832],
							"inflate": 0.001,
							"uv": {
								"north": {"uv": [118, 128], "uv_size": [4, 3]},
								"east": {"uv": [66, 168], "uv_size": [1, 3]},
								"south": {"uv": [130, 64], "uv_size": [4, 3]},
								"west": {"uv": [90, 168], "uv_size": [1, 3]},
								"up": {"uv": [164, 8], "uv_size": [4, 1]},
								"down": {"uv": [10, 165], "uv_size": [4, -1]}
							}
						},
						{
							"origin": [-1.90359, 18.5744, -25.15181],
							"size": [0.3666, 2.19957, 0.2444],
							"pivot": [-1, 16.51812, -26.07759],
							"rotation": [0, -45, 0],
							"uv": {
								"north": {"uv": [150, 170], "uv_size": [1, 3]},
								"east": {"uv": [170, 160], "uv_size": [1, 3]},
								"south": {"uv": [162, 170], "uv_size": [1, 3]},
								"west": {"uv": [166, 170], "uv_size": [1, 3]},
								"up": {"uv": [194, 96], "uv_size": [1, 1]},
								"down": {"uv": [100, 195], "uv_size": [1, -1]}
							}
						},
						{
							"origin": [-0.46302, 18.5744, -25.15181],
							"size": [0.3666, 2.19957, 0.2444],
							"pivot": [-1, 16.51812, -26.07759],
							"rotation": [0, 45, 0],
							"uv": {
								"north": {"uv": [116, 170], "uv_size": [1, 3]},
								"east": {"uv": [142, 170], "uv_size": [1, 3]},
								"south": {"uv": [170, 144], "uv_size": [1, 3]},
								"west": {"uv": [146, 170], "uv_size": [1, 3]},
								"up": {"uv": [194, 88], "uv_size": [1, 1]},
								"down": {"uv": [194, 93], "uv_size": [1, -1]}
							}
						},
						{
							"origin": [-2.56414, 17.48951, -23.49165],
							"size": [3.12827, 0.73319, 0.73319],
							"pivot": [-1, 16.51812, -26.07759],
							"rotation": [45, 0, 0],
							"uv": {
								"north": {"uv": [166, 24], "uv_size": [4, 1]},
								"east": {"uv": [84, 194], "uv_size": [1, 1]},
								"south": {"uv": [166, 28], "uv_size": [4, 1]},
								"west": {"uv": [194, 84], "uv_size": [1, 1]},
								"up": {"uv": [166, 32], "uv_size": [4, 1]},
								"down": {"uv": [40, 167], "uv_size": [4, -1]}
							}
						}
					]
				},
				{
					"name": "bullet_1",
					"parent": "front_part",
					"pivot": [-0.02241, 21.65379, -22.56529],
					"cubes": [
						{
							"origin": [-0.26537, 21.06724, -25.54693],
							"size": [0.48591, 1.1731, 3.91034],
							"pivot": [-0.02241, 21.65379, -22.41866],
							"rotation": [0, 0, -45],
							"uv": {
								"north": {"uv": [58, 178], "uv_size": [1, 2]},
								"up": {"uv": [58, 158], "uv_size": [1, 5]},
								"down": {"uv": [158, 63], "uv_size": [1, -5]}
							}
						},
						{
							"origin": [-0.26537, 21.06724, -25.54693],
							"size": [0.48591, 1.1731, 3.91034],
							"uv": {
								"north": {"uv": [178, 60], "uv_size": [1, 2]},
								"up": {"uv": [70, 158], "uv_size": [1, 5]},
								"down": {"uv": [74, 163], "uv_size": [1, -5]}
							}
						},
						{
							"origin": [-0.60897, 21.41083, -25.54693],
							"size": [1.1731, 0.48591, 3.91034],
							"pivot": [-0.02241, 21.65379, -22.41866],
							"rotation": [0, 0, -45],
							"uv": {
								"north": {"uv": [62, 178], "uv_size": [2, 1]},
								"east": {"uv": [158, 12], "uv_size": [5, 1]},
								"west": {"uv": [158, 32], "uv_size": [5, 1]}
							}
						},
						{
							"origin": [-0.60897, 21.41083, -25.54693],
							"size": [1.1731, 0.48591, 3.91034],
							"uv": {
								"north": {"uv": [178, 64], "uv_size": [2, 1]},
								"east": {"uv": [158, 42], "uv_size": [5, 1]},
								"west": {"uv": [78, 158], "uv_size": [5, 1]}
							}
						},
						{
							"origin": [-0.30587, 20.96948, -21.63659],
							"size": [0.56691, 1.36862, 0.19552],
							"pivot": [-0.02241, 21.65379, -20.85452],
							"rotation": [0, 0, -45],
							"uv": {
								"north": {"uv": [178, 76], "uv_size": [1, 2]},
								"south": {"uv": [80, 178], "uv_size": [1, 2]},
								"up": {"uv": [198, 20], "uv_size": [1, 1]},
								"down": {"uv": [198, 25], "uv_size": [1, -1]}
							}
						},
						{
							"origin": [-0.30587, 20.96948, -21.63659],
							"size": [0.56691, 1.36862, 0.19552],
							"uv": {
								"north": {"uv": [178, 80], "uv_size": [1, 2]},
								"south": {"uv": [84, 178], "uv_size": [1, 2]},
								"up": {"uv": [198, 28], "uv_size": [1, 1]},
								"down": {"uv": [198, 33], "uv_size": [1, -1]}
							}
						},
						{
							"origin": [-0.70672, 21.37034, -21.63659],
							"size": [1.36862, 0.56691, 0.19552],
							"pivot": [-0.02241, 21.65379, -20.85452],
							"rotation": [0, 0, -45],
							"uv": {
								"north": {"uv": [178, 84], "uv_size": [2, 1]},
								"east": {"uv": [36, 198], "uv_size": [1, 1]},
								"south": {"uv": [88, 178], "uv_size": [2, 1]},
								"west": {"uv": [40, 198], "uv_size": [1, 1]}
							}
						},
						{
							"origin": [-0.70672, 21.37034, -21.63659],
							"size": [1.36862, 0.56691, 0.19552],
							"uv": {
								"north": {"uv": [178, 88], "uv_size": [2, 1]},
								"east": {"uv": [198, 40], "uv_size": [1, 1]},
								"south": {"uv": [178, 92], "uv_size": [2, 1]},
								"west": {"uv": [44, 198], "uv_size": [1, 1]}
							}
						}
					]
				},
				{
					"name": "bullet_2",
					"parent": "front_part",
					"pivot": [-1.97759, 21.65379, -22.56529],
					"cubes": [
						{
							"origin": [-2.22054, 21.06724, -25.54693],
							"size": [0.48591, 1.1731, 3.91034],
							"pivot": [-1.97759, 21.65379, -22.41866],
							"rotation": [0, 0, 45],
							"uv": {
								"north": {"uv": [178, 96], "uv_size": [1, 2]},
								"up": {"uv": [86, 158], "uv_size": [1, 5]},
								"down": {"uv": [158, 95], "uv_size": [1, -5]}
							}
						},
						{
							"origin": [-2.22054, 21.06724, -25.54693],
							"size": [0.48591, 1.1731, 3.91034],
							"uv": {
								"north": {"uv": [178, 100], "uv_size": [1, 2]},
								"up": {"uv": [94, 158], "uv_size": [1, 5]},
								"down": {"uv": [98, 163], "uv_size": [1, -5]}
							}
						},
						{
							"origin": [-2.56414, 21.41083, -25.54693],
							"size": [1.1731, 0.48591, 3.91034],
							"pivot": [-1.97759, 21.65379, -22.41866],
							"rotation": [0, 0, 45],
							"uv": {
								"north": {"uv": [106, 178], "uv_size": [2, 1]},
								"east": {"uv": [158, 104], "uv_size": [5, 1]},
								"west": {"uv": [138, 158], "uv_size": [5, 1]}
							}
						},
						{
							"origin": [-2.56414, 21.41083, -25.54693],
							"size": [1.1731, 0.48591, 3.91034],
							"uv": {
								"north": {"uv": [178, 108], "uv_size": [2, 1]},
								"east": {"uv": [158, 144], "uv_size": [5, 1]},
								"west": {"uv": [146, 158], "uv_size": [5, 1]}
							}
						},
						{
							"origin": [-2.26104, 20.96948, -21.63659],
							"size": [0.56691, 1.36862, 0.19552],
							"pivot": [-1.97759, 21.65379, -20.85452],
							"rotation": [0, 0, 45],
							"uv": {
								"north": {"uv": [178, 112], "uv_size": [1, 2]},
								"south": {"uv": [178, 124], "uv_size": [1, 2]},
								"up": {"uv": [52, 198], "uv_size": [1, 1]},
								"down": {"uv": [198, 53], "uv_size": [1, -1]}
							}
						},
						{
							"origin": [-2.26104, 20.96948, -21.63659],
							"size": [0.56691, 1.36862, 0.19552],
							"uv": {
								"north": {"uv": [134, 178], "uv_size": [1, 2]},
								"south": {"uv": [178, 134], "uv_size": [1, 2]},
								"up": {"uv": [56, 198], "uv_size": [1, 1]},
								"down": {"uv": [198, 57], "uv_size": [1, -1]}
							}
						},
						{
							"origin": [-2.66189, 21.37034, -21.63659],
							"size": [1.36862, 0.56691, 0.19552],
							"pivot": [-1.97759, 21.65379, -20.85452],
							"rotation": [0, 0, 45],
							"uv": {
								"north": {"uv": [138, 178], "uv_size": [2, 1]},
								"east": {"uv": [60, 198], "uv_size": [1, 1]},
								"south": {"uv": [178, 138], "uv_size": [2, 1]},
								"west": {"uv": [198, 60], "uv_size": [1, 1]}
							}
						},
						{
							"origin": [-2.66189, 21.37034, -21.63659],
							"size": [1.36862, 0.56691, 0.19552],
							"uv": {
								"north": {"uv": [178, 142], "uv_size": [2, 1]},
								"east": {"uv": [198, 64], "uv_size": [1, 1]},
								"south": {"uv": [178, 146], "uv_size": [2, 1]},
								"west": {"uv": [76, 198], "uv_size": [1, 1]}
							}
						}
					]
				},
				{
					"name": "positioning2",
					"parent": "Db",
					"pivot": [-1, 18.33, -15.9666]
				},
				{
					"name": "muzzle_flash",
					"parent": "positioning2",
					"pivot": [-1, 21.65379, -49.79104]
				},
				{
					"name": "leftHand",
					"parent": "root2",
					"pivot": [-10.38482, 37.09963, -13.81591]
				},
				{
					"name": "lefthand_pos",
					"parent": "leftHand",
					"pivot": [-1, 19.89414, -13.81591],
					"cubes": [
						{"origin": [-11.94895, 19.89414, -16.94418], "size": [4.69241, 18.76963, 6.25654], "uv": [242, 240]}
					]
				}
			]
		}
	]
}