{
	"format_version": "1.12.0",
	"minecraft:geometry": [
		{
			"description": {
				"identifier": "geometry.bullet",
				"texture_width": 16,
				"texture_height": 16,
				"visible_bounds_width": 2,
				"visible_bounds_height": 1.5,
				"visible_bounds_offset": [0, 0.25, 0]
			},
			"bones": [
				{
					"name": "body",
					"pivot": [0.5, 0, 0],
					"cubes": [
						{
							"origin": [-0.5, 0, -2],
							"size": [1, 1, 4],
							"uv": {
								"north": {"uv": [0, 0], "uv_size": [1, 1]},
								"east": {"uv": [0, 0], "uv_size": [4, 1]},
								"south": {"uv": [0, 0], "uv_size": [1, 1]},
								"west": {"uv": [0, 0], "uv_size": [4, 1]},
								"up": {"uv": [1, 4], "uv_size": [-1, -4]},
								"down": {"uv": [1, 4], "uv_size": [-1, -4]}
							}
						}
					]
				}
			]
		}
	]
}