{
	"format_version": "1.12.0",
	"minecraft:geometry": [
		{
			"description": {
				"identifier": "geometry.scope4x",
				"texture_width": 32,
				"texture_height": 32,
				"visible_bounds_width": 3,
				"visible_bounds_height": 5,
				"visible_bounds_offset": [
					0,
					0.5,
					0
				]
			},
			"bones": [
				{
					"name": "root",
					"pivot": [
						0,
						0,
						0
					]
				},
				{
					"name": "waist",
					"parent": "root",
					"pivot": [
						0,
						12,
						0
					]
				},
				{
					"name": "body",
					"parent": "waist",
					"pivot": [
						0,
						24,
						0
					]
				},
				{
					"name": "head",
					"parent": "body",
					"pivot": [
						0,
						24,
						0
					]
				},
				{
					"name": "hat",
					"parent": "head",
					"pivot": [
						0,
						24,
						0
					]
				},
				{
					"name": "cape",
					"parent": "body",
					"pivot": [
						0,
						24,
						3
					]
				},
				{
					"name": "leftArm",
					"parent": "body",
					"pivot": [
						5,
						22,
						0
					],
					"cubes": [
						{
							"origin": [
								4,
								12,
								-2
							],
							"size": [
								4,
								12,
								4
							],
							"uv": {
								"north": {
									"uv": [
										91,
										96
									],
									"uv_size": [
										2,
										-3
									]
								},
								"east": {
									"uv": [
										91,
										96
									],
									"uv_size": [
										2,
										-3
									]
								},
								"south": {
									"uv": [
										91,
										96
									],
									"uv_size": [
										2,
										-3
									]
								},
								"west": {
									"uv": [
										91,
										96
									],
									"uv_size": [
										2,
										-3
									]
								},
								"up": {
									"uv": [
										93,
										93
									],
									"uv_size": [
										-2,
										3
									]
								},
								"down": {
									"uv": [
										93,
										93
									],
									"uv_size": [
										-2,
										3
									]
								}
							}
						}
					]
				},
				{
					"name": "leftSleeve",
					"parent": "leftArm",
					"pivot": [
						5,
						22,
						0
					]
				},
				{
					"name": "leftItem",
					"parent": "leftArm",
					"pivot": [
						6,
						15,
						1
					]
				},
				{
					"name": "leftArmArmor",
					"parent": "leftArm",
					"pivot": [
						5,
						22,
						0
					]
				},
				{
					"name": "rightArm",
					"parent": "body",
					"pivot": [
						-5,
						22,
						0
					],
					"cubes": [
						{
							"origin": [
								-8,
								12,
								-2
							],
							"size": [
								4,
								12,
								4
							],
							"uv": {
								"north": {
									"uv": [
										91,
										96
									],
									"uv_size": [
										2,
										-3
									]
								},
								"east": {
									"uv": [
										91,
										96
									],
									"uv_size": [
										2,
										-3
									]
								},
								"south": {
									"uv": [
										91,
										96
									],
									"uv_size": [
										2,
										-3
									]
								},
								"west": {
									"uv": [
										91,
										96
									],
									"uv_size": [
										2,
										-3
									]
								},
								"up": {
									"uv": [
										93,
										93
									],
									"uv_size": [
										-2,
										3
									]
								},
								"down": {
									"uv": [
										93,
										93
									],
									"uv_size": [
										-2,
										3
									]
								}
							}
						}
					]
				},
				{
					"name": "rightSleeve",
					"parent": "rightArm",
					"pivot": [
						-5,
						22,
						0
					]
				},
				{
					"name": "rightItem",
					"parent": "rightArm",
					"pivot": [
						-6,
						15,
						1
					],
					"locators": {
						"lead_hold": [
							-6,
							15,
							1
						]
					}
				},
				{
					"name": "rightArmArmor",
					"parent": "rightArm",
					"pivot": [
						-5,
						22,
						0
					]
				},
				{
					"name": "jacket",
					"parent": "body",
					"pivot": [
						0,
						24,
						0
					]
				},
				{
					"name": "helmet",
					"parent": "body",
					"pivot": [
						0,
						24,
						0
					]
				},
				{
					"name": "bodyArmor",
					"parent": "body",
					"pivot": [
						0,
						24,
						0
					]
				},
				{
					"name": "belt",
					"parent": "body",
					"pivot": [
						0,
						24,
						0
					]
				},
				{
					"name": "leftLeg",
					"parent": "root",
					"pivot": [
						1.9,
						12,
						0
					]
				},
				{
					"name": "leftLegging",
					"parent": "leftLeg",
					"pivot": [
						1.9,
						12,
						0
					]
				},
				{
					"name": "leftBoot",
					"parent": "leftLeg",
					"pivot": [
						1.9,
						12,
						0
					]
				},
				{
					"name": "leftSock",
					"parent": "leftLeg",
					"pivot": [
						1.9,
						12,
						0
					]
				},
				{
					"name": "rightLeg",
					"parent": "root",
					"pivot": [
						-1.9,
						12,
						0
					]
				},
				{
					"name": "rightLegging",
					"parent": "rightLeg",
					"pivot": [
						-1.9,
						12,
						0
					]
				},
				{
					"name": "rightBoot",
					"parent": "rightLeg",
					"pivot": [
						-1.9,
						12,
						0
					]
				},
				{
					"name": "rightSock",
					"parent": "rightLeg",
					"pivot": [
						-1.9,
						12,
						0
					]
				},
				{
					"name": "scope",
					"pivot": [
						0,
						24,
						0
					],
					"cubes": [
						{
							"origin": [
								-5.2,
								22.15,
								5
							],
							"size": [
								10.4,
								10.4,
								0
							],
							"uv": {
								"north": {
									"uv": [
										0,
										0
									],
									"uv_size": [
										32,
										32
									]
								},
								"east": {
									"uv": [
										0,
										0
									],
									"uv_size": [
										32,
										32
									]
								},
								"south": {
									"uv": [
										0,
										0
									],
									"uv_size": [
										0,
										0
									]
								},
								"west": {
									"uv": [
										0,
										0
									],
									"uv_size": [
										32,
										32
									]
								},
								"up": {
									"uv": [
										32,
										32
									],
									"uv_size": [
										-32,
										-32
									]
								},
								"down": {
									"uv": [
										0,
										32
									],
									"uv_size": [
										32,
										-32
									]
								}
							}
						}
					]
				}
			]
		}
	]
}