{
	"format_version": "1.12.0",
	"minecraft:geometry": [
		{
			"description": {
				"identifier": "geometry.scope",
				"texture_width": 64,
				"texture_height": 32,
				"visible_bounds_width": 5,
				"visible_bounds_height": 6,
				"visible_bounds_offset": [
					0,
					1,
					0
				]
			},
			"bones": [
				{
					"name": "scope",
					"pivot": [
						0,
						24,
						0
					],
					"cubes": [
						{
							"origin": [
								-27,
								14,
								6
							],
							"size": [
								22,
								27,
								0
							],
							"uv": {
								"north": {
									"uv": [
										62,
										26
									],
									"uv_size": [
										0,
										3
									]
								},
								"east": {
									"uv": [
										62,
										26
									],
									"uv_size": [
										0,
										3
									]
								},
								"south": {
									"uv": [
										62,
										26
									],
									"uv_size": [
										0,
										3
									]
								},
								"west": {
									"uv": [
										62,
										26
									],
									"uv_size": [
										0,
										3
									]
								},
								"up": {
									"uv": [
										62,
										29
									],
									"uv_size": [
										0,
										-3
									]
								},
								"down": {
									"uv": [
										62,
										29
									],
									"uv_size": [
										0,
										-3
									]
								}
							}
						},
						{
							"origin": [
								-9,
								32.3,
								6
							],
							"size": [
								18,
								9,
								0
							],
							"uv": {
								"north": {
									"uv": [
										60,
										30
									],
									"uv_size": [
										-1,
										2
									]
								},
								"east": {
									"uv": [
										60,
										30
									],
									"uv_size": [
										-1,
										2
									]
								},
								"south": {
									"uv": [
										60,
										30
									],
									"uv_size": [
										-1,
										2
									]
								},
								"west": {
									"uv": [
										60,
										30
									],
									"uv_size": [
										-1,
										2
									]
								},
								"up": {
									"uv": [
										59,
										32
									],
									"uv_size": [
										1,
										-2
									]
								},
								"down": {
									"uv": [
										59,
										32
									],
									"uv_size": [
										1,
										-2
									]
								}
							}
						},
						{
							"origin": [
								5,
								14,
								6
							],
							"size": [
								22,
								27,
								0
							],
							"uv": {
								"north": {
									"uv": [
										60,
										30
									],
									"uv_size": [
										-1,
										2
									]
								},
								"east": {
									"uv": [
										60,
										30
									],
									"uv_size": [
										-1,
										2
									]
								},
								"south": {
									"uv": [
										60,
										30
									],
									"uv_size": [
										-1,
										2
									]
								},
								"west": {
									"uv": [
										60,
										30
									],
									"uv_size": [
										-1,
										2
									]
								},
								"up": {
									"uv": [
										59,
										32
									],
									"uv_size": [
										1,
										-2
									]
								},
								"down": {
									"uv": [
										59,
										32
									],
									"uv_size": [
										1,
										-2
									]
								}
							}
						},
						{
							"origin": [
								-9,
								13.5,
								6
							],
							"size": [
								18,
								9,
								0
							],
							"uv": {
								"north": {
									"uv": [
										60,
										30
									],
									"uv_size": [
										-1,
										2
									]
								},
								"east": {
									"uv": [
										60,
										30
									],
									"uv_size": [
										-1,
										2
									]
								},
								"south": {
									"uv": [
										60,
										30
									],
									"uv_size": [
										-1,
										2
									]
								},
								"west": {
									"uv": [
										60,
										30
									],
									"uv_size": [
										-1,
										2
									]
								},
								"up": {
									"uv": [
										59,
										32
									],
									"uv_size": [
										1,
										-2
									]
								},
								"down": {
									"uv": [
										59,
										32
									],
									"uv_size": [
										1,
										-2
									]
								}
							}
						},
						{
							"origin": [
								-5,
								22.5,
								6
							],
							"size": [
								10,
								10,
								0
							],
							"uv": {
								"north": {
									"uv": [
										0,
										0
									],
									"uv_size": [
										64,
										32
									]
								},
								"east": {
									"uv": [
										0,
										0
									],
									"uv_size": [
										64,
										32
									]
								},
								"south": {
									"uv": [
										28,
										11
									],
									"uv_size": [
										-1,
										0
									]
								},
								"west": {
									"uv": [
										0,
										0
									],
									"uv_size": [
										64,
										32
									]
								},
								"up": {
									"uv": [
										64,
										32
									],
									"uv_size": [
										-64,
										-32
									]
								},
								"down": {
									"uv": [
										0,
										32
									],
									"uv_size": [
										64,
										-32
									]
								}
							}
						}
					]
				}
			]
		}
	]
}