{
	"format_version": "1.10.0",
	"animation_controllers": {
		"controller.animation.pm3.fp": {
			"initial_state": "hold",
			"states": {
				"hold": {
					"blend_transition": 0.1,
					"blend_via_shortest_path": true,
					"animations": [
						{
							"pm3_fp_hold": "variable.pm3"
						}
					],
					"transitions": [
						{
							"sprint": "variable.pm3&&query.is_sprinting&&!q.is_using_item"
						},
						{
							"reload": "variable.pm3emp&&query.mark_variant==1"
						},
						{
							"sight": "variable.pm3&&query.is_sneaking&&q.property('krep:pm3scope')!=0"
						},
						{
							"hold": "!variable.pm3"
						}
					]
				},
				"sprint": {
					"blend_transition": 0.1,
					"blend_via_shortest_path": true,
					"animations": [
						{
							"pm3_fp_sprint": "variable.pm3"
						}
					],
					"transitions": [
						{
							"hold": "variable.pm3&&!query.is_sprinting"
						},
						{
							"reload": "variable.pm3emp&&query.mark_variant==1"
						},
						{
							"hold": "variable.pm3&&q.is_using_item"
						},
						{
							"hold": "!variable.pm3"
						},
						{
							"sight": "variable.pm3&&query.is_sneaking&&q.property('krep:pm3scope')!=0"
						}
					]
				},
				"reload": {
					"blend_transition": 0.1,
					"blend_via_shortest_path": true,
					"animations": [
						{
							"pm3_fp_reload": "variable.pm3"
						}
					],
					"transitions": [
						{
							"hold": "variable.pm3&&query.all_animations_finished"
						},
						{
							"hold": "!variable.pm3"
						}
					]
				},
				"sight": {
					"blend_transition": 0.1,
					"blend_via_shortest_path": true,
					"animations": [
						{
							"pm3_fp_sight": "variable.pm3&&q.property('krep:pm3scope')==2"
						},
						{
							"pm3_fp_sight_holo512": "variable.pm3&&q.property('krep:pm3scope')==1"
						}
					],
					"transitions": [
						{
							"hold": "variable.pm3&&!query.is_sneaking"
						},
						{
							"hold": "!variable.pm3"
						},
						{
							"hold": "v.pm3&&q.property('krep:pm3scope')==0"
						},
						{
							"reload": "variable.pm3emp&&query.mark_variant==1"
						}
					]
				}
			}
		},
		"controller.animation.gunwalking.pm3": {
			"initial_state": "setup",
			"states": {
				"setup": {
					"blend_transition": 0.1,
					"blend_via_shortest_path": true,
					"animations": [
						{
							"gunwalk_delay": "variable.pm3"
						}
					],
					"transitions": [
						{
							"walking": "variable.pm3&&query.is_moving&&!q.is_sneaking&&q.any_animation_finished"
						}
					]
				},
				"walking": {
					"blend_transition": 0.5,
					"blend_via_shortest_path": true,
					"animations": [
						{
							"gunwalk": "variable.pm3"
						}
					],
					"transitions": [
						{
							"setup": "!query.is_moving"
						},
						{
							"setup": "!variable.pm3"
						},
						{
							"setup": "q.is_sneaking"
						}
					]
				}
			}
		}
	}
}