{
	"format_version": "1.19.10",
	"minecraft:entity": {
		"description": {
			"identifier": "bullet:ss2",
			"is_spawnable": false,
			"is_summonable": true,
			"is_experimental": false,
			"runtime_identifier": "minecraft:snowball"
		},
		"components": {
			"minecraft:collision_box": {
				"width": 0.1,
				"height": 0.1
			},
			"minecraft:type_family": {
				"family": [
					"bullet"
				]
			},
			"minecraft:explode": {
				"fuseLength": 4,
				"fuse_lit": true,
				"power": 0,
				"fire_affected_by_griefing": true,
				"destroy_affected_by_griefing": true
			},
			"minecraft:projectile": {
				"on_hit": {
					"impact_damage": {
						"damage": 70,
						"knockback": false
					},
					"remove_on_hit": {}
				},
				"uncertaintyBase": 1.6,
				"power": 10,
				"offset": [
					0,
					0,
					0
				],
				"inertia": 1,
				"liquid_inertia": 0.0001,
				"should_bounce": true,
				"gravity": 0.142,
				"anchor": 1
			},
			"minecraft:physics": {}
		},
		"events": {
			"minecraft:entity_spawned": {
				"queue_command": {
					"command": [
						"playanimation @e[type=enpisi:tni, r=1] animation.enpisi.ss2.shoot",
						"event entity @e[type=enpisi:tni, r=0.5] krep:ss2_shoot",
						"event entity @e[type=enpisi:tni, r=0.5] krep:ammo",
						"playsound ss2v1.shoot @a[r=30]"
					]
				}
			}
		}
	}
}