{
	"format_version": "1.10.0",
	"animation_controllers": {
		"controller.animation.pm3": {
			"initial_state": "setup",
			"states": {
				"setup": {
					"transitions": [
						{
							"pm3.30": "query.get_equipped_item_name=='pm3'&&query.is_using_item"
						},
						{
							"reload": "query.get_equipped_item_name=='pm3_emp'&&query.mark_variant==3&&query.is_using_item"
						}
					]
				},
				"pm3.30": {
					"animations": [
						"pm3shoot"
					],
					"transitions": [
						{
							"delay.16": "query.all_animations_finished"
						}
					],
					"on_entry": [
						"@s krep:pm3",
						"/title @s actionbar \n------\n§l 16/17",
						"/playsound pm3.shoot @a[r=90]"
					]
				},
				"delay.16": {
					"transitions": [
						{
							"pm3.16": "query.get_equipped_item_name=='pm3'&&query.is_using_item"
						},
						{
							"reload": "query.get_equipped_item_name=='pm3_emp'&&query.mark_variant==3&&query.is_using_item"
						}
					]
				},
				"pm3.16": {
					"animations": [
						"pm3shoot"
					],
					"transitions": [
						{
							"delay.15": "query.all_animations_finished"
						}
					],
					"on_entry": [
						"@s krep:pm3",
						"/title @s actionbar \n------\n§l 15/17",
						"/playsound pm3.shoot @a[r=90]"
					]
				},
				"delay.15": {
					"transitions": [
						{
							"pm3.15": "query.get_equipped_item_name=='pm3'&&query.is_using_item"
						},
						{
							"reload": "query.get_equipped_item_name=='pm3_emp'&&query.mark_variant==3&&query.is_using_item"
						}
					]
				},
				"pm3.15": {
					"animations": [
						"pm3shoot"
					],
					"transitions": [
						{
							"delay.14": "query.all_animations_finished"
						}
					],
					"on_entry": [
						"@s krep:pm3",
						"/title @s actionbar \n------\n§l 14/17",
						"/playsound pm3.shoot @a[r=90]"
					]
				},
				"delay.14": {
					"transitions": [
						{
							"pm3.14": "query.get_equipped_item_name=='pm3'&&query.is_using_item"
						},
						{
							"reload": "query.get_equipped_item_name=='pm3_emp'&&query.mark_variant==3&&query.is_using_item"
						}
					]
				},
				"pm3.14": {
					"animations": [
						"pm3shoot"
					],
					"transitions": [
						{
							"delay.13": "query.all_animations_finished"
						}
					],
					"on_entry": [
						"@s krep:pm3",
						"/title @s actionbar \n------\n§l 13/17",
						"/playsound pm3.shoot @a[r=90]"
					]
				},
				"delay.13": {
					"transitions": [
						{
							"pm3.13": "query.get_equipped_item_name=='pm3'&&query.is_using_item"
						},
						{
							"reload": "query.get_equipped_item_name=='pm3_emp'&&query.mark_variant==3&&query.is_using_item"
						}
					]
				},
				"pm3.13": {
					"animations": [
						"pm3shoot"
					],
					"transitions": [
						{
							"delay.12": "query.all_animations_finished"
						}
					],
					"on_entry": [
						"@s krep:pm3",
						"/title @s actionbar \n------\n§l 12/17",
						"/playsound pm3.shoot @a[r=90]"
					]
				},
				"delay.12": {
					"transitions": [
						{
							"pm3.12": "query.get_equipped_item_name=='pm3'&&query.is_using_item"
						},
						{
							"reload": "query.get_equipped_item_name=='pm3_emp'&&query.mark_variant==3&&query.is_using_item"
						}
					]
				},
				"pm3.12": {
					"animations": [
						"pm3shoot"
					],
					"transitions": [
						{
							"delay.11": "query.all_animations_finished"
						}
					],
					"on_entry": [
						"@s krep:pm3",
						"/title @s actionbar \n------\n§l 11/17",
						"/playsound pm3.shoot @a[r=90]"
					]
				},
				"delay.11": {
					"transitions": [
						{
							"pm3.11": "query.get_equipped_item_name=='pm3'&&query.is_using_item"
						},
						{
							"reload": "query.get_equipped_item_name=='pm3_emp'&&query.mark_variant==3&&query.is_using_item"
						}
					]
				},
				"pm3.11": {
					"animations": [
						"pm3shoot"
					],
					"transitions": [
						{
							"delay.10": "query.all_animations_finished"
						}
					],
					"on_entry": [
						"@s krep:pm3",
						"/title @s actionbar \n------\n§l 10/17",
						"/playsound pm3.shoot @a[r=90]"
					]
				},
				"delay.10": {
					"transitions": [
						{
							"pm3.10": "query.get_equipped_item_name=='pm3'&&query.is_using_item"
						},
						{
							"reload": "query.get_equipped_item_name=='pm3_emp'&&query.mark_variant==3&&query.is_using_item"
						}
					]
				},
				"pm3.10": {
					"animations": [
						"pm3shoot"
					],
					"transitions": [
						{
							"delay.9": "query.all_animations_finished"
						}
					],
					"on_entry": [
						"@s krep:pm3",
						"/title @s actionbar \n------\n§l 9/17",
						"/playsound pm3.shoot @a[r=90]"
					]
				},
				"delay.9": {
					"transitions": [
						{
							"pm3.9": "query.get_equipped_item_name=='pm3'&&query.is_using_item"
						},
						{
							"reload": "query.get_equipped_item_name=='pm3_emp'&&query.mark_variant==3&&query.is_using_item"
						}
					]
				},
				"pm3.9": {
					"animations": [
						"pm3shoot"
					],
					"transitions": [
						{
							"delay.8": "query.all_animations_finished"
						}
					],
					"on_entry": [
						"@s krep:pm3",
						"/title @s actionbar \n------\n§l 8/17",
						"/playsound pm3.shoot @a[r=90]"
					]
				},
				"delay.8": {
					"transitions": [
						{
							"pm3.8": "query.get_equipped_item_name=='pm3'&&query.is_using_item"
						},
						{
							"reload": "query.get_equipped_item_name=='pm3_emp'&&query.mark_variant==3&&query.is_using_item"
						}
					]
				},
				"pm3.8": {
					"animations": [
						"pm3shoot"
					],
					"transitions": [
						{
							"delay.7": "query.all_animations_finished"
						}
					],
					"on_entry": [
						"@s krep:pm3",
						"/title @s actionbar \n------\n§l 7/17",
						"/playsound pm3.shoot @a[r=90]"
					]
				},
				"delay.7": {
					"transitions": [
						{
							"pm3.7": "query.get_equipped_item_name=='pm3'&&query.is_using_item"
						},
						{
							"reload": "query.get_equipped_item_name=='pm3_emp'&&query.mark_variant==3&&query.is_using_item"
						}
					]
				},
				"pm3.7": {
					"animations": [
						"pm3shoot"
					],
					"transitions": [
						{
							"delay.6": "query.all_animations_finished"
						}
					],
					"on_entry": [
						"@s krep:pm3",
						"/title @s actionbar \n------\n§l 6/17",
						"/playsound pm3.shoot @a[r=90]"
					]
				},
				"delay.6": {
					"transitions": [
						{
							"pm3.6": "query.get_equipped_item_name=='pm3'&&query.is_using_item"
						},
						{
							"reload": "query.get_equipped_item_name=='pm3_emp'&&query.mark_variant==3&&query.is_using_item"
						}
					]
				},
				"pm3.6": {
					"animations": [
						"pm3shoot"
					],
					"transitions": [
						{
							"delay.5": "query.all_animations_finished"
						}
					],
					"on_entry": [
						"@s krep:pm3",
						"/title @s actionbar \n------\n§l 5/17",
						"/playsound pm3.shoot @a[r=90]"
					]
				},
				"delay.5": {
					"transitions": [
						{
							"pm3.5": "query.get_equipped_item_name=='pm3'&&query.is_using_item"
						},
						{
							"reload": "query.get_equipped_item_name=='pm3_emp'&&query.mark_variant==3&&query.is_using_item"
						}
					]
				},
				"pm3.5": {
					"animations": [
						"pm3shoot"
					],
					"transitions": [
						{
							"delay.4": "query.all_animations_finished"
						}
					],
					"on_entry": [
						"@s krep:pm3",
						"/title @s actionbar \n------\n§l 4/17",
						"/playsound pm3.shoot @a[r=90]"
					]
				},
				"delay.4": {
					"transitions": [
						{
							"pm3.4": "query.get_equipped_item_name=='pm3'&&query.is_using_item"
						},
						{
							"reload": "query.get_equipped_item_name=='pm3_emp'&&query.mark_variant==3&&query.is_using_item"
						}
					]
				},
				"pm3.4": {
					"animations": [
						"pm3shoot"
					],
					"transitions": [
						{
							"delay.3": "query.all_animations_finished"
						}
					],
					"on_entry": [
						"@s krep:pm3",
						"/title @s actionbar \n------\n§l 3/17",
						"/playsound pm3.shoot @a[r=90]"
					]
				},
				"delay.3": {
					"transitions": [
						{
							"pm3.3": "query.get_equipped_item_name=='pm3'&&query.is_using_item"
						},
						{
							"reload": "query.get_equipped_item_name=='pm3_emp'&&query.mark_variant==3&&query.is_using_item"
						}
					]
				},
				"pm3.3": {
					"animations": [
						"pm3shoot"
					],
					"transitions": [
						{
							"delay.2": "query.all_animations_finished"
						}
					],
					"on_entry": [
						"@s krep:pm3",
						"/title @s actionbar \n------\n§l 2/17",
						"/playsound pm3.shoot @a[r=90]"
					]
				},
				"delay.2": {
					"transitions": [
						{
							"pm3.2": "query.get_equipped_item_name=='pm3'&&query.is_using_item"
						},
						{
							"reload": "query.get_equipped_item_name=='pm3_emp'&&query.mark_variant==3&&query.is_using_item"
						}
					]
				},
				"pm3.2": {
					"animations": [
						"pm3shoot"
					],
					"transitions": [
						{
							"delay.1": "query.all_animations_finished"
						}
					],
					"on_entry": [
						"@s krep:pm3",
						"/title @s actionbar \n------\n§l 1/17",
						"/playsound pm3.shoot @a[r=90]"
					]
				},
				"delay.1": {
					"transitions": [
						{
							"pm3.1": "query.get_equipped_item_name=='pm3'&&query.is_using_item"
						},
						{
							"reload": "query.get_equipped_item_name=='pm3_emp'&&query.mark_variant==3&&query.is_using_item"
						}
					]
				},
				"pm3.1": {
					"animations": [
						{
							"pm3shoot": "!q.is_using_item"
						}
					],
					"transitions": [
						{
							"delay.0": "query.all_animations_finished&&!q.is_using_item"
						}
					],
					"on_entry": [
						"@s krep:pm3",
						"/title @s actionbar \n------\n§l 0/17",
						"/replaceitem entity @s slot.weapon.mainhand 0 krep:pm3_emp 1 0",
						"/playsound pm3.shoot @a[r=90]"
					]
				},
				"delay.0": {
					"on_entry": [
						"/replaceitem entity @s slot.weapon.mainhand 0 krep:pm3_emp 1 0"
					],
					"transitions": [
						{
							"pm3.0": "query.get_equipped_item_name=='pm3_emp'&&!query.is_using_item"
						}
					]
				},
				"pm3.0": {
					"transitions": [
						{
							"setup": "query.get_equipped_item_name=='pm3'"
						},
						{
							"reload": "query.get_equipped_item_name=='pm3_emp'&&query.mark_variant==3&&query.is_using_item"
						}
					]
				},
				"reload": {
					"animations": [
						{
							"pm3reload": "query.get_equipped_item_name('main_hand')=='pm3_emp' || query.get_equipped_item_name('main_hand')=='pm3'"
						}
					],
					"on_entry": [
						"@s krep:reload"
					],
					"on_exit": [
						"@s krep:noreload"
					],
					"transitions": [
						{
							"pm3.0": "query.get_equipped_item_name!='pm3_emp'||query.all_animations_finished"
						}
					]
				}
			}
		}
	}
}