{
	"format_version": "1.10.0",
	"animation_controllers": {
		"controller.animation.ss2v1.muzzleflash": {
			"initial_state": "setup",
			"states": {
				"setup": {
					"transitions": [
						{
							"shoot.fixed": "(query.get_equipped_item_name=='ss2v1'&&query.is_using_item&&q.property('krep:ss2grip')=='spg2'&&!q.is_sneaking&&q.property('krep:ss2glreload')!=2)||(query.get_equipped_item_name=='ss2v1'&&query.is_using_item&&q.property('krep:ss2grip')!='spg2')"
						}
					]
				},
				"shoot.fixed": {
					"animations": [
						{
							"delay_shoot": "query.is_using_item"
						}
					],
					"transitions": [
						{
							"shoot.full": "(query.get_equipped_item_name=='ss2v1'&&q.property('krep:ss2grip')=='spg2'&&!q.is_sneaking&&q.property('krep:ss2glreload')!=2&&q.property('krep:ss2barrel')!='hb'&&q.is_using_item&&query.all_animations_finished)||(query.get_equipped_item_name=='ss2v1'&&q.property('krep:ss2grip')!='spg2'&&q.property('krep:ss2barrel')!='hb'&&q.is_using_item&&query.all_animations_finished)"
						},
						{
							"shoot.semi": "(query.get_equipped_item_name=='ss2v1'&&q.property('krep:ss2grip')=='spg2'&&!q.is_sneaking&&q.property('krep:ss2glreload')!=2&&q.property('krep:ss2barrel')=='hb'&&q.is_using_item&&query.all_animations_finished)||(query.get_equipped_item_name=='ss2v1'&&q.property('krep:ss2grip')!='spg2'&&q.property('krep:ss2barrel')=='hb'&&q.is_using_item&&query.all_animations_finished)"
						}
					]
				},
				"shoot.full": {
					"on_entry": [
						"v.random=math.random_integer(1,2);"
					],
					"animations": [
						{
							"ss2v1_muzzleflash_1": "v.random==1"
						},
						{
							"ss2v1_muzzleflash_2": "v.random==2"
						}
					],
					"transitions": [
						{
							"setup": "v.ss2v1&&q.any_animation_finished"
						}
					]
				},
				"shoot.semi": {
					"on_entry": [
						"v.random=math.random_integer(1,2);"
					],
					"animations": [
						{
							"ss2v1_muzzleflash_1": "v.random==1"
						},
						{
							"ss2v1_muzzleflash_2": "v.random==2"
						}
					],
					"transitions": [
						{
							"setup": "v.ss2v1&&q.any_animation_finished&&!query.is_using_item"
						}
					]
				}
			}
		}
	}
}