{
	"format_version": "1.10.0",
	"animation_controllers": {
		"controller.animation.ss2v1.fp": {
			"initial_state": "hold",
			"states": {
				"hold": {
					"blend_transition": 0.1,
					"blend_via_shortest_path": true,
					"animations": [
						{
							"ss2v1_fp_hold": "variable.ss2v1&&q.property('krep:ss2grip')!='tacgrip'"
						},
						{
							"ss2v1_fp_hold_grip": "variable.ss2v1&&q.property('krep:ss2grip')=='tacgrip'"
						}
					],
					"transitions": [
						{
							"sprint": "variable.ss2v1&&query.is_sprinting&&!q.is_using_item"
						},
						{
							"reload": "variable.ss2v1emp&&query.mark_variant==1&&q.property('krep:ss2glreload')!=2"
						},
						{
							"sight": "variable.ss2v1&&query.is_sneaking&&q.property('krep:ss2scope')!=0&&q.property('krep:ss2scope')!=1&&q.property('krep:ss2grip')!='spg2'"
						},
						{
							"hold.gl": "variable.ss2v1&&query.is_sneaking&&q.property('krep:ss2grip')=='spg2'"
						},
						{
							"hold": "!variable.ss2v1"
						}
					]
				},
				"sprint": {
					"blend_transition": 0.1,
					"blend_via_shortest_path": true,
					"animations": [
						{
							"ss2v1_fp_sprint": "variable.ss2v1&&q.property('krep:ss2grip')!='tacgrip'"
						},
						{
							"ss2v1_fp_sprint_grip": "variable.ss2v1&&q.property('krep:ss2grip')=='tacgrip'"
						}
					],
					"transitions": [
						{
							"hold": "variable.ss2v1&&!query.is_sprinting"
						},
						{
							"hold": "variable.ss2v1&&q.is_using_item"
						},
						{
							"hold.gl": "variable.ss2v1&&query.is_sneaking&&q.property('krep:ss2grip')=='spg2'"
						},
						{
							"reload": "variable.ss2v1emp&&query.mark_variant==1&&q.property('krep:ss2glreload')!=2"
						},
						{
							"hold": "!variable.ss2v1"
						},
						{
							"sight": "variable.ss2v1&&query.is_sneaking&&q.property('krep:ss2scope')!=0&&q.property('krep:ss2scope')!=1&&q.property('krep:ss2grip')!='spg2'"
						}
					]
				},
				"reload": {
					"blend_transition": 0.1,
					"blend_via_shortest_path": true,
					"animations": [
						{
							"ss2v1_fp_reload": "variable.ss2v1&&q.property('krep:ss2grip')!='tacgrip'"
						},
						{
							"ss2v1_fp_reload_grip": "variable.ss2v1&&q.property('krep:ss2grip')=='tacgrip'"
						}
					],
					"transitions": [
						{
							"hold": "variable.ss2v1&&query.any_animation_finished"
						},
						{
							"hold": "!variable.ss2v1"
						}
					]
				},
				"reload.gl": {
					"blend_transition": 0.1,
					"blend_via_shortest_path": true,
					"animations": [
						{
							"ss2v1_fp_reload_gl": "variable.ss2v1"
						}
					],
					"transitions": [
						{
							"hold.gl": "variable.ss2v1&&query.any_animation_finished"
						},
						{
							"hold": "!variable.ss2v1"
						}
					]
				},
				"inspect": {
					"animations": [
						{
							"ss2v1_fp_inspect": "variable.ss2v1&&q.property('krep:ss2grip')!='tacgrip'"
						},
						{
							"ss2v1_fp_inspect_grip": "variable.ss2v1&&q.property('krep:ss2grip')=='tacgrip'"
						}
					],
					"transitions": [
						{
							"hold": "variable.ss2v1&&query.any_animation_finished"
						},
						{
							"hold": "variable.ss2v1&&query.is_using_item"
						},
						{
							"hold": "!variable.ss2v1"
						}
					]
				},
				"sight": {
					"blend_transition": 0.1,
					"blend_via_shortest_path": true,
					"animations": [
						{
							"ss2v1_fp_sight": "variable.ss2v1&&q.property('krep:ss2scope')==2&&q.property('krep:ss2grip')!='tacgrip'"
						},
						{
							"ss2v1_fp_sight_holo512": "variable.ss2v1&&(q.property('krep:ss2scope')==3||q.property('krep:ss2scope')==4)&&q.property('krep:ss2grip')!='tacgrip'"
						},
						{
							"ss2v1_fp_sight_grip": "variable.ss2v1&&q.property('krep:ss2scope')==2&&q.property('krep:ss2grip')=='tacgrip'"
						},
						{
							"ss2v1_fp_sight_holo512_grip": "variable.ss2v1&&(q.property('krep:ss2scope')==3||q.property('krep:ss2scope')==4)&&q.property('krep:ss2grip')=='tacgrip'"
						}
					],
					"transitions": [
						{
							"hold": "variable.ss2v1&&!query.is_sneaking"
						},
						{
							"hold": "!variable.ss2v1"
						},
						{
							"hold": "q.property('krep:ss2scope')==0||q.property('krep:ss2scope')==1||q.property('krep:ss2grip')=='spg2'"
						},
						{
							"reload": "variable.ss2v1emp&&query.mark_variant==1&&q.property('krep:ss2glreload')!=2"
						}
					]
				},
				"hold.gl": {
					"blend_transition": 0.1,
					"blend_via_shortest_path": true,
					"animations": [
						{
							"ss2v1_fp_hold_gl": "variable.ss2v1"
						}
					],
					"transitions": [
						{
							"hold": "variable.ss2v1&&!query.is_sneaking"
						},
						{
							"reload": "variable.ss2v1emp&&query.mark_variant==1"
						},
						{
							"hold": "!variable.ss2v1"
						},
						{
							"hold": "q.property('krep:ss2grip')!='spg2'"
						},
						{
							"reload.gl": "variable.ss2v1&&q.property('krep:ss2glreload')==2&&q.mark_variant!=1"
						}
					]
				}
			}
		},
		"controller.animation.gunwalking.ss2v1": {
			"initial_state": "setup",
			"states": {
				"setup": {
					"blend_transition": 0.1,
					"blend_via_shortest_path": true,
					"animations": [
						{
							"gunwalk_delay": "variable.ss2v1"
						}
					],
					"transitions": [
						{
							"walking": "variable.ss2v1&&query.is_moving&&!q.is_sneaking&&q.any_animation_finished"
						}
					]
				},
				"walking": {
					"blend_transition": 0.5,
					"blend_via_shortest_path": true,
					"animations": [
						{
							"gunwalk": "variable.ss2v1"
						}
					],
					"transitions": [
						{
							"setup": "!query.is_moving"
						},
						{
							"setup": "!variable.ss2v1"
						},
						{
							"setup": "q.is_sneaking"
						}
					]
				}
			}
		}
	}
}