{
	"format_version": "1.10.0",
	"animation_controllers": {
		"controller.animation.pm3reload": {
			"initial_state": "setup",
			"states": {
				"setup": {
					"transitions": [
						{
							"trigger": "query.get_equipped_item_name=='pm3_emp'"
						}
					]
				},
				"trigger": {
					"on_entry": [
						"/event entity @s[hasitem={item=krep:mm9}] krep:startreload"
					],
					"transitions": [
						{
							"setup": "query.get_equipped_item_name=='pm3_emp'&&query.mark_variant!=3"
						}
					]
				}
			}
		}
	}
}