{
	"format_version": "1.10.0",
	"animation_controllers": {
		"controller.animation.setup": {
			"initial_state": "setup",
			"states": {
				"setup": {
					"animations": [
						{
							"look_at_target_default": "v.holding_all_guns&&!q.is_sneaking&&v.is_third_person"
						},
						{
							"guntarget": "v.holding_all_guns&&q.is_sneaking&&v.is_third_person"
						},
						{
							"player_ride": "q.is_riding&&v.is_first_person&&v.holding_all_guns"
						},
						{
							"ss2v1_karbin_muzzle": "v.ss2v1&&q.property('krep:ss2barrel')=='karbin'"
						},
						{
							"ss1v1_karbin_muzzle": "v.ss1v1&&q.property('krep:ss1barrel')=='karbin'"
						},
						{
							"ss2v1_hb_muzzle": "v.ss2v1&&q.property('krep:ss2barrel')=='hb'"
						},
						{
							"ak101_barrel_short": "v.ak101&&q.property('krep:ak101barrel')=='sb'"
						},
						{
							"ak101_barrel_heavy": "v.ak101&&q.property('krep:ak101barrel')=='hb'"
						},
						{
							"ak101_bipod": "v.ak101b&&q.property('krep:ak101grip')=='bipod'&&q.is_sneaking&&q.mark_variant!=1"
						},
						{
							"ss2v1_tp": "v.ss2v1&&!q.is_sneaking&&q.is_alive&&v.is_third_person"
						},
						{
							"ss2v1_fp_scope": "v.ss2v1b&&q.is_sneaking&&v.is_first_person&&(q.property('krep:ss2scope')==0||q.property('krep:ss2scope')==1)&&q.property('krep:ss2grip')!='spg2'"
						},
						{
							"ss2v1_fp_scope": "v.ss1v1b&&q.is_sneaking&&v.is_first_person&&q.property('krep:ss1scope')<=1"
						},
						{
							"ss2v1_fp_scope": "v.pm3b&&q.is_sneaking&&v.is_first_person&&q.property('krep:pm3scope')==0"
						},
						{
							"ss2v1_fp_scope": "v.d5b&&q.is_sneaking&&v.is_first_person&&(q.property('krep:d5scope')==1||q.property('krep:d5scope')==0)"
						},
						{
							"ss2v1_fp_scope": "v.ak101b&&q.is_sneaking&&v.is_first_person&&q.property('krep:ak101scope')<=1"
						},
						{
							"ss2v1_fp_scope": "v.minimib&&q.is_sneaking&&v.is_first_person&&(q.property('krep:minimisight')=='acog'||q.property('krep:minimisight')=='nfscope')"
						},
						{
							"ss2v1_tp_sight": "v.ss2v1&&q.is_sneaking&&q.is_alive&&v.is_third_person"
						},
						{
							"ss1v1_tp": "v.ss1v1&&!q.is_sneaking&&q.is_alive&&v.is_third_person"
						},
						{
							"ss1v1_tp_sight": "v.ss1v1&&q.is_sneaking&&q.is_alive&&v.is_third_person"
						},
						{
							"d5_tp": "v.d5&&!q.is_sneaking&&q.is_alive&&v.is_third_person"
						},
						{
							"d5_tp_sight": "v.d5&&q.is_sneaking&&q.is_alive&&v.is_third_person"
						},
						{
							"pm3_tp": "v.pm3&&!q.is_sneaking&&q.is_alive&&v.is_third_person"
						},
						{
							"pm3_tp_sight": "v.pm3&&q.is_sneaking&&q.is_alive&&v.is_third_person"
						},
						{
							"minimi_tp": "v.minimi&&!q.is_sneaking&&q.is_alive&&v.is_third_person"
						},
						{
							"minimi_tp_sight": "v.minimi&&q.is_sneaking&&q.is_alive&&v.is_third_person"
						},
						{
							"spr2_fp_sight": "v.spr2b&&q.is_sneaking&&v.is_first_person"
						},
						{
							"ballista_fp_sight": "v.ballistab&&q.is_sneaking&&v.is_first_person"
						},
						{
							"ak101_tp": "v.ak101&&!q.is_sneaking&&q.is_alive&&v.is_third_person"
						},
						{
							"ak101_tp_sight": "v.ak101&&q.is_sneaking&&q.is_alive&&v.is_third_person"
						},
						{
							"deagle_tp": "v.deagle&&!q.is_sneaking&&q.is_alive&&v.is_third_person"
						},
						{
							"deagle_tp_sight": "v.deagle&&q.is_sneaking&&q.is_alive&&v.is_third_person"
						},
						{
							"minimi_noammo": "v.minimiemp&&q.property('krep:minimiammo')!=10"
						},
						{
							"ss2v1_suppressor": "v.ss2v1&&q.property('krep:ss2muzzle')=='srsuppress'"
						},
						{
							"d5_suppress": "v.d5&&q.property('krep:d5barrel')=='srsuppress'"
						}
					]
				}
			}
		}
	}
}