{
  "format_version": "1.20.30",
  "minecraft:item": {
    "description": {
      "identifier": "krep:pm3_emp",
      "menu_category": {
        "category": "equipment"
      }
    },
    "components": {
      "minecraft:stacked_by_data": true,
      "minecraft:hand_equipped": true,
      "minecraft:max_stack_size": 1,
      "minecraft:use_duration": 999999,
      "minecraft:can_destroy_in_creative": false,
      "minecraft:food": {
        "can_always_eat": true
      },
      "minecraft:cooldown": {
        "category": "chorusfruit",
        "duration": 0
      },
      "minecraft:icon": {
        "texture": "pm3"
      },
      "minecraft:display_name": {
        "value": "Glock 17\n§7Exercise your Second Amendment rights§f\n§a§l9mm Bullet§r\n§f§7Type: §sPistol\n§f§7Fire Mode: §sSemi-Auto\n§f§7Bullets: §s17\n\n§o§1TAC Zero Default Pack"
      },
      "minecraft:creative_category": {
        "parent": "equipment"
      },
      "minecraft:chargeable": {
        "movement_modifier": 1.0
      }
    }
  }
}