{"entity_sounds":{"entities":{"execute:test":{"events":{"death":{"pitch":[1],"sound":"null","volume":1},"hurt":{"pitch":[1],"sound":"null","volume":1}},"pitch":[1],"volume":1},"mw:ammo_box_land":{"events":{"death":{"pitch":[1],"sound":"null","volume":1},"hurt":{"pitch":[1],"sound":"shell.hit","volume":1}},"pitch":[1],"volume":1},"mw:loot_box_spawn":{"events":{"death":{"pitch":[1],"sound":"null","volume":1},"hurt":{"pitch":[1],"sound":"null","volume":1}},"pitch":[1],"volume":1},"mw:loot_box_spawn2":{"events":{"death":{"pitch":[1],"sound":"null","volume":1},"hurt":{"pitch":[1],"sound":"null","volume":1}},"pitch":[1],"volume":1},"player":{"events":{"death":{"pitch":[1],"sound":"null","volume":1},"hurt":{"pitch":[1],"sound":"bullet.hit_bodyy","volume":1}},"pitch":[1],"volume":1}}}}