{
	"format_version": "1.8.0",
	"render_controllers": {
		"controller.render.d5": {
			"geometry": "geometry.d5",
			"materials": [
				{
					"*": "material.glow"
				},
				{
					"muzzleflashfront": "material.glow"
				},
				{
					"muzzlestar": "material.glow"
				}
			],
			"textures": [
				"texture.d5"
			],
			"part_visibility": [
				{
					"*": true
				},
				{
					"muzzleflashfront": false
				},
				{
					"muzzlestar": false
				},
				{
					"tacgrip": "q.property('krep:d5grip') == 'tacgrip'"
				},
				{
					"telestock": "q.property('krep:d5stock') == 'telestock'"
				},
				{
					"bone10": "q.property('krep:d5stock') == 'nothing'"
				},
				{
					"holo2": "q.property('krep:d5scope') == 3"
				},
				{
					"side3": "q.property('krep:d5scope') == 3"
				},
				{
					"side4": "q.property('krep:d5scope') == 3"
				},
				{
					"retikel2": "q.property('krep:d5scope') == 3"
				},
				{
					"srsuppress": "q.property('krep:d5barrel') == 'srsuppress'"
				},
				{
					"blackoutape": "q.property('krep:d5ammo') == 'blackout'"
				},
				{
					"blackoutape2": "q.property('krep:d5ammo') == 'blackout'"
				},
				{
					"acog": "q.property('krep:d5scope') == 1"
				},
				{
					"nfscope": "q.property('krep:d5scope') == 0"
				},
				{
					"mlokdefault": "q.property('krep:d5grip') == 'tacgrip'"
				},
				{
					"bone18": "q.property('krep:d5grip') != 'tacgrip'"
				},
				{
					"sight": "q.property('krep:d5scope') == 2"
				},
				{
					"bone21": "q.property('krep:d5scope') == 2"
				},
				{
					"bone20": "q.property('krep:d5scope') == 2"
				}
			],
			"is_hurt_color": {
				"r": 0,
				"g": 0,
				"b": 0,
				"a": 0
			},
			"on_fire_color": {
				"r": 0,
				"g": 0,
				"b": 0,
				"a": 0
			}
		}
	}
}