{
	"format_version": "1.8.0",
	"render_controllers": {
		"controller.render.minimi": {
			"geometry": "geometry.minimi",
			"materials": [
				{
					"*": "material.guns"
				},
				{
					"muzzleflashfront": "material.glow"
				},
				{
					"muzzlestar": "material.glow"
				}
			],
			"textures": [
				"texture.minimi"
			],
			"part_visibility": [
				{
					"*": true
				},
				{
					"holo2": "q.property('krep:minimisight') == 'holo512'"
				},
				{
					"side3": "q.property('krep:minimisight') == 'holo512'"
				},
				{
					"side4": "q.property('krep:minimisight') == 'holo512'"
				},
				{
					"retikel2": "q.property('krep:minimisight') == 'holo512'"
				},
				{
					"acog": "q.property('krep:minimisight') == 'acog'"
				},
				{
					"nfscope": "q.property('krep:minimisight') == 'nfscope'"
				},
				{
					"bullet": "q.property('krep:minimiammo') == 0 || q.property('krep:minimiammo') == 1 || q.property('krep:minimiammo') == 10"
				},
				{
					"bullet2": "q.property('krep:minimiammo') == 0 || q.property('krep:minimiammo') == 1 || q.property('krep:minimiammo') == 2 || q.property('krep:minimiammo') == 10"
				},
				{
					"bullet3": "q.property('krep:minimiammo') == 0 || q.property('krep:minimiammo') == 1 || q.property('krep:minimiammo') == 2 || q.property('krep:minimiammo') == 3 || q.property('krep:minimiammo') == 10"
				},
				{
					"bullet4": "q.property('krep:minimiammo') == 0 || q.property('krep:minimiammo') == 1 || q.property('krep:minimiammo') == 2 || q.property('krep:minimiammo') == 3 || q.property('krep:minimiammo') == 4 || q.property('krep:minimiammo') == 10"
				},
				{
					"bullet5": "q.property('krep:minimiammo') == 0 || q.property('krep:minimiammo') == 1 || q.property('krep:minimiammo') == 2 || q.property('krep:minimiammo') == 3 || q.property('krep:minimiammo') == 4 || q.property('krep:minimiammo') == 5 || q.property('krep:minimiammo') == 10"
				},
				{
					"bullet6": "q.property('krep:minimiammo') == 0 || q.property('krep:minimiammo') == 1 || q.property('krep:minimiammo') == 2 || q.property('krep:minimiammo') == 3 || q.property('krep:minimiammo') == 4 || q.property('krep:minimiammo') == 5 || q.property('krep:minimiammo') == 6 || q.property('krep:minimiammo') == 10"
				},
				{
					"bullet7": "q.property('krep:minimiammo') == 0 || q.property('krep:minimiammo') == 1 || q.property('krep:minimiammo') == 2 || q.property('krep:minimiammo') == 3 || q.property('krep:minimiammo') == 4 || q.property('krep:minimiammo') == 5 || q.property('krep:minimiammo') == 6 || q.property('krep:minimiammo') == 7 || q.property('krep:minimiammo') == 10"
				},
				{
					"bullet8": "q.property('krep:minimiammo') == 0 || q.property('krep:minimiammo') == 1 || q.property('krep:minimiammo') == 2 || q.property('krep:minimiammo') == 3 || q.property('krep:minimiammo') == 4 || q.property('krep:minimiammo') == 5 || q.property('krep:minimiammo') == 6 || q.property('krep:minimiammo') == 7 || q.property('krep:minimiammo') == 8 || q.property('krep:minimiammo') == 10"
				},
				{
					"FixedStock": "q.property('krep:minimistock') == 'nothing'"
				},
				{
					"ParaStock": "q.property('krep:minimistock') == 'parastock'"
				},
				{
					"AdjustableStock": "q.property('krep:minimistock') == 'tacstock'"
				},
				{
					"RailHandguard": "q.property('krep:minimigrip') == 'tachandguard'"
				},
				{
					"RailHandguardLeft": "q.property('krep:minimigrip') == 'tachandguard'"
				},
				{
					"RailHandguardRight": "q.property('krep:minimigrip') == 'tachandguard'"
				},
				{
					"RailHeatShield": false
				},
				{
					"Rail": "q.property('krep:minimigrip') == 'tachandguard'"
				},
				{
					"bone3": "q.property('krep:minimigrip') == 'tachandguard'"
				},
				{
					"bone4": "q.property('krep:minimigrip') == 'tachandguard'"
				},
				{
					"bone5": "q.property('krep:minimigrip') == 'tachandguard'"
				},
				{
					"HandguardLeft": "q.property('krep:minimigrip') == 'nothing'"
				},
				{
					"HandguardRight": "q.property('krep:minimigrip') == 'nothing'"
				}
			],
			"is_hurt_color": {
				"r": 0,
				"g": 0,
				"b": 0,
				"a": 0
			},
			"on_fire_color": {
				"r": 0,
				"g": 0,
				"b": 0,
				"a": 0
			}
		}
	}
}