{
	"format_version": "1.8.0",
	"render_controllers": {
		"controller.render.ss1v1": {
			"geometry": "geometry.ss1v1",
			"materials": [
				{
					"*": "material.glow"
				},
				{
					"muzzleflashfront": "material.glow"
				},
				{
					"muzzlestar": "material.glow"
				}
			],
			"textures": [
				"texture.ss1v1"
			],
			"part_visibility": [
				{
					"*": true
				},
				{
					"snbdefault": "q.property('krep:ss1grip') == 'tacgrip' && q.property('krep:ss1barrel') != 'karbin'"
				},
				{
					"snbkarbin": "q.property('krep:ss1grip') == 'tacgrip' && q.property('krep:ss1barrel') == 'karbin'"
				},
				{
					"handguard": "q.property('krep:ss1grip') == 'nothing' && q.property('krep:ss1barrel') != 'karbin'"
				},
				{
					"handguardpart": "q.property('krep:ss1grip') == 'nothing' && q.property('krep:ss1barrel') != 'karbin'"
				},
				{
					"barrel": "q.property('krep:ss1barrel') != 'karbin'"
				},
				{
					"bone4": "q.property('krep:ss1stock') == 'nothing'"
				},
				{
					"bone23": "q.property('krep:ss1stock') == 'nothing'"
				},
				{
					"grip": "q.property('krep:ss1grip') == 'tacgrip'"
				},
				{
					"karabin": "q.property('krep:ss1barrel') == 'karbin' && q.property('krep:ss1grip') == 'nothing'"
				},
				{
					"karabinbarrel": "q.property('krep:ss1barrel') == 'karbin'"
				},
				{
					"karabinhandguard": "q.property('krep:ss1barrel') == 'karbin' && q.property('krep:ss1grip') == 'nothing'"
				},
				{
					"bone9": "q.property('krep:ss1barrel') == 'karbin' && q.property('krep:ss1grip') == 'nothing'"
				},
				{
					"prail": "q.property('krep:ss1scope') <= 1 || q.property('krep:ss1scope') == 3"
				},
				{
					"telestock": "q.property('krep:ss1stock') == 'telestock'"
				},
				{
					"acog": "q.property('krep:ss1scope') == 1"
				},
				{
					"nfscope": "q.property('krep:ss1scope') == 0"
				},
				{
					"holo2": "q.property('krep:ss1scope') == 3"
				},
				{
					"side3": "q.property('krep:ss1scope') == 3"
				},
				{
					"side4": "q.property('krep:ss1scope') == 3"
				},
				{
					"retikel2": "q.property('krep:ss1scope') == 3"
				}
			],
			"is_hurt_color": {
				"r": 0,
				"g": 0,
				"b": 0,
				"a": 0
			},
			"on_fire_color": {
				"r": 0,
				"g": 0,
				"b": 0,
				"a": 0
			}
		}
	}
}