{
	"format_version": "1.8.0",
	"render_controllers": {
		"controller.render.ss2v1.scope": {
			"materials": [
				{
					"*": "material.guns"
				}
			],
			"part_visibility": [
				{
					"*": "q.property('krep:ss2scope') <= 1"
				}
			],
			"arrays": {
				"textures": {
					"Array.scope": [
						"Texture.nfscope",
						"Texture.scope4x"
					]
				},
				"geometries": {
					"Array.scopegeo": [
						"Geometry.snb",
						"Geometry.scope4x"
					]
				}
			},
			"geometry": "array.scopegeo[query.property('krep:ss2scope')]",
			"textures": [
				"array.scope[query.property('krep:ss2scope')]"
			],
			"is_hurt_color": {
				"r": 0,
				"g": 0,
				"b": 0,
				"a": 0
			},
			"on_fire_color": {
				"r": 0,
				"g": 0,
				"b": 0,
				"a": 0
			}
		}
	}
}