{
	"format_version": "1.8.0",
	"render_controllers": {
		"controller.render.player.first_person": {
			"geometry": "geometry.default",
			"materials": [
				{
					"*": "material.default"
				}
			],
			"textures": [
				"texture.default"
			],
			"part_visibility": [
				{
					"*": false
				},
				{
					"rightArm": "query.get_equipped_item_name(0, 1) == '' || query.get_equipped_item_name(0, 1) == 'map' || v.def_player"
				},
				{
					"rightSleeve": "query.get_equipped_item_name(0, 1) == '' || query.get_equipped_item_name(0, 1) == 'map' || v.def_player"
				},
				{
					"leftArm": "(query.get_equipped_item_name(0, 1) == 'map' && query.get_equipped_item_name('off_hand') != 'shield') || (query.get_equipped_item_name('off_hand') == 'map' && !query.item_is_charged) || (!query.item_is_charged && (variable.item_use_normalized > 0 && variable.item_use_normalized < 1.0)) || v.def_player"
				},
				{
					"leftSleeve": "(query.get_equipped_item_name(0, 1) == 'map' && query.get_equipped_item_name('off_hand') != 'shield') || (query.get_equipped_item_name('off_hand') == 'map' && !query.item_is_charged) || (!query.item_is_charged && (variable.item_use_normalized > 0 && variable.item_use_normalized < 1.0)) || v.def_player"
				}
			]
		},
		"controller.render.player.third_person": {
			"geometry": "geometry.default",
			"materials": [
				{
					"*": "material.default"
				}
			],
			"textures": [
				"texture.default"
			],
			"part_visibility": [
				{
					"*": true
				},
				{
					"leftSleeve": "!q.is_item_name_any('slot.armor.chest', 0, 'nz:vest') || !q.is_item_name_any('slot.armor.legs', 0, 'df:uniform')"
				},
				{
					"rightSleeve": "!q.is_item_name_any('slot.armor.chest', 0, 'nz:vest') || !q.is_item_name_any('slot.armor.legs', 0, 'df:uniform')"
				},
				{
					"jacket": "!q.is_item_name_any('slot.armor.chest', 0, 'nz:vest') || !q.is_item_name_any('slot.armor.legs', 0, 'df:uniform')"
				},
				{
					"hat": "!q.is_item_name_any('slot.armor.head', 0, 'nz:helmet')"
				},
				{
					"leftPants": "!q.is_item_name_any('slot.armor.legs', 0, 'df:uniform')"
				},
				{
					"rightPants": "!q.is_item_name_any('slot.armor.legs', 0, 'df:uniform')"
				},
				{
					"helmet": "variable.helmet_layer_visible"
				},
				{
					"leftLegging": "variable.leg_layer_visible"
				},
				{
					"rightLegging": "variable.leg_layer_visible"
				},
				{
					"leftBoot": "variable.boot_layer_visible"
				},
				{
					"rightBoot": "variable.boot_layer_visible"
				},
				{
					"leftSock": "variable.boot_layer_visible && variable.leg_layer_visible"
				},
				{
					"rightSock": "variable.boot_layer_visible && variable.leg_layer_visible"
				},
				{
					"bodyArmor": "variable.chest_layer_visible && !query.has_cape"
				},
				{
					"leftArmArmor": "variable.chest_layer_visible && !query.has_cape"
				},
				{
					"rightArmArmor": "variable.chest_layer_visible && !query.has_cape"
				},
				{
					"belt": "variable.chest_layer_visible && variable.leg_layer_visible"
				}
			]
		},
		"controller.render.player.map": {
			"geometry": "geometry.default",
			"materials": [
				{
					"*": "material.default"
				}
			],
			"textures": [
				"texture.default"
			],
			"part_visibility": [
				{
					"*": false
				},
				{
					"head": true
				},
				{
					"hat": true
				},
				{
					"helmet": true
				}
			]
		}
	}
}