{
	"format_version": "1.10.0",
	"animation_controllers": {
		"controller.animation.ak101.scope": {
			"initial_state": "setup",
			"states": {
				"setup": {
					"on_entry": [
						"@s krep:normal"
					],
					"transitions": [
						{
							"scope.nfscope": "query.get_equipped_item_name=='ak101'&&query.is_sneaking&&q.property('krep:ak101scope')==0"
						},
						{
							"scope.acog": "query.get_equipped_item_name=='ak101'&&query.is_sneaking&&q.property('krep:ak101scope')==1"
						}
					]
				},
				"scope.nfscope": {
					"on_entry": [
						"@s krep:scope"
					],
					"transitions": [
						{
							"setup": "!query.is_sneaking||query.get_equipped_item_name!='ak101'"
						},
						{
							"scope.acog": "query.is_sneaking&&query.get_equipped_item_name=='ak101'&&q.property('krep:ak101scope')==1"
						}
					]
				},
				"scope.acog": {
					"on_entry": [
						"@s krep:scope4x"
					],
					"transitions": [
						{
							"setup": "!query.is_sneaking||query.get_equipped_item_name!='ak101'"
						},
						{
							"scope.nfscope": "query.is_sneaking&&query.get_equipped_item_name=='ak101'&&q.property('krep:ak101scope')==0"
						}
					]
				}
			}
		}
	}
}