{
	"format_version": "1.10.0",
	"animations": {
		"animation.ak101.shoot": {
			"loop": false,
			"animation_length": 0.5,
			"timeline": {}
		},
		"animation.ak101.reload": {
			"loop": false,
			"animation_length": 3.25,
			"timeline": {
				"0": [
					"/camerashake add @s 0.005 0.05 rotational"
				],
				"2": [
					"/camerashake add @s 0.01 0.1 rotational"
				],
				"0.001": [
					"/title @s actionbar \n------\n§l Reloading..."
				],
				"0.05": [
					"/camerashake add @s 0.01 0.05 rotational"
				],
				"0.1": [
					"/camerashake add @s 0.0125 0.05 rotational"
				],
				"0.15": [
					"/camerashake add @s 0.0125 0.05 rotational"
				],
				"0.2": [
					"/camerashake add @s 0.025 0.3 rotational"
				],
				"0.5": [
					"/camerashake add @s 0.0125 0.4 rotational"
				],
				"0.9": [
					"/camerashake add @s 0.03 0.4 rotational"
				],
				"1.3": [
					"/camerashake add @s 0.0125 0.3 rotational"
				],
				"1.6": [
					"/camerashake add @s 0.025 0.3 rotational"
				],
				"1.9": [
					"/camerashake add @s 0.0125 0.1 rotational"
				],
				"2.1": [
					"/camerashake add @s 0.005 0.3 rotational"
				],
				"2.215": [
					"/clear @s[m=!c] krep:12Gauge 0 1"
				],
				"2.245": [
					"/replaceitem entity @s slot.weapon.mainhand 1 krep:ak101 1 0"
				],
				"3.2475": [
					"/title @s actionbar \n------\n§l 10/10"
				]
			}
		}
	}
}