{
	"format_version": "1.10.0",
	"animations": {
		"animation.d5.shoot": {
			"loop": false,
			"animation_length": 0,
			"timeline": {}
		},
		"animation.d5.reload": {
			"loop": false,
			"animation_length": 2.6,
			"timeline": {
				"0.0": [
					"/title @s actionbar \n------\n§l Reloading...",
					"/camerashake add @s 0.0075 0.2 rotational"
				],
				"0.2": [
					"/camerashake add @s 0.0255 0.2 rotational"
				],
				"0.4": [
					"/camerashake add @s 0.0125 0.5 rotational"
				],
				"0.9": [
					"/camerashake add @s 0.0255 0.3 rotational"
				],
				"1.45": [
					"/camerashake add @s 0.0255 0.15 rotational"
				],
				"2.5": [
					"/replaceitem entity @s slot.weapon.mainhand 1 krep:d5 1 0",
					"/title @s actionbar \n------\n§l 30/30"
				]
			}
		}
	}
}