{
	"format_version": "1.10.0",
	"animations": {
		"animation.ss2v1.shoot": {
			"loop": false,
			"animation_length": 0.5,
			"timeline": {}
		},
		"animation.ss2v1.reload": {
			"loop": false,
			"animation_length": 2.125,
			"timeline": {
				"0": [
					"/camerashake add @s 0.0125 0.17 rotational"
				],
				"0.001": [
					"/title @s actionbar \n------\n§l Reloading..."
				],
				"0.17": [
					"/camerashake add @s 0.02 0.2 rotational"
				],
				"0.37": [
					"/camerashake add @s 0.0125 0.43 rotational"
				],
				"0.8": [
					"/camerashake add @s 0.0175 0.27 rotational"
				],
				"1.07": [
					"/camerashake add @s 0.023 0.16 rotational"
				],
				"1.23": [
					"/camerashake add @s 0.0175 0.24 rotational"
				],
				"1.57": [
					"/camerashake add @s 0.023 0.13 rotational"
				],
				"1.7": [
					"/camerashake add @s 0.0175 0.6 rotational"
				],
				"1.9": [
					"/clear @s[m=!c] krep:12Gauge 0 1"
				],
				"2.0": [
					"/replaceitem entity @s slot.weapon.mainhand 1 krep:ss2v1 1 0",
					"/title @s actionbar \n------\n§l 2/2"
				]
			}
		}
	}
}