{
  "format_version": "1.10.0",
  "animation_controllers": {
    "controller.animation.minimi": {
      "initial_state": "setup",
      "states": {
        "setup": {
          "on_entry": [
            "@s krep:noreload",
            "@s krep:minimifull"
          ],
          "transitions": [
            {
              "minimi.100": "query.get_equipped_item_name=='minimi' && query.is_using_item"
            },
            {
              "reload": "query.get_equipped_item_name=='minimi_emp' && query.mark_variant == 3 && query.is_using_item"
            }
          ]
        },
        "minimi.100": {
          "animations": [
            "minimishoot"
          ],
          "transitions": [
            {
              "delay.99": "query.all_animations_finished"
            }
          ],
          "on_entry": [
            "@s krep:minimi_fire",
            "@s krep:minimirecoil_grip",
            "@s krep:minimirecoil_stock",
            "@s krep:minimifull",
            "/title @s actionbar \n------\n§l 99/100",
            "/playsound minimi.shoot @a[r=150]"
          ]
        },
        "delay.99": {
          "transitions": [
            {
              "minimi.99": "query.get_equipped_item_name=='minimi' && query.is_using_item"
            },
            {
              "reload": "query.get_equipped_item_name=='minimi_emp' && query.mark_variant == 3 && query.is_using_item"
            }
          ]
        },
        "minimi.99": {
          "animations": [
            "minimishoot"
          ],
          "transitions": [
            {
              "delay.98": "query.all_animations_finished"
            }
          ],
          "on_entry": [
            "@s krep:minimi_fire",
            "@s krep:minimirecoil_grip",
            "@s krep:minimirecoil_stock",
            "@s krep:minimifull",
            "/title @s actionbar \n------\n§l 98/100",
            "/playsound minimi.shoot @a[r=150]"
          ]
        },
        "delay.98": {
          "transitions": [
            {
              "minimi.98": "query.get_equipped_item_name=='minimi' && query.is_using_item"
            },
            {
              "reload": "query.get_equipped_item_name=='minimi_emp' && query.mark_variant == 3 && query.is_using_item"
            }
          ]
        },
        "minimi.98": {
          "animations": [
            "minimishoot"
          ],
          "transitions": [
            {
              "delay.97": "query.all_animations_finished"
            }
          ],
          "on_entry": [
            "@s krep:minimi_fire",
            "@s krep:minimirecoil_grip",
            "@s krep:minimirecoil_stock",
            "@s krep:minimifull",
            "/title @s actionbar \n------\n§l 97/100",
            "/playsound minimi.shoot @a[r=150]"
          ]
        },
        "delay.97": {
          "transitions": [
            {
              "minimi.97": "query.get_equipped_item_name=='minimi' && query.is_using_item"
            },
            {
              "reload": "query.get_equipped_item_name=='minimi_emp' && query.mark_variant == 3 && query.is_using_item"
            }
          ]
        },
        "minimi.97": {
          "animations": [
            "minimishoot"
          ],
          "transitions": [
            {
              "delay.96": "query.all_animations_finished"
            }
          ],
          "on_entry": [
            "@s krep:minimi_fire",
            "@s krep:minimirecoil_grip",
            "@s krep:minimirecoil_stock",
            "@s krep:minimifull",
            "/title @s actionbar \n------\n§l 96/100",
            "/playsound minimi.shoot @a[r=150]"
          ]
        },
        "delay.96": {
          "transitions": [
            {
              "minimi.96": "query.get_equipped_item_name=='minimi' && query.is_using_item"
            },
            {
              "reload": "query.get_equipped_item_name=='minimi_emp' && query.mark_variant == 3 && query.is_using_item"
            }
          ]
        },
        "minimi.96": {
          "animations": [
            "minimishoot"
          ],
          "transitions": [
            {
              "delay.95": "query.all_animations_finished"
            }
          ],
          "on_entry": [
            "@s krep:minimi_fire",
            "@s krep:minimirecoil_grip",
            "@s krep:minimirecoil_stock",
            "@s krep:minimifull",
            "/title @s actionbar \n------\n§l 95/100",
            "/playsound minimi.shoot @a[r=150]"
          ]
        },
        "delay.95": {
          "transitions": [
            {
              "minimi.95": "query.get_equipped_item_name=='minimi' && query.is_using_item"
            },
            {
              "reload": "query.get_equipped_item_name=='minimi_emp' && query.mark_variant == 3 && query.is_using_item"
            }
          ]
        },
        "minimi.95": {
          "animations": [
            "minimishoot"
          ],
          "transitions": [
            {
              "delay.94": "query.all_animations_finished"
            }
          ],
          "on_entry": [
            "@s krep:minimi_fire",
            "@s krep:minimirecoil_grip",
            "@s krep:minimirecoil_stock",
            "@s krep:minimifull",
            "/title @s actionbar \n------\n§l 94/100",
            "/playsound minimi.shoot @a[r=150]"
          ]
        },
        "delay.94": {
          "transitions": [
            {
              "minimi.94": "query.get_equipped_item_name=='minimi' && query.is_using_item"
            },
            {
              "reload": "query.get_equipped_item_name=='minimi_emp' && query.mark_variant == 3 && query.is_using_item"
            }
          ]
        },
        "minimi.94": {
          "animations": [
            "minimishoot"
          ],
          "transitions": [
            {
              "delay.93": "query.all_animations_finished"
            }
          ],
          "on_entry": [
            "@s krep:minimi_fire",
            "@s krep:minimirecoil_grip",
            "@s krep:minimirecoil_stock",
            "@s krep:minimifull",
            "/title @s actionbar \n------\n§l 93/100",
            "/playsound minimi.shoot @a[r=150]"
          ]
        },
        "delay.93": {
          "transitions": [
            {
              "minimi.93": "query.get_equipped_item_name=='minimi' && query.is_using_item"
            },
            {
              "reload": "query.get_equipped_item_name=='minimi_emp' && query.mark_variant == 3 && query.is_using_item"
            }
          ]
        },
        "minimi.93": {
          "animations": [
            "minimishoot"
          ],
          "transitions": [
            {
              "delay.92": "query.all_animations_finished"
            }
          ],
          "on_entry": [
            "@s krep:minimi_fire",
            "@s krep:minimirecoil_grip",
            "@s krep:minimirecoil_stock",
            "@s krep:minimifull",
            "/title @s actionbar \n------\n§l 92/100",
            "/playsound minimi.shoot @a[r=150]"
          ]
        },
        "delay.92": {
          "transitions": [
            {
              "minimi.92": "query.get_equipped_item_name=='minimi' && query.is_using_item"
            },
            {
              "reload": "query.get_equipped_item_name=='minimi_emp' && query.mark_variant == 3 && query.is_using_item"
            }
          ]
        },
        "minimi.92": {
          "animations": [
            "minimishoot"
          ],
          "transitions": [
            {
              "delay.91": "query.all_animations_finished"
            }
          ],
          "on_entry": [
            "@s krep:minimi_fire",
            "@s krep:minimirecoil_grip",
            "@s krep:minimirecoil_stock",
            "@s krep:minimifull",
            "/title @s actionbar \n------\n§l 91/100",
            "/playsound minimi.shoot @a[r=150]"
          ]
        },
        "delay.91": {
          "transitions": [
            {
              "minimi.91": "query.get_equipped_item_name=='minimi' && query.is_using_item"
            },
            {
              "reload": "query.get_equipped_item_name=='minimi_emp' && query.mark_variant == 3 && query.is_using_item"
            }
          ]
        },
        "minimi.91": {
          "animations": [
            "minimishoot"
          ],
          "transitions": [
            {
              "delay.90": "query.all_animations_finished"
            }
          ],
          "on_entry": [
            "@s krep:minimi_fire",
            "@s krep:minimirecoil_grip",
            "@s krep:minimirecoil_stock",
            "@s krep:minimifull",
            "/title @s actionbar \n------\n§l 90/100",
            "/playsound minimi.shoot @a[r=150]"
          ]
        },
        "delay.90": {
          "transitions": [
            {
              "minimi.90": "query.get_equipped_item_name=='minimi' && query.is_using_item"
            },
            {
              "reload": "query.get_equipped_item_name=='minimi_emp' && query.mark_variant == 3 && query.is_using_item"
            }
          ]
        },
        "minimi.90": {
          "animations": [
            "minimishoot"
          ],
          "transitions": [
            {
              "delay.89": "query.all_animations_finished"
            }
          ],
          "on_entry": [
            "@s krep:minimi_fire",
            "@s krep:minimirecoil_grip",
            "@s krep:minimirecoil_stock",
            "@s krep:minimifull",
            "/title @s actionbar \n------\n§l 89/100",
            "/playsound minimi.shoot @a[r=150]"
          ]
        },
        "delay.89": {
          "transitions": [
            {
              "minimi.89": "query.get_equipped_item_name=='minimi' && query.is_using_item"
            },
            {
              "reload": "query.get_equipped_item_name=='minimi_emp' && query.mark_variant == 3 && query.is_using_item"
            }
          ]
        },
        "minimi.89": {
          "animations": [
            "minimishoot"
          ],
          "transitions": [
            {
              "delay.88": "query.all_animations_finished"
            }
          ],
          "on_entry": [
            "@s krep:minimi_fire",
            "@s krep:minimirecoil_grip",
            "@s krep:minimirecoil_stock",
            "@s krep:minimifull",
            "/title @s actionbar \n------\n§l 88/100",
            "/playsound minimi.shoot @a[r=150]"
          ]
        },
        "delay.88": {
          "transitions": [
            {
              "minimi.88": "query.get_equipped_item_name=='minimi' && query.is_using_item"
            },
            {
              "reload": "query.get_equipped_item_name=='minimi_emp' && query.mark_variant == 3 && query.is_using_item"
            }
          ]
        },
        "minimi.88": {
          "animations": [
            "minimishoot"
          ],
          "transitions": [
            {
              "delay.87": "query.all_animations_finished"
            }
          ],
          "on_entry": [
            "@s krep:minimi_fire",
            "@s krep:minimirecoil_grip",
            "@s krep:minimirecoil_stock",
            "@s krep:minimifull",
            "/title @s actionbar \n------\n§l 87/100",
            "/playsound minimi.shoot @a[r=150]"
          ]
        },
        "delay.87": {
          "transitions": [
            {
              "minimi.87": "query.get_equipped_item_name=='minimi' && query.is_using_item"
            },
            {
              "reload": "query.get_equipped_item_name=='minimi_emp' && query.mark_variant == 3 && query.is_using_item"
            }
          ]
        },
        "minimi.87": {
          "animations": [
            "minimishoot"
          ],
          "transitions": [
            {
              "delay.86": "query.all_animations_finished"
            }
          ],
          "on_entry": [
            "@s krep:minimi_fire",
            "@s krep:minimirecoil_grip",
            "@s krep:minimirecoil_stock",
            "@s krep:minimifull",
            "/title @s actionbar \n------\n§l 86/100",
            "/playsound minimi.shoot @a[r=150]"
          ]
        },
        "delay.86": {
          "transitions": [
            {
              "minimi.86": "query.get_equipped_item_name=='minimi' && query.is_using_item"
            },
            {
              "reload": "query.get_equipped_item_name=='minimi_emp' && query.mark_variant == 3 && query.is_using_item"
            }
          ]
        },
        "minimi.86": {
          "animations": [
            "minimishoot"
          ],
          "transitions": [
            {
              "delay.85": "query.all_animations_finished"
            }
          ],
          "on_entry": [
            "@s krep:minimi_fire",
            "@s krep:minimirecoil_grip",
            "@s krep:minimirecoil_stock",
            "@s krep:minimifull",
            "/title @s actionbar \n------\n§l 85/100",
            "/playsound minimi.shoot @a[r=150]"
          ]
        },
        "delay.85": {
          "transitions": [
            {
              "minimi.85": "query.get_equipped_item_name=='minimi' && query.is_using_item"
            },
            {
              "reload": "query.get_equipped_item_name=='minimi_emp' && query.mark_variant == 3 && query.is_using_item"
            }
          ]
        },
        "minimi.85": {
          "animations": [
            "minimishoot"
          ],
          "transitions": [
            {
              "delay.84": "query.all_animations_finished"
            }
          ],
          "on_entry": [
            "@s krep:minimi_fire",
            "@s krep:minimirecoil_grip",
            "@s krep:minimirecoil_stock",
            "@s krep:minimifull",
            "/title @s actionbar \n------\n§l 84/100",
            "/playsound minimi.shoot @a[r=150]"
          ]
        },
        "delay.84": {
          "transitions": [
            {
              "minimi.84": "query.get_equipped_item_name=='minimi' && query.is_using_item"
            },
            {
              "reload": "query.get_equipped_item_name=='minimi_emp' && query.mark_variant == 3 && query.is_using_item"
            }
          ]
        },
        "minimi.84": {
          "animations": [
            "minimishoot"
          ],
          "transitions": [
            {
              "delay.83": "query.all_animations_finished"
            }
          ],
          "on_entry": [
            "@s krep:minimi_fire",
            "@s krep:minimirecoil_grip",
            "@s krep:minimirecoil_stock",
            "@s krep:minimifull",
            "/title @s actionbar \n------\n§l 83/100",
            "/playsound minimi.shoot @a[r=150]"
          ]
        },
        "delay.83": {
          "transitions": [
            {
              "minimi.83": "query.get_equipped_item_name=='minimi' && query.is_using_item"
            },
            {
              "reload": "query.get_equipped_item_name=='minimi_emp' && query.mark_variant == 3 && query.is_using_item"
            }
          ]
        },
        "minimi.83": {
          "animations": [
            "minimishoot"
          ],
          "transitions": [
            {
              "delay.82": "query.all_animations_finished"
            }
          ],
          "on_entry": [
            "@s krep:minimi_fire",
            "@s krep:minimirecoil_grip",
            "@s krep:minimirecoil_stock",
            "@s krep:minimifull",
            "/title @s actionbar \n------\n§l 82/100",
            "/playsound minimi.shoot @a[r=150]"
          ]
        },
        "delay.82": {
          "transitions": [
            {
              "minimi.82": "query.get_equipped_item_name=='minimi' && query.is_using_item"
            },
            {
              "reload": "query.get_equipped_item_name=='minimi_emp' && query.mark_variant == 3 && query.is_using_item"
            }
          ]
        },
        "minimi.82": {
          "animations": [
            "minimishoot"
          ],
          "transitions": [
            {
              "delay.81": "query.all_animations_finished"
            }
          ],
          "on_entry": [
            "@s krep:minimi_fire",
            "@s krep:minimirecoil_grip",
            "@s krep:minimirecoil_stock",
            "@s krep:minimifull",
            "/title @s actionbar \n------\n§l 81/100",
            "/playsound minimi.shoot @a[r=150]"
          ]
        },
        "delay.81": {
          "transitions": [
            {
              "minimi.81": "query.get_equipped_item_name=='minimi' && query.is_using_item"
            },
            {
              "reload": "query.get_equipped_item_name=='minimi_emp' && query.mark_variant == 3 && query.is_using_item"
            }
          ]
        },
        "minimi.81": {
          "animations": [
            "minimishoot"
          ],
          "transitions": [
            {
              "delay.80": "query.all_animations_finished"
            }
          ],
          "on_entry": [
            "@s krep:minimi_fire",
            "@s krep:minimirecoil_grip",
            "@s krep:minimirecoil_stock",
            "@s krep:minimifull",
            "/title @s actionbar \n------\n§l 80/100",
            "/playsound minimi.shoot @a[r=150]"
          ]
        },
        "delay.80": {
          "transitions": [
            {
              "minimi.80": "query.get_equipped_item_name=='minimi' && query.is_using_item"
            },
            {
              "reload": "query.get_equipped_item_name=='minimi_emp' && query.mark_variant == 3 && query.is_using_item"
            }
          ]
        },
        "minimi.80": {
          "animations": [
            "minimishoot"
          ],
          "transitions": [
            {
              "delay.79": "query.all_animations_finished"
            }
          ],
          "on_entry": [
            "@s krep:minimi_fire",
            "@s krep:minimirecoil_grip",
            "@s krep:minimirecoil_stock",
            "@s krep:minimifull",
            "/title @s actionbar \n------\n§l 79/100",
            "/playsound minimi.shoot @a[r=150]"
          ]
        },
        "delay.79": {
          "transitions": [
            {
              "minimi.79": "query.get_equipped_item_name=='minimi' && query.is_using_item"
            },
            {
              "reload": "query.get_equipped_item_name=='minimi_emp' && query.mark_variant == 3 && query.is_using_item"
            }
          ]
        },
        "minimi.79": {
          "animations": [
            "minimishoot"
          ],
          "transitions": [
            {
              "delay.78": "query.all_animations_finished"
            }
          ],
          "on_entry": [
            "@s krep:minimi_fire",
            "@s krep:minimirecoil_grip",
            "@s krep:minimirecoil_stock",
            "@s krep:minimifull",
            "/title @s actionbar \n------\n§l 78/100",
            "/playsound minimi.shoot @a[r=150]"
          ]
        },
        "delay.78": {
          "transitions": [
            {
              "minimi.78": "query.get_equipped_item_name=='minimi' && query.is_using_item"
            },
            {
              "reload": "query.get_equipped_item_name=='minimi_emp' && query.mark_variant == 3 && query.is_using_item"
            }
          ]
        },
        "minimi.78": {
          "animations": [
            "minimishoot"
          ],
          "transitions": [
            {
              "delay.77": "query.all_animations_finished"
            }
          ],
          "on_entry": [
            "@s krep:minimi_fire",
            "@s krep:minimirecoil_grip",
            "@s krep:minimirecoil_stock",
            "@s krep:minimifull",
            "/title @s actionbar \n------\n§l 77/100",
            "/playsound minimi.shoot @a[r=150]"
          ]
        },
        "delay.77": {
          "transitions": [
            {
              "minimi.77": "query.get_equipped_item_name=='minimi' && query.is_using_item"
            },
            {
              "reload": "query.get_equipped_item_name=='minimi_emp' && query.mark_variant == 3 && query.is_using_item"
            }
          ]
        },
        "minimi.77": {
          "animations": [
            "minimishoot"
          ],
          "transitions": [
            {
              "delay.76": "query.all_animations_finished"
            }
          ],
          "on_entry": [
            "@s krep:minimi_fire",
            "@s krep:minimirecoil_grip",
            "@s krep:minimirecoil_stock",
            "@s krep:minimifull",
            "/title @s actionbar \n------\n§l 76/100",
            "/playsound minimi.shoot @a[r=150]"
          ]
        },
        "delay.76": {
          "transitions": [
            {
              "minimi.76": "query.get_equipped_item_name=='minimi' && query.is_using_item"
            },
            {
              "reload": "query.get_equipped_item_name=='minimi_emp' && query.mark_variant == 3 && query.is_using_item"
            }
          ]
        },
        "minimi.76": {
          "animations": [
            "minimishoot"
          ],
          "transitions": [
            {
              "delay.75": "query.all_animations_finished"
            }
          ],
          "on_entry": [
            "@s krep:minimi_fire",
            "@s krep:minimirecoil_grip",
            "@s krep:minimirecoil_stock",
            "@s krep:minimifull",
            "/title @s actionbar \n------\n§l 75/100",
            "/playsound minimi.shoot @a[r=150]"
          ]
        },
        "delay.75": {
          "transitions": [
            {
              "minimi.75": "query.get_equipped_item_name=='minimi' && query.is_using_item"
            },
            {
              "reload": "query.get_equipped_item_name=='minimi_emp' && query.mark_variant == 3 && query.is_using_item"
            }
          ]
        },
        "minimi.75": {
          "animations": [
            "minimishoot"
          ],
          "transitions": [
            {
              "delay.74": "query.all_animations_finished"
            }
          ],
          "on_entry": [
            "@s krep:minimi_fire",
            "@s krep:minimirecoil_grip",
            "@s krep:minimirecoil_stock",
            "@s krep:minimifull",
            "/title @s actionbar \n------\n§l 74/100",
            "/playsound minimi.shoot @a[r=150]"
          ]
        },
        "delay.74": {
          "transitions": [
            {
              "minimi.74": "query.get_equipped_item_name=='minimi' && query.is_using_item"
            },
            {
              "reload": "query.get_equipped_item_name=='minimi_emp' && query.mark_variant == 3 && query.is_using_item"
            }
          ]
        },
        "minimi.74": {
          "animations": [
            "minimishoot"
          ],
          "transitions": [
            {
              "delay.73": "query.all_animations_finished"
            }
          ],
          "on_entry": [
            "@s krep:minimi_fire",
            "@s krep:minimirecoil_grip",
            "@s krep:minimirecoil_stock",
            "@s krep:minimifull",
            "/title @s actionbar \n------\n§l 73/100",
            "/playsound minimi.shoot @a[r=150]"
          ]
        },
        "delay.73": {
          "transitions": [
            {
              "minimi.73": "query.get_equipped_item_name=='minimi' && query.is_using_item"
            },
            {
              "reload": "query.get_equipped_item_name=='minimi_emp' && query.mark_variant == 3 && query.is_using_item"
            }
          ]
        },
        "minimi.73": {
          "animations": [
            "minimishoot"
          ],
          "transitions": [
            {
              "delay.72": "query.all_animations_finished"
            }
          ],
          "on_entry": [
            "@s krep:minimi_fire",
            "@s krep:minimirecoil_grip",
            "@s krep:minimirecoil_stock",
            "@s krep:minimifull",
            "/title @s actionbar \n------\n§l 72/100",
            "/playsound minimi.shoot @a[r=150]"
          ]
        },
        "delay.72": {
          "transitions": [
            {
              "minimi.72": "query.get_equipped_item_name=='minimi' && query.is_using_item"
            },
            {
              "reload": "query.get_equipped_item_name=='minimi_emp' && query.mark_variant == 3 && query.is_using_item"
            }
          ]
        },
        "minimi.72": {
          "animations": [
            "minimishoot"
          ],
          "transitions": [
            {
              "delay.71": "query.all_animations_finished"
            }
          ],
          "on_entry": [
            "@s krep:minimi_fire",
            "@s krep:minimirecoil_grip",
            "@s krep:minimirecoil_stock",
            "@s krep:minimifull",
            "/title @s actionbar \n------\n§l 71/100",
            "/playsound minimi.shoot @a[r=150]"
          ]
        },
        "delay.71": {
          "transitions": [
            {
              "minimi.71": "query.get_equipped_item_name=='minimi' && query.is_using_item"
            },
            {
              "reload": "query.get_equipped_item_name=='minimi_emp' && query.mark_variant == 3 && query.is_using_item"
            }
          ]
        },
        "minimi.71": {
          "animations": [
            "minimishoot"
          ],
          "transitions": [
            {
              "delay.70": "query.all_animations_finished"
            }
          ],
          "on_entry": [
            "@s krep:minimi_fire",
            "@s krep:minimirecoil_grip",
            "@s krep:minimirecoil_stock",
            "@s krep:minimifull",
            "/title @s actionbar \n------\n§l 70/100",
            "/playsound minimi.shoot @a[r=150]"
          ]
        },
        "delay.70": {
          "transitions": [
            {
              "minimi.70": "query.get_equipped_item_name=='minimi' && query.is_using_item"
            },
            {
              "reload": "query.get_equipped_item_name=='minimi_emp' && query.mark_variant == 3 && query.is_using_item"
            }
          ]
        },
        "minimi.70": {
          "animations": [
            "minimishoot"
          ],
          "transitions": [
            {
              "delay.69": "query.all_animations_finished"
            }
          ],
          "on_entry": [
            "@s krep:minimi_fire",
            "@s krep:minimirecoil_grip",
            "@s krep:minimirecoil_stock",
            "@s krep:minimifull",
            "/title @s actionbar \n------\n§l 69/100",
            "/playsound minimi.shoot @a[r=150]"
          ]
        },
        "delay.69": {
          "transitions": [
            {
              "minimi.69": "query.get_equipped_item_name=='minimi' && query.is_using_item"
            },
            {
              "reload": "query.get_equipped_item_name=='minimi_emp' && query.mark_variant == 3 && query.is_using_item"
            }
          ]
        },
        "minimi.69": {
          "animations": [
            "minimishoot"
          ],
          "transitions": [
            {
              "delay.68": "query.all_animations_finished"
            }
          ],
          "on_entry": [
            "@s krep:minimi_fire",
            "@s krep:minimirecoil_grip",
            "@s krep:minimirecoil_stock",
            "@s krep:minimifull",
            "/title @s actionbar \n------\n§l 68/100",
            "/playsound minimi.shoot @a[r=150]"
          ]
        },
        "delay.68": {
          "transitions": [
            {
              "minimi.68": "query.get_equipped_item_name=='minimi' && query.is_using_item"
            },
            {
              "reload": "query.get_equipped_item_name=='minimi_emp' && query.mark_variant == 3 && query.is_using_item"
            }
          ]
        },
        "minimi.68": {
          "animations": [
            "minimishoot"
          ],
          "transitions": [
            {
              "delay.67": "query.all_animations_finished"
            }
          ],
          "on_entry": [
            "@s krep:minimi_fire",
            "@s krep:minimirecoil_grip",
            "@s krep:minimirecoil_stock",
            "@s krep:minimifull",
            "/title @s actionbar \n------\n§l 67/100",
            "/playsound minimi.shoot @a[r=150]"
          ]
        },
        "delay.67": {
          "transitions": [
            {
              "minimi.67": "query.get_equipped_item_name=='minimi' && query.is_using_item"
            },
            {
              "reload": "query.get_equipped_item_name=='minimi_emp' && query.mark_variant == 3 && query.is_using_item"
            }
          ]
        },
        "minimi.67": {
          "animations": [
            "minimishoot"
          ],
          "transitions": [
            {
              "delay.66": "query.all_animations_finished"
            }
          ],
          "on_entry": [
            "@s krep:minimi_fire",
            "@s krep:minimirecoil_grip",
            "@s krep:minimirecoil_stock",
            "@s krep:minimifull",
            "/title @s actionbar \n------\n§l 66/100",
            "/playsound minimi.shoot @a[r=150]"
          ]
        },
        "delay.66": {
          "transitions": [
            {
              "minimi.66": "query.get_equipped_item_name=='minimi' && query.is_using_item"
            },
            {
              "reload": "query.get_equipped_item_name=='minimi_emp' && query.mark_variant == 3 && query.is_using_item"
            }
          ]
        },
        "minimi.66": {
          "animations": [
            "minimishoot"
          ],
          "transitions": [
            {
              "delay.65": "query.all_animations_finished"
            }
          ],
          "on_entry": [
            "@s krep:minimi_fire",
            "@s krep:minimirecoil_grip",
            "@s krep:minimirecoil_stock",
            "@s krep:minimifull",
            "/title @s actionbar \n------\n§l 65/100",
            "/playsound minimi.shoot @a[r=150]"
          ]
        },
        "delay.65": {
          "transitions": [
            {
              "minimi.65": "query.get_equipped_item_name=='minimi' && query.is_using_item"
            },
            {
              "reload": "query.get_equipped_item_name=='minimi_emp' && query.mark_variant == 3 && query.is_using_item"
            }
          ]
        },
        "minimi.65": {
          "animations": [
            "minimishoot"
          ],
          "transitions": [
            {
              "delay.64": "query.all_animations_finished"
            }
          ],
          "on_entry": [
            "@s krep:minimi_fire",
            "@s krep:minimirecoil_grip",
            "@s krep:minimirecoil_stock",
            "@s krep:minimifull",
            "/title @s actionbar \n------\n§l 64/100",
            "/playsound minimi.shoot @a[r=150]"
          ]
        },
        "delay.64": {
          "transitions": [
            {
              "minimi.64": "query.get_equipped_item_name=='minimi' && query.is_using_item"
            },
            {
              "reload": "query.get_equipped_item_name=='minimi_emp' && query.mark_variant == 3 && query.is_using_item"
            }
          ]
        },
        "minimi.64": {
          "animations": [
            "minimishoot"
          ],
          "transitions": [
            {
              "delay.63": "query.all_animations_finished"
            }
          ],
          "on_entry": [
            "@s krep:minimi_fire",
            "@s krep:minimirecoil_grip",
            "@s krep:minimirecoil_stock",
            "@s krep:minimifull",
            "/title @s actionbar \n------\n§l 63/100",
            "/playsound minimi.shoot @a[r=150]"
          ]
        },
        "delay.63": {
          "transitions": [
            {
              "minimi.63": "query.get_equipped_item_name=='minimi' && query.is_using_item"
            },
            {
              "reload": "query.get_equipped_item_name=='minimi_emp' && query.mark_variant == 3 && query.is_using_item"
            }
          ]
        },
        "minimi.63": {
          "animations": [
            "minimishoot"
          ],
          "transitions": [
            {
              "delay.62": "query.all_animations_finished"
            }
          ],
          "on_entry": [
            "@s krep:minimi_fire",
            "@s krep:minimirecoil_grip",
            "@s krep:minimirecoil_stock",
            "@s krep:minimifull",
            "/title @s actionbar \n------\n§l 62/100",
            "/playsound minimi.shoot @a[r=150]"
          ]
        },
        "delay.62": {
          "transitions": [
            {
              "minimi.62": "query.get_equipped_item_name=='minimi' && query.is_using_item"
            },
            {
              "reload": "query.get_equipped_item_name=='minimi_emp' && query.mark_variant == 3 && query.is_using_item"
            }
          ]
        },
        "minimi.62": {
          "animations": [
            "minimishoot"
          ],
          "transitions": [
            {
              "delay.61": "query.all_animations_finished"
            }
          ],
          "on_entry": [
            "@s krep:minimi_fire",
            "@s krep:minimirecoil_grip",
            "@s krep:minimirecoil_stock",
            "@s krep:minimifull",
            "/title @s actionbar \n------\n§l 61/100",
            "/playsound minimi.shoot @a[r=150]"
          ]
        },
        "delay.61": {
          "transitions": [
            {
              "minimi.61": "query.get_equipped_item_name=='minimi' && query.is_using_item"
            },
            {
              "reload": "query.get_equipped_item_name=='minimi_emp' && query.mark_variant == 3 && query.is_using_item"
            }
          ]
        },
        "minimi.61": {
          "animations": [
            "minimishoot"
          ],
          "transitions": [
            {
              "delay.60": "query.all_animations_finished"
            }
          ],
          "on_entry": [
            "@s krep:minimi_fire",
            "@s krep:minimirecoil_grip",
            "@s krep:minimirecoil_stock",
            "@s krep:minimifull",
            "/title @s actionbar \n------\n§l 60/100",
            "/playsound minimi.shoot @a[r=150]"
          ]
        },
        "delay.60": {
          "transitions": [
            {
              "minimi.60": "query.get_equipped_item_name=='minimi' && query.is_using_item"
            },
            {
              "reload": "query.get_equipped_item_name=='minimi_emp' && query.mark_variant == 3 && query.is_using_item"
            }
          ]
        },
        "minimi.60": {
          "animations": [
            "minimishoot"
          ],
          "transitions": [
            {
              "delay.59": "query.all_animations_finished"
            }
          ],
          "on_entry": [
            "@s krep:minimi_fire",
            "@s krep:minimirecoil_grip",
            "@s krep:minimirecoil_stock",
            "@s krep:minimifull",
            "/title @s actionbar \n------\n§l 59/100",
            "/playsound minimi.shoot @a[r=150]"
          ]
        },
        "delay.59": {
          "transitions": [
            {
              "minimi.59": "query.get_equipped_item_name=='minimi' && query.is_using_item"
            },
            {
              "reload": "query.get_equipped_item_name=='minimi_emp' && query.mark_variant == 3 && query.is_using_item"
            }
          ]
        },
        "minimi.59": {
          "animations": [
            "minimishoot"
          ],
          "transitions": [
            {
              "delay.58": "query.all_animations_finished"
            }
          ],
          "on_entry": [
            "@s krep:minimi_fire",
            "@s krep:minimirecoil_grip",
            "@s krep:minimirecoil_stock",
            "@s krep:minimifull",
            "/title @s actionbar \n------\n§l 58/100",
            "/playsound minimi.shoot @a[r=150]"
          ]
        },
        "delay.58": {
          "transitions": [
            {
              "minimi.58": "query.get_equipped_item_name=='minimi' && query.is_using_item"
            },
            {
              "reload": "query.get_equipped_item_name=='minimi_emp' && query.mark_variant == 3 && query.is_using_item"
            }
          ]
        },
        "minimi.58": {
          "animations": [
            "minimishoot"
          ],
          "transitions": [
            {
              "delay.57": "query.all_animations_finished"
            }
          ],
          "on_entry": [
            "@s krep:minimi_fire",
            "@s krep:minimirecoil_grip",
            "@s krep:minimirecoil_stock",
            "@s krep:minimifull",
            "/title @s actionbar \n------\n§l 57/100",
            "/playsound minimi.shoot @a[r=150]"
          ]
        },
        "delay.57": {
          "transitions": [
            {
              "minimi.57": "query.get_equipped_item_name=='minimi' && query.is_using_item"
            },
            {
              "reload": "query.get_equipped_item_name=='minimi_emp' && query.mark_variant == 3 && query.is_using_item"
            }
          ]
        },
        "minimi.57": {
          "animations": [
            "minimishoot"
          ],
          "transitions": [
            {
              "delay.56": "query.all_animations_finished"
            }
          ],
          "on_entry": [
            "@s krep:minimi_fire",
            "@s krep:minimirecoil_grip",
            "@s krep:minimirecoil_stock",
            "@s krep:minimifull",
            "/title @s actionbar \n------\n§l 56/100",
            "/playsound minimi.shoot @a[r=150]"
          ]
        },
        "delay.56": {
          "transitions": [
            {
              "minimi.56": "query.get_equipped_item_name=='minimi' && query.is_using_item"
            },
            {
              "reload": "query.get_equipped_item_name=='minimi_emp' && query.mark_variant == 3 && query.is_using_item"
            }
          ]
        },
        "minimi.56": {
          "animations": [
            "minimishoot"
          ],
          "transitions": [
            {
              "delay.55": "query.all_animations_finished"
            }
          ],
          "on_entry": [
            "@s krep:minimi_fire",
            "@s krep:minimirecoil_grip",
            "@s krep:minimirecoil_stock",
            "@s krep:minimifull",
            "/title @s actionbar \n------\n§l 55/100",
            "/playsound minimi.shoot @a[r=150]"
          ]
        },
        "delay.55": {
          "transitions": [
            {
              "minimi.55": "query.get_equipped_item_name=='minimi' && query.is_using_item"
            },
            {
              "reload": "query.get_equipped_item_name=='minimi_emp' && query.mark_variant == 3 && query.is_using_item"
            }
          ]
        },
        "minimi.55": {
          "animations": [
            "minimishoot"
          ],
          "transitions": [
            {
              "delay.54": "query.all_animations_finished"
            }
          ],
          "on_entry": [
            "@s krep:minimi_fire",
            "@s krep:minimirecoil_grip",
            "@s krep:minimirecoil_stock",
            "@s krep:minimifull",
            "/title @s actionbar \n------\n§l 54/100",
            "/playsound minimi.shoot @a[r=150]"
          ]
        },
        "delay.54": {
          "transitions": [
            {
              "minimi.54": "query.get_equipped_item_name=='minimi' && query.is_using_item"
            },
            {
              "reload": "query.get_equipped_item_name=='minimi_emp' && query.mark_variant == 3 && query.is_using_item"
            }
          ]
        },
        "minimi.54": {
          "animations": [
            "minimishoot"
          ],
          "transitions": [
            {
              "delay.53": "query.all_animations_finished"
            }
          ],
          "on_entry": [
            "@s krep:minimi_fire",
            "@s krep:minimirecoil_grip",
            "@s krep:minimirecoil_stock",
            "@s krep:minimifull",
            "/title @s actionbar \n------\n§l 53/100",
            "/playsound minimi.shoot @a[r=150]"
          ]
        },
        "delay.53": {
          "transitions": [
            {
              "minimi.53": "query.get_equipped_item_name=='minimi' && query.is_using_item"
            },
            {
              "reload": "query.get_equipped_item_name=='minimi_emp' && query.mark_variant == 3 && query.is_using_item"
            }
          ]
        },
        "minimi.53": {
          "animations": [
            "minimishoot"
          ],
          "transitions": [
            {
              "delay.52": "query.all_animations_finished"
            }
          ],
          "on_entry": [
            "@s krep:minimi_fire",
            "@s krep:minimirecoil_grip",
            "@s krep:minimirecoil_stock",
            "@s krep:minimifull",
            "/title @s actionbar \n------\n§l 52/100",
            "/playsound minimi.shoot @a[r=150]"
          ]
        },
        "delay.52": {
          "transitions": [
            {
              "minimi.52": "query.get_equipped_item_name=='minimi' && query.is_using_item"
            },
            {
              "reload": "query.get_equipped_item_name=='minimi_emp' && query.mark_variant == 3 && query.is_using_item"
            }
          ]
        },
        "minimi.52": {
          "animations": [
            "minimishoot"
          ],
          "transitions": [
            {
              "delay.51": "query.all_animations_finished"
            }
          ],
          "on_entry": [
            "@s krep:minimi_fire",
            "@s krep:minimirecoil_grip",
            "@s krep:minimirecoil_stock",
            "@s krep:minimifull",
            "/title @s actionbar \n------\n§l 51/100",
            "/playsound minimi.shoot @a[r=150]"
          ]
        },
        "delay.51": {
          "transitions": [
            {
              "minimi.51": "query.get_equipped_item_name=='minimi' && query.is_using_item"
            },
            {
              "reload": "query.get_equipped_item_name=='minimi_emp' && query.mark_variant == 3 && query.is_using_item"
            }
          ]
        },
        "minimi.51": {
          "animations": [
            "minimishoot"
          ],
          "transitions": [
            {
              "delay.50": "query.all_animations_finished"
            }
          ],
          "on_entry": [
            "@s krep:minimi_fire",
            "@s krep:minimirecoil_grip",
            "@s krep:minimirecoil_stock",
            "@s krep:minimifull",
            "/title @s actionbar \n------\n§l 50/100",
            "/playsound minimi.shoot @a[r=150]"
          ]
        },
        "delay.50": {
          "transitions": [
            {
              "minimi.50": "query.get_equipped_item_name=='minimi' && query.is_using_item"
            },
            {
              "reload": "query.get_equipped_item_name=='minimi_emp' && query.mark_variant == 3 && query.is_using_item"
            }
          ]
        },
        "minimi.50": {
          "animations": [
            "minimishoot"
          ],
          "transitions": [
            {
              "delay.49": "query.all_animations_finished"
            }
          ],
          "on_entry": [
            "@s krep:minimi_fire",
            "@s krep:minimirecoil_grip",
            "@s krep:minimirecoil_stock",
            "@s krep:minimifull",
            "/title @s actionbar \n------\n§l 49/100",
            "/playsound minimi.shoot @a[r=150]"
          ]
        },
        "delay.49": {
          "transitions": [
            {
              "minimi.49": "query.get_equipped_item_name=='minimi' && query.is_using_item"
            },
            {
              "reload": "query.get_equipped_item_name=='minimi_emp' && query.mark_variant == 3 && query.is_using_item"
            }
          ]
        },
        "minimi.49": {
          "animations": [
            "minimishoot"
          ],
          "transitions": [
            {
              "delay.48": "query.all_animations_finished"
            }
          ],
          "on_entry": [
            "@s krep:minimi_fire",
            "@s krep:minimirecoil_grip",
            "@s krep:minimirecoil_stock",
            "@s krep:minimifull",
            "/title @s actionbar \n------\n§l 48/100",
            "/playsound minimi.shoot @a[r=150]"
          ]
        },
        "delay.48": {
          "transitions": [
            {
              "minimi.48": "query.get_equipped_item_name=='minimi' && query.is_using_item"
            },
            {
              "reload": "query.get_equipped_item_name=='minimi_emp' && query.mark_variant == 3 && query.is_using_item"
            }
          ]
        },
        "minimi.48": {
          "animations": [
            "minimishoot"
          ],
          "transitions": [
            {
              "delay.47": "query.all_animations_finished"
            }
          ],
          "on_entry": [
            "@s krep:minimi_fire",
            "@s krep:minimirecoil_grip",
            "@s krep:minimirecoil_stock",
            "@s krep:minimifull",
            "/title @s actionbar \n------\n§l 47/100",
            "/playsound minimi.shoot @a[r=150]"
          ]
        },
        "delay.47": {
          "transitions": [
            {
              "minimi.47": "query.get_equipped_item_name=='minimi' && query.is_using_item"
            },
            {
              "reload": "query.get_equipped_item_name=='minimi_emp' && query.mark_variant == 3 && query.is_using_item"
            }
          ]
        },
        "minimi.47": {
          "animations": [
            "minimishoot"
          ],
          "transitions": [
            {
              "delay.46": "query.all_animations_finished"
            }
          ],
          "on_entry": [
            "@s krep:minimi_fire",
            "@s krep:minimirecoil_grip",
            "@s krep:minimirecoil_stock",
            "@s krep:minimifull",
            "/title @s actionbar \n------\n§l 46/100",
            "/playsound minimi.shoot @a[r=150]"
          ]
        },
        "delay.46": {
          "transitions": [
            {
              "minimi.46": "query.get_equipped_item_name=='minimi' && query.is_using_item"
            },
            {
              "reload": "query.get_equipped_item_name=='minimi_emp' && query.mark_variant == 3 && query.is_using_item"
            }
          ]
        },
        "minimi.46": {
          "animations": [
            "minimishoot"
          ],
          "transitions": [
            {
              "delay.45": "query.all_animations_finished"
            }
          ],
          "on_entry": [
            "@s krep:minimi_fire",
            "@s krep:minimirecoil_grip",
            "@s krep:minimirecoil_stock",
            "@s krep:minimifull",
            "/title @s actionbar \n------\n§l 45/100",
            "/playsound minimi.shoot @a[r=150]"
          ]
        },
        "delay.45": {
          "transitions": [
            {
              "minimi.45": "query.get_equipped_item_name=='minimi' && query.is_using_item"
            },
            {
              "reload": "query.get_equipped_item_name=='minimi_emp' && query.mark_variant == 3 && query.is_using_item"
            }
          ]
        },
        "minimi.45": {
          "animations": [
            "minimishoot"
          ],
          "transitions": [
            {
              "delay.44": "query.all_animations_finished"
            }
          ],
          "on_entry": [
            "@s krep:minimi_fire",
            "@s krep:minimirecoil_grip",
            "@s krep:minimirecoil_stock",
            "@s krep:minimifull",
            "/title @s actionbar \n------\n§l 44/100",
            "/playsound minimi.shoot @a[r=150]"
          ]
        },
        "delay.44": {
          "transitions": [
            {
              "minimi.44": "query.get_equipped_item_name=='minimi' && query.is_using_item"
            },
            {
              "reload": "query.get_equipped_item_name=='minimi_emp' && query.mark_variant == 3 && query.is_using_item"
            }
          ]
        },
        "minimi.44": {
          "animations": [
            "minimishoot"
          ],
          "transitions": [
            {
              "delay.43": "query.all_animations_finished"
            }
          ],
          "on_entry": [
            "@s krep:minimi_fire",
            "@s krep:minimirecoil_grip",
            "@s krep:minimirecoil_stock",
            "@s krep:minimifull",
            "/title @s actionbar \n------\n§l 43/100",
            "/playsound minimi.shoot @a[r=150]"
          ]
        },
        "delay.43": {
          "transitions": [
            {
              "minimi.43": "query.get_equipped_item_name=='minimi' && query.is_using_item"
            },
            {
              "reload": "query.get_equipped_item_name=='minimi_emp' && query.mark_variant == 3 && query.is_using_item"
            }
          ]
        },
        "minimi.43": {
          "animations": [
            "minimishoot"
          ],
          "transitions": [
            {
              "delay.42": "query.all_animations_finished"
            }
          ],
          "on_entry": [
            "@s krep:minimi_fire",
            "@s krep:minimirecoil_grip",
            "@s krep:minimirecoil_stock",
            "@s krep:minimifull",
            "/title @s actionbar \n------\n§l 42/100",
            "/playsound minimi.shoot @a[r=150]"
          ]
        },
        "delay.42": {
          "transitions": [
            {
              "minimi.42": "query.get_equipped_item_name=='minimi' && query.is_using_item"
            },
            {
              "reload": "query.get_equipped_item_name=='minimi_emp' && query.mark_variant == 3 && query.is_using_item"
            }
          ]
        },
        "minimi.42": {
          "animations": [
            "minimishoot"
          ],
          "transitions": [
            {
              "delay.41": "query.all_animations_finished"
            }
          ],
          "on_entry": [
            "@s krep:minimi_fire",
            "@s krep:minimirecoil_grip",
            "@s krep:minimirecoil_stock",
            "@s krep:minimifull",
            "/title @s actionbar \n------\n§l 41/100",
            "/playsound minimi.shoot @a[r=150]"
          ]
        },
        "delay.41": {
          "transitions": [
            {
              "minimi.41": "query.get_equipped_item_name=='minimi' && query.is_using_item"
            },
            {
              "reload": "query.get_equipped_item_name=='minimi_emp' && query.mark_variant == 3 && query.is_using_item"
            }
          ]
        },
        "minimi.41": {
          "animations": [
            "minimishoot"
          ],
          "transitions": [
            {
              "delay.40": "query.all_animations_finished"
            }
          ],
          "on_entry": [
            "@s krep:minimi_fire",
            "@s krep:minimirecoil_grip",
            "@s krep:minimirecoil_stock",
            "@s krep:minimifull",
            "/title @s actionbar \n------\n§l 40/100",
            "/playsound minimi.shoot @a[r=150]"
          ]
        },
        "delay.40": {
          "transitions": [
            {
              "minimi.40": "query.get_equipped_item_name=='minimi' && query.is_using_item"
            },
            {
              "reload": "query.get_equipped_item_name=='minimi_emp' && query.mark_variant == 3 && query.is_using_item"
            }
          ]
        },
        "minimi.40": {
          "animations": [
            "minimishoot"
          ],
          "transitions": [
            {
              "delay.39": "query.all_animations_finished"
            }
          ],
          "on_entry": [
            "@s krep:minimi_fire",
            "@s krep:minimirecoil_grip",
            "@s krep:minimirecoil_stock",
            "@s krep:minimifull",
            "/title @s actionbar \n------\n§l 39/100",
            "/playsound minimi.shoot @a[r=150]"
          ]
        },
        "delay.39": {
          "transitions": [
            {
              "minimi.39": "query.get_equipped_item_name=='minimi' && query.is_using_item"
            },
            {
              "reload": "query.get_equipped_item_name=='minimi_emp' && query.mark_variant == 3 && query.is_using_item"
            }
          ]
        },
        "minimi.39": {
          "animations": [
            "minimishoot"
          ],
          "transitions": [
            {
              "delay.38": "query.all_animations_finished"
            }
          ],
          "on_entry": [
            "@s krep:minimi_fire",
            "@s krep:minimirecoil_grip",
            "@s krep:minimirecoil_stock",
            "@s krep:minimifull",
            "/title @s actionbar \n------\n§l 38/100",
            "/playsound minimi.shoot @a[r=150]"
          ]
        },
        "delay.38": {
          "transitions": [
            {
              "minimi.38": "query.get_equipped_item_name=='minimi' && query.is_using_item"
            },
            {
              "reload": "query.get_equipped_item_name=='minimi_emp' && query.mark_variant == 3 && query.is_using_item"
            }
          ]
        },
        "minimi.38": {
          "animations": [
            "minimishoot"
          ],
          "transitions": [
            {
              "delay.37": "query.all_animations_finished"
            }
          ],
          "on_entry": [
            "@s krep:minimi_fire",
            "@s krep:minimirecoil_grip",
            "@s krep:minimirecoil_stock",
            "@s krep:minimifull",
            "/title @s actionbar \n------\n§l 37/100",
            "/playsound minimi.shoot @a[r=150]"
          ]
        },
        "delay.37": {
          "transitions": [
            {
              "minimi.37": "query.get_equipped_item_name=='minimi' && query.is_using_item"
            },
            {
              "reload": "query.get_equipped_item_name=='minimi_emp' && query.mark_variant == 3 && query.is_using_item"
            }
          ]
        },
        "minimi.37": {
          "animations": [
            "minimishoot"
          ],
          "transitions": [
            {
              "delay.36": "query.all_animations_finished"
            }
          ],
          "on_entry": [
            "@s krep:minimi_fire",
            "@s krep:minimirecoil_grip",
            "@s krep:minimirecoil_stock",
            "@s krep:minimifull",
            "/title @s actionbar \n------\n§l 36/100",
            "/playsound minimi.shoot @a[r=150]"
          ]
        },
        "delay.36": {
          "transitions": [
            {
              "minimi.36": "query.get_equipped_item_name=='minimi' && query.is_using_item"
            },
            {
              "reload": "query.get_equipped_item_name=='minimi_emp' && query.mark_variant == 3 && query.is_using_item"
            }
          ]
        },
        "minimi.36": {
          "animations": [
            "minimishoot"
          ],
          "transitions": [
            {
              "delay.35": "query.all_animations_finished"
            }
          ],
          "on_entry": [
            "@s krep:minimi_fire",
            "@s krep:minimirecoil_grip",
            "@s krep:minimirecoil_stock",
            "@s krep:minimifull",
            "/title @s actionbar \n------\n§l 35/100",
            "/playsound minimi.shoot @a[r=150]"
          ]
        },
        "delay.35": {
          "transitions": [
            {
              "minimi.35": "query.get_equipped_item_name=='minimi' && query.is_using_item"
            },
            {
              "reload": "query.get_equipped_item_name=='minimi_emp' && query.mark_variant == 3 && query.is_using_item"
            }
          ]
        },
        "minimi.35": {
          "animations": [
            "minimishoot"
          ],
          "transitions": [
            {
              "delay.34": "query.all_animations_finished"
            }
          ],
          "on_entry": [
            "@s krep:minimi_fire",
            "@s krep:minimirecoil_grip",
            "@s krep:minimirecoil_stock",
            "@s krep:minimifull",
            "/title @s actionbar \n------\n§l 34/100",
            "/playsound minimi.shoot @a[r=150]"
          ]
        },
        "delay.34": {
          "transitions": [
            {
              "minimi.34": "query.get_equipped_item_name=='minimi' && query.is_using_item"
            },
            {
              "reload": "query.get_equipped_item_name=='minimi_emp' && query.mark_variant == 3 && query.is_using_item"
            }
          ]
        },
        "minimi.34": {
          "animations": [
            "minimishoot"
          ],
          "transitions": [
            {
              "delay.33": "query.all_animations_finished"
            }
          ],
          "on_entry": [
            "@s krep:minimi_fire",
            "@s krep:minimirecoil_grip",
            "@s krep:minimirecoil_stock",
            "@s krep:minimifull",
            "/title @s actionbar \n------\n§l 33/100",
            "/playsound minimi.shoot @a[r=150]"
          ]
        },
        "delay.33": {
          "transitions": [
            {
              "minimi.33": "query.get_equipped_item_name=='minimi' && query.is_using_item"
            },
            {
              "reload": "query.get_equipped_item_name=='minimi_emp' && query.mark_variant == 3 && query.is_using_item"
            }
          ]
        },
        "minimi.33": {
          "animations": [
            "minimishoot"
          ],
          "transitions": [
            {
              "delay.32": "query.all_animations_finished"
            }
          ],
          "on_entry": [
            "@s krep:minimi_fire",
            "@s krep:minimirecoil_grip",
            "@s krep:minimirecoil_stock",
            "@s krep:minimifull",
            "/title @s actionbar \n------\n§l 32/100",
            "/playsound minimi.shoot @a[r=150]"
          ]
        },
        "delay.32": {
          "transitions": [
            {
              "minimi.32": "query.get_equipped_item_name=='minimi' && query.is_using_item"
            },
            {
              "reload": "query.get_equipped_item_name=='minimi_emp' && query.mark_variant == 3 && query.is_using_item"
            }
          ]
        },
        "minimi.32": {
          "animations": [
            "minimishoot"
          ],
          "transitions": [
            {
              "delay.31": "query.all_animations_finished"
            }
          ],
          "on_entry": [
            "@s krep:minimi_fire",
            "@s krep:minimirecoil_grip",
            "@s krep:minimirecoil_stock",
            "@s krep:minimifull",
            "/title @s actionbar \n------\n§l 31/100",
            "/playsound minimi.shoot @a[r=150]"
          ]
        },
        "delay.31": {
          "transitions": [
            {
              "minimi.31": "query.get_equipped_item_name=='minimi' && query.is_using_item"
            },
            {
              "reload": "query.get_equipped_item_name=='minimi_emp' && query.mark_variant == 3 && query.is_using_item"
            }
          ]
        },
        "minimi.31": {
          "animations": [
            "minimishoot"
          ],
          "transitions": [
            {
              "delay.30": "query.all_animations_finished"
            }
          ],
          "on_entry": [
            "@s krep:minimi_fire",
            "@s krep:minimirecoil_grip",
            "@s krep:minimirecoil_stock",
            "@s krep:minimifull",
            "/title @s actionbar \n------\n§l 30/100",
            "/playsound minimi.shoot @a[r=150]"
          ]
        },
        "delay.30": {
          "transitions": [
            {
              "minimi.30": "query.get_equipped_item_name=='minimi' && query.is_using_item"
            },
            {
              "reload": "query.get_equipped_item_name=='minimi_emp' && query.mark_variant == 3 && query.is_using_item"
            }
          ]
        },
        "minimi.30": {
          "animations": [
            "minimishoot"
          ],
          "transitions": [
            {
              "delay.29": "query.all_animations_finished"
            }
          ],
          "on_entry": [
            "@s krep:minimi_fire",
            "@s krep:minimirecoil_grip",
            "@s krep:minimirecoil_stock",
            "@s krep:minimifull",
            "/title @s actionbar \n------\n§l 29/100",
            "/playsound minimi.shoot @a[r=150]"
          ]
        },
        "delay.29": {
          "transitions": [
            {
              "minimi.29": "query.get_equipped_item_name=='minimi' && query.is_using_item"
            },
            {
              "reload": "query.get_equipped_item_name=='minimi_emp' && query.mark_variant == 3 && query.is_using_item"
            }
          ]
        },
        "minimi.29": {
          "animations": [
            "minimishoot"
          ],
          "transitions": [
            {
              "delay.28": "query.all_animations_finished"
            }
          ],
          "on_entry": [
            "@s krep:minimi_fire",
            "@s krep:minimirecoil_grip",
            "@s krep:minimirecoil_stock",
            "@s krep:minimifull",
            "/title @s actionbar \n------\n§l 28/100",
            "/playsound minimi.shoot @a[r=150]"
          ]
        },
        "delay.28": {
          "transitions": [
            {
              "minimi.28": "query.get_equipped_item_name=='minimi' && query.is_using_item"
            },
            {
              "reload": "query.get_equipped_item_name=='minimi_emp' && query.mark_variant == 3 && query.is_using_item"
            }
          ]
        },
        "minimi.28": {
          "animations": [
            "minimishoot"
          ],
          "transitions": [
            {
              "delay.27": "query.all_animations_finished"
            }
          ],
          "on_entry": [
            "@s krep:minimi_fire",
            "@s krep:minimirecoil_grip",
            "@s krep:minimirecoil_stock",
            "@s krep:minimifull",
            "/title @s actionbar \n------\n§l 27/100",
            "/playsound minimi.shoot @a[r=150]"
          ]
        },
        "delay.27": {
          "transitions": [
            {
              "minimi.27": "query.get_equipped_item_name=='minimi' && query.is_using_item"
            },
            {
              "reload": "query.get_equipped_item_name=='minimi_emp' && query.mark_variant == 3 && query.is_using_item"
            }
          ]
        },
        "minimi.27": {
          "animations": [
            "minimishoot"
          ],
          "transitions": [
            {
              "delay.26": "query.all_animations_finished"
            }
          ],
          "on_entry": [
            "@s krep:minimi_fire",
            "@s krep:minimirecoil_grip",
            "@s krep:minimirecoil_stock",
            "@s krep:minimifull",
            "/title @s actionbar \n------\n§l 26/100",
            "/playsound minimi.shoot @a[r=150]"
          ]
        },
        "delay.26": {
          "transitions": [
            {
              "minimi.26": "query.get_equipped_item_name=='minimi' && query.is_using_item"
            },
            {
              "reload": "query.get_equipped_item_name=='minimi_emp' && query.mark_variant == 3 && query.is_using_item"
            }
          ]
        },
        "minimi.26": {
          "animations": [
            "minimishoot"
          ],
          "transitions": [
            {
              "delay.25": "query.all_animations_finished"
            }
          ],
          "on_entry": [
            "@s krep:minimi_fire",
            "@s krep:minimirecoil_grip",
            "@s krep:minimirecoil_stock",
            "@s krep:minimifull",
            "/title @s actionbar \n------\n§l 25/100",
            "/playsound minimi.shoot @a[r=150]"
          ]
        },
        "delay.25": {
          "transitions": [
            {
              "minimi.25": "query.get_equipped_item_name=='minimi' && query.is_using_item"
            },
            {
              "reload": "query.get_equipped_item_name=='minimi_emp' && query.mark_variant == 3 && query.is_using_item"
            }
          ]
        },
        "minimi.25": {
          "animations": [
            "minimishoot"
          ],
          "transitions": [
            {
              "delay.24": "query.all_animations_finished"
            }
          ],
          "on_entry": [
            "@s krep:minimi_fire",
            "@s krep:minimirecoil_grip",
            "@s krep:minimirecoil_stock",
            "@s krep:minimifull",
            "/title @s actionbar \n------\n§l 24/100",
            "/playsound minimi.shoot @a[r=150]"
          ]
        },
        "delay.24": {
          "transitions": [
            {
              "minimi.24": "query.get_equipped_item_name=='minimi' && query.is_using_item"
            },
            {
              "reload": "query.get_equipped_item_name=='minimi_emp' && query.mark_variant == 3 && query.is_using_item"
            }
          ]
        },
        "minimi.24": {
          "animations": [
            "minimishoot"
          ],
          "transitions": [
            {
              "delay.23": "query.all_animations_finished"
            }
          ],
          "on_entry": [
            "@s krep:minimi_fire",
            "@s krep:minimirecoil_grip",
            "@s krep:minimirecoil_stock",
            "@s krep:minimifull",
            "/title @s actionbar \n------\n§l 23/100",
            "/playsound minimi.shoot @a[r=150]"
          ]
        },
        "delay.23": {
          "transitions": [
            {
              "minimi.23": "query.get_equipped_item_name=='minimi' && query.is_using_item"
            },
            {
              "reload": "query.get_equipped_item_name=='minimi_emp' && query.mark_variant == 3 && query.is_using_item"
            }
          ]
        },
        "minimi.23": {
          "animations": [
            "minimishoot"
          ],
          "transitions": [
            {
              "delay.22": "query.all_animations_finished"
            }
          ],
          "on_entry": [
            "@s krep:minimi_fire",
            "@s krep:minimirecoil_grip",
            "@s krep:minimirecoil_stock",
            "@s krep:minimifull",
            "/title @s actionbar \n------\n§l 22/100",
            "/playsound minimi.shoot @a[r=150]"
          ]
        },
        "delay.22": {
          "transitions": [
            {
              "minimi.22": "query.get_equipped_item_name=='minimi' && query.is_using_item"
            },
            {
              "reload": "query.get_equipped_item_name=='minimi_emp' && query.mark_variant == 3 && query.is_using_item"
            }
          ]
        },
        "minimi.22": {
          "animations": [
            "minimishoot"
          ],
          "transitions": [
            {
              "delay.21": "query.all_animations_finished"
            }
          ],
          "on_entry": [
            "@s krep:minimi_fire",
            "@s krep:minimirecoil_grip",
            "@s krep:minimirecoil_stock",
            "@s krep:minimifull",
            "/title @s actionbar \n------\n§l 21/100",
            "/playsound minimi.shoot @a[r=150]"
          ]
        },
        "delay.21": {
          "transitions": [
            {
              "minimi.21": "query.get_equipped_item_name=='minimi' && query.is_using_item"
            },
            {
              "reload": "query.get_equipped_item_name=='minimi_emp' && query.mark_variant == 3 && query.is_using_item"
            }
          ]
        },
        "minimi.21": {
          "animations": [
            "minimishoot"
          ],
          "transitions": [
            {
              "delay.20": "query.all_animations_finished"
            }
          ],
          "on_entry": [
            "@s krep:minimi_fire",
            "@s krep:minimirecoil_grip",
            "@s krep:minimirecoil_stock",
            "@s krep:minimifull",
            "/title @s actionbar \n------\n§l 20/100",
            "/playsound minimi.shoot @a[r=150]"
          ]
        },
        "delay.20": {
          "transitions": [
            {
              "minimi.20": "query.get_equipped_item_name=='minimi' && query.is_using_item"
            },
            {
              "reload": "query.get_equipped_item_name=='minimi_emp' && query.mark_variant == 3 && query.is_using_item"
            }
          ]
        },
        "minimi.20": {
          "animations": [
            "minimishoot"
          ],
          "transitions": [
            {
              "delay.19": "query.all_animations_finished"
            }
          ],
          "on_entry": [
            "@s krep:minimi_fire",
            "@s krep:minimirecoil_grip",
            "@s krep:minimirecoil_stock",
            "@s krep:minimifull",
            "/title @s actionbar \n------\n§l 19/100",
            "/playsound minimi.shoot @a[r=150]"
          ]
        },
        "delay.19": {
          "transitions": [
            {
              "minimi.19": "query.get_equipped_item_name=='minimi' && query.is_using_item"
            },
            {
              "reload": "query.get_equipped_item_name=='minimi_emp' && query.mark_variant == 3 && query.is_using_item"
            }
          ]
        },
        "minimi.19": {
          "animations": [
            "minimishoot"
          ],
          "transitions": [
            {
              "delay.18": "query.all_animations_finished"
            }
          ],
          "on_entry": [
            "@s krep:minimi_fire",
            "@s krep:minimirecoil_grip",
            "@s krep:minimirecoil_stock",
            "@s krep:minimifull",
            "/title @s actionbar \n------\n§l 18/100",
            "/playsound minimi.shoot @a[r=150]"
          ]
        },
        "delay.18": {
          "transitions": [
            {
              "minimi.18": "query.get_equipped_item_name=='minimi' && query.is_using_item"
            },
            {
              "reload": "query.get_equipped_item_name=='minimi_emp' && query.mark_variant == 3 && query.is_using_item"
            }
          ]
        },
        "minimi.18": {
          "animations": [
            "minimishoot"
          ],
          "transitions": [
            {
              "delay.17": "query.all_animations_finished"
            }
          ],
          "on_entry": [
            "@s krep:minimi_fire",
            "@s krep:minimirecoil_grip",
            "@s krep:minimirecoil_stock",
            "@s krep:minimifull",
            "/title @s actionbar \n------\n§l 17/100",
            "/playsound minimi.shoot @a[r=150]"
          ]
        },
        "delay.17": {
          "transitions": [
            {
              "minimi.17": "query.get_equipped_item_name=='minimi' && query.is_using_item"
            },
            {
              "reload": "query.get_equipped_item_name=='minimi_emp' && query.mark_variant == 3 && query.is_using_item"
            }
          ]
        },
        "minimi.17": {
          "animations": [
            "minimishoot"
          ],
          "transitions": [
            {
              "delay.16": "query.all_animations_finished"
            }
          ],
          "on_entry": [
            "@s krep:minimi_fire",
            "@s krep:minimirecoil_grip",
            "@s krep:minimirecoil_stock",
            "@s krep:minimifull",
            "/title @s actionbar \n------\n§l 16/100",
            "/playsound minimi.shoot @a[r=150]"
          ]
        },
        "delay.16": {
          "transitions": [
            {
              "minimi.16": "query.get_equipped_item_name=='minimi' && query.is_using_item"
            },
            {
              "reload": "query.get_equipped_item_name=='minimi_emp' && query.mark_variant == 3 && query.is_using_item"
            }
          ]
        },
        "minimi.16": {
          "animations": [
            "minimishoot"
          ],
          "transitions": [
            {
              "delay.15": "query.all_animations_finished"
            }
          ],
          "on_entry": [
            "@s krep:minimi_fire",
            "@s krep:minimirecoil_grip",
            "@s krep:minimirecoil_stock",
            "@s krep:minimifull",
            "/title @s actionbar \n------\n§l 15/100",
            "/playsound minimi.shoot @a[r=150]"
          ]
        },
        "delay.15": {
          "transitions": [
            {
              "minimi.15": "query.get_equipped_item_name=='minimi' && query.is_using_item"
            },
            {
              "reload": "query.get_equipped_item_name=='minimi_emp' && query.mark_variant == 3 && query.is_using_item"
            }
          ]
        },
        "minimi.15": {
          "animations": [
            "minimishoot"
          ],
          "transitions": [
            {
              "delay.14": "query.all_animations_finished"
            }
          ],
          "on_entry": [
            "@s krep:minimi_fire",
            "@s krep:minimirecoil_grip",
            "@s krep:minimirecoil_stock",
            "@s krep:minimifull",
            "/title @s actionbar \n------\n§l 14/100",
            "/playsound minimi.shoot @a[r=150]"
          ]
        },
        "delay.14": {
          "transitions": [
            {
              "minimi.14": "query.get_equipped_item_name=='minimi' && query.is_using_item"
            },
            {
              "reload": "query.get_equipped_item_name=='minimi_emp' && query.mark_variant == 3 && query.is_using_item"
            }
          ]
        },
        "minimi.14": {
          "animations": [
            "minimishoot"
          ],
          "transitions": [
            {
              "delay.13": "query.all_animations_finished"
            }
          ],
          "on_entry": [
            "@s krep:minimi_fire",
            "@s krep:minimirecoil_grip",
            "@s krep:minimirecoil_stock",
            "@s krep:minimifull",
            "/title @s actionbar \n------\n§l 13/100",
            "/playsound minimi.shoot @a[r=150]"
          ]
        },
        "delay.13": {
          "transitions": [
            {
              "minimi.13": "query.get_equipped_item_name=='minimi' && query.is_using_item"
            },
            {
              "reload": "query.get_equipped_item_name=='minimi_emp' && query.mark_variant == 3 && query.is_using_item"
            }
          ]
        },
        "minimi.13": {
          "animations": [
            "minimishoot"
          ],
          "transitions": [
            {
              "delay.12": "query.all_animations_finished"
            }
          ],
          "on_entry": [
            "@s krep:minimi_fire",
            "@s krep:minimirecoil_grip",
            "@s krep:minimirecoil_stock",
            "@s krep:minimifull",
            "/title @s actionbar \n------\n§l 12/100",
            "/playsound minimi.shoot @a[r=150]"
          ]
        },
        "delay.12": {
          "transitions": [
            {
              "minimi.12": "query.get_equipped_item_name=='minimi' && query.is_using_item"
            },
            {
              "reload": "query.get_equipped_item_name=='minimi_emp' && query.mark_variant == 3 && query.is_using_item"
            }
          ]
        },
        "minimi.12": {
          "animations": [
            "minimishoot"
          ],
          "transitions": [
            {
              "delay.11": "query.all_animations_finished"
            }
          ],
          "on_entry": [
            "@s krep:minimi_fire",
            "@s krep:minimirecoil_grip",
            "@s krep:minimirecoil_stock",
            "@s krep:minimifull",
            "/title @s actionbar \n------\n§l 11/100",
            "/playsound minimi.shoot @a[r=150]"
          ]
        },
        "delay.11": {
          "transitions": [
            {
              "minimi.11": "query.get_equipped_item_name=='minimi' && query.is_using_item"
            },
            {
              "reload": "query.get_equipped_item_name=='minimi_emp' && query.mark_variant == 3 && query.is_using_item"
            }
          ]
        },
        "minimi.11": {
          "animations": [
            "minimishoot"
          ],
          "transitions": [
            {
              "delay.10": "query.all_animations_finished"
            }
          ],
          "on_entry": [
            "@s krep:minimi_fire",
            "@s krep:minimirecoil_grip",
            "@s krep:minimirecoil_stock",
            "@s krep:minimifull",
            "/title @s actionbar \n------\n§l 10/100",
            "/playsound minimi.shoot @a[r=150]"
          ]
        },
        "delay.10": {
          "transitions": [
            {
              "minimi.10": "query.get_equipped_item_name=='minimi' && query.is_using_item"
            },
            {
              "reload": "query.get_equipped_item_name=='minimi_emp' && query.mark_variant == 3 && query.is_using_item"
            }
          ]
        },
        "minimi.10": {
          "animations": [
            "minimishoot"
          ],
          "transitions": [
            {
              "delay.9": "query.all_animations_finished"
            }
          ],
          "on_entry": [
            "@s krep:minimi_fire",
            "@s krep:minimifull",
            "@s krep:minimirecoil_grip",
            "@s krep:minimirecoil_stock",
            "/title @s actionbar \n------\n§l 9/100",
            "/playsound minimi.shoot @a[r=150]"
          ]
        },
        "delay.9": {
          "transitions": [
            {
              "minimi.9": "query.get_equipped_item_name=='minimi' && query.is_using_item"
            },
            {
              "reload": "query.get_equipped_item_name=='minimi_emp' && query.mark_variant == 3 && query.is_using_item"
            }
          ]
        },
        "minimi.9": {
          "animations": [
            "minimishoot"
          ],
          "transitions": [
            {
              "delay.8": "query.all_animations_finished"
            }
          ],
          "on_entry": [
            "@s krep:minimi_fire",
            "@s krep:minimi_8",
            "@s krep:minimirecoil_grip",
            "@s krep:minimirecoil_stock",
            "/title @s actionbar \n------\n§l 8/100",
            "/playsound minimi.shoot @a[r=150]"
          ]
        },
        "delay.8": {
          "transitions": [
            {
              "minimi.8": "query.get_equipped_item_name=='minimi' && query.is_using_item"
            },
            {
              "reload": "query.get_equipped_item_name=='minimi_emp' && query.mark_variant == 3 && query.is_using_item"
            }
          ]
        },
        "minimi.8": {
          "animations": [
            "minimishoot"
          ],
          "transitions": [
            {
              "delay.7": "query.all_animations_finished"
            }
          ],
          "on_entry": [
            "@s krep:minimi_fire",
            "@s krep:minimirecoil_grip",
            "@s krep:minimirecoil_stock",
            "@s krep:minimi_7",
            "/title @s actionbar \n------\n§l 7/100",
            "/playsound minimi.shoot @a[r=150]"
          ]
        },
        "delay.7": {
          "transitions": [
            {
              "minimi.7": "query.get_equipped_item_name=='minimi' && query.is_using_item"
            },
            {
              "reload": "query.get_equipped_item_name=='minimi_emp' && query.mark_variant == 3 && query.is_using_item"
            }
          ]
        },
        "minimi.7": {
          "animations": [
            "minimishoot"
          ],
          "transitions": [
            {
              "delay.6": "query.all_animations_finished"
            }
          ],
          "on_entry": [
            "@s krep:minimi_fire",
            "@s krep:minimirecoil_grip",
            "@s krep:minimirecoil_stock",
            "@s krep:minimi_6",
            "/title @s actionbar \n------\n§l 6/100",
            "/playsound minimi.shoot @a[r=150]"
          ]
        },
        "delay.6": {
          "transitions": [
            {
              "minimi.6": "query.get_equipped_item_name=='minimi' && query.is_using_item"
            },
            {
              "reload": "query.get_equipped_item_name=='minimi_emp' && query.mark_variant == 3 && query.is_using_item"
            }
          ]
        },
        "minimi.6": {
          "animations": [
            "minimishoot"
          ],
          "transitions": [
            {
              "delay.5": "query.all_animations_finished"
            }
          ],
          "on_entry": [
            "@s krep:minimi_fire",
            "@s krep:minimirecoil_grip",
            "@s krep:minimirecoil_stock",
            "@s krep:minimi_5",
            "/title @s actionbar \n------\n§l 5/100",
            "/playsound minimi.shoot @a[r=150]"
          ]
        },
        "delay.5": {
          "transitions": [
            {
              "minimi.5": "query.get_equipped_item_name=='minimi' && query.is_using_item"
            },
            {
              "reload": "query.get_equipped_item_name=='minimi_emp' && query.mark_variant == 3 && query.is_using_item"
            }
          ]
        },
        "minimi.5": {
          "animations": [
            "minimishoot"
          ],
          "transitions": [
            {
              "delay.4": "query.all_animations_finished"
            }
          ],
          "on_entry": [
            "@s krep:minimi_fire",
            "@s krep:minimirecoil_grip",
            "@s krep:minimirecoil_stock",
            "@s krep:minimi_4",
            "/title @s actionbar \n------\n§l 4/100",
            "/playsound minimi.shoot @a[r=150]"
          ]
        },
        "delay.4": {
          "transitions": [
            {
              "minimi.4": "query.get_equipped_item_name=='minimi' && query.is_using_item"
            },
            {
              "reload": "query.get_equipped_item_name=='minimi_emp' && query.mark_variant == 3 && query.is_using_item"
            }
          ]
        },
        "minimi.4": {
          "animations": [
            "minimishoot"
          ],
          "transitions": [
            {
              "delay.3": "query.all_animations_finished"
            }
          ],
          "on_entry": [
            "@s krep:minimi_fire",
            "@s krep:minimirecoil_grip",
            "@s krep:minimirecoil_stock",
            "@s krep:minimi_3",
            "/title @s actionbar \n------\n§l 3/100",
            "/playsound minimi.shoot @a[r=150]"
          ]
        },
        "delay.3": {
          "transitions": [
            {
              "minimi.3": "query.get_equipped_item_name=='minimi' && query.is_using_item"
            },
            {
              "reload": "query.get_equipped_item_name=='minimi_emp' && query.mark_variant == 3 && query.is_using_item"
            }
          ]
        },
        "minimi.3": {
          "animations": [
            "minimishoot"
          ],
          "transitions": [
            {
              "delay.2": "query.all_animations_finished"
            }
          ],
          "on_entry": [
            "@s krep:minimi_fire",
            "@s krep:minimirecoil_grip",
            "@s krep:minimirecoil_stock",
            "@s krep:minimi_2",
            "/title @s actionbar \n------\n§l 2/100",
            "/playsound minimi.shoot @a[r=150]"
          ]
        },
        "delay.2": {
          "transitions": [
            {
              "minimi.2": "query.get_equipped_item_name=='minimi' && query.is_using_item"
            },
            {
              "reload": "query.get_equipped_item_name=='minimi_emp' && query.mark_variant == 3 && query.is_using_item"
            }
          ]
        },
        "minimi.2": {
          "animations": [
            "minimishoot"
          ],
          "transitions": [
            {
              "delay.1": "query.all_animations_finished"
            }
          ],
          "on_entry": [
            "@s krep:minimi_fire",
            "@s krep:minimirecoil_grip",
            "@s krep:minimirecoil_stock",
            "@s krep:minimi_1",
            "/title @s actionbar \n------\n§l 1/100",
            "/playsound minimi.shoot @a[r=150]"
          ]
        },
        "delay.1": {
          "transitions": [
            {
              "minimi.1": "query.get_equipped_item_name=='minimi' && query.is_using_item"
            },
            {
              "reload": "query.get_equipped_item_name=='minimi_emp' && query.mark_variant == 3 && query.is_using_item"
            }
          ]
        },
        "minimi.1": {
          "animations": [
            "minimishoot"
          ],
          "transitions": [
            {
              "minimi.0": "query.all_animations_finished"
            }
          ],
          "on_entry": [
            "@s krep:minimi_fire",
            "@s krep:minimirecoil_grip",
            "@s krep:minimirecoil_stock",
            "/replaceitem entity @p slot.weapon.mainhand 0 krep:minimi_emp 1 0",
            "/title @s actionbar \n------\n§l 0/100",
            "/playsound minimi.shoot @a[r=150]"
          ]
        },
        "delay.0": {
           "on_entry": [
            "/replaceitem entity @s slot.weapon.mainhand 0 krep:minimi_emp 1 0",
            "@s krep:miniminoammo"
          ],
          "transitions": [
            {
              "minimi.0": "query.get_equipped_item_name=='minimi_emp' && !query.is_using_item"
            }
          ]
        },
        "minimi.0": {
          "on_entry": [
            "@s krep:miniminoammo"
          ],
          "transitions": [
            {
              "setup": "query.get_equipped_item_name=='minimi'"
            },
            {
              "reload": "query.get_equipped_item_name=='minimi_emp' && query.mark_variant == 3 && query.is_using_item"
            }
          ]
        },
        "reload": {
          "animations": [
            {
              "minimireload": "query.get_equipped_item_name('main_hand')=='minimi_emp' || query.get_equipped_item_name('main_hand')=='minimi'"
            }
          ],
          "on_entry": [
            "@s krep:reload"
          ],
          "on_exit": [
            "@s krep:noreload"
          ],
          "transitions": [
            {
              "minimi.0": "query.get_equipped_item_name!='minimi_emp'"
            },
            {
               "setup": "query.get_equipped_item_name('main_hand')=='minimi'"
            }
          ]
        }
      }
    }
  }
}